seq,send_time,recv_time,heart_rate,label,delay
1,1770750297.3660588,1770750297.4163089,66,NORMAL,0.05025005340576172
2,1770750297.382799,1770750297.433076,65,NORMAL,0.050276994705200195
3,1770750297.400134,1770750297.4503405,73,NORMAL,0.05020642280578613
4,1770750297.4236958,1770750297.4740608,63,NORMAL,0.05036497116088867
5,1770750297.4500532,1770750297.5003428,127,CRITICAL,0.05028963088989258
6,1770750297.4764647,1770750297.526942,130,CRITICAL,0.05047726631164551
8,1770750297.527103,1770750297.577478,114,ALERT,0.05037498474121094
9,1770750297.5501134,1770750297.6003387,116,ALERT,0.050225257873535156
10,1770750297.5671954,1770750297.6176376,115,ALERT,0.05044221878051758
11,1770750297.582619,1770750297.6332185,116,ALERT,0.05059957504272461
12,1770750297.5991576,1770750297.652844,124,CRITICAL,0.05368638038635254
14,1770750297.6439302,1770750297.69434,115,ALERT,0.050409793853759766
15,1770750297.6663165,1770750297.71684,130,CRITICAL,0.05052351951599121
16,1770750297.6837199,1770750297.7340236,116,ALERT,0.05030369758605957
18,1770750297.7317107,1770750297.7821753,121,CRITICAL,0.050464630126953125
19,1770750297.7547498,1770750297.8050191,119,ALERT,0.050269365310668945
21,1770750297.8036945,1770750297.8542612,129,CRITICAL,0.050566673278808594
22,1770750297.8277457,1770750297.8781822,119,ALERT,0.05043649673461914
23,1770750297.857765,1770750297.907921,119,ALERT,0.0501561164855957
24,1770750297.8781166,1770750297.9283907,111,ALERT,0.05027413368225098
25,1770750297.9031475,1770750297.9536178,111,ALERT,0.05047035217285156
26,1770750297.9246666,1770750297.975123,127,CRITICAL,0.05045628547668457
28,1770750297.9750984,1770750298.0254698,123,CRITICAL,0.050371408462524414
29,1770750297.9956455,1770750298.0460634,112,ALERT,0.05041790008544922
30,1770750298.0216694,1770750298.0718267,110,ALERT,0.05015730857849121
31,1770750298.0464616,1770750298.0967355,117,ALERT,0.050273895263671875
32,1770750298.0685523,1770750298.1188922,124,CRITICAL,0.05033993721008301
34,1770750298.1181872,1770750298.168436,128,CRITICAL,0.05024886131286621
35,1770750298.1428316,1770750298.1932516,116,ALERT,0.05042004585266113
36,1770750298.1646035,1770750298.2153518,118,ALERT,0.050748348236083984
37,1770750298.189866,1770750298.2400823,121,CRITICAL,0.0502161979675293
39,1770750298.2455423,1770750298.2958512,121,CRITICAL,0.050308942794799805
40,1770750298.2688847,1770750298.319333,122,CRITICAL,0.05044841766357422
41,1770750298.295815,1770750298.3461974,123,CRITICAL,0.050382375717163086
42,1770750298.3207808,1770750298.3714073,124,CRITICAL,0.050626516342163086
44,1770750298.3681355,1770750298.4186575,117,ALERT,0.0505220890045166
45,1770750298.3890657,1770750298.4396925,126,CRITICAL,0.05062675476074219
46,1770750298.4077127,1770750298.45828,118,ALERT,0.0505673885345459
47,1770750298.4295435,1770750298.479856,119,ALERT,0.05031251907348633
48,1770750298.454504,1770750298.504745,126,CRITICAL,0.05024099349975586
49,1770750298.4755788,1770750298.526132,110,ALERT,0.050553321838378906
50,1770750298.4996865,1770750298.5500684,126,CRITICAL,0.05038189888000488
51,1770750298.5143013,1770750298.5646565,111,ALERT,0.05035519599914551
52,1770750298.5405903,1770750298.591049,125,CRITICAL,0.050458669662475586
53,1770750298.5597951,1770750298.6103778,120,ALERT,0.0505826473236084
54,1770750298.5768538,1770750298.6274128,123,CRITICAL,0.050559043884277344
55,1770750298.5920248,1770750298.6442037,124,CRITICAL,0.05217885971069336
56,1770750298.6158028,1770750298.6728783,123,CRITICAL,0.05707550048828125
57,1770750298.6442988,1770750298.6983924,111,ALERT,0.05409359931945801
59,1770750298.699681,1770750298.750147,116,ALERT,0.050466060638427734
61,1770750298.7572317,1770750298.8077497,114,ALERT,0.050518035888671875
62,1770750298.7882457,1770750298.8387065,122,CRITICAL,0.0504608154296875
63,1770750298.8169193,1770750298.8675714,117,ALERT,0.05065202713012695
64,1770750298.843705,1770750298.8941958,119,ALERT,0.0504908561706543
66,1770750298.8999798,1770750298.9504893,127,CRITICAL,0.05050945281982422
67,1770750298.9276514,1770750298.9780536,118,ALERT,0.050402164459228516
68,1770750298.9557745,1770750299.0062284,119,ALERT,0.050453901290893555
69,1770750298.98445,1770750299.0349557,110,ALERT,0.050505638122558594
70,1770750299.0109289,1770750299.0613158,121,CRITICAL,0.050386905670166016
71,1770750299.0397613,1770750299.09033,116,ALERT,0.050568580627441406
72,1770750299.063034,1770750299.1133907,111,ALERT,0.05035662651062012
73,1770750299.0810516,1770750299.1328793,124,CRITICAL,0.05182766914367676
74,1770750299.0956993,1770750299.1470628,130,CRITICAL,0.051363468170166016
75,1770750299.1214259,1770750299.1718109,122,CRITICAL,0.0503849983215332
76,1770750299.1380103,1770750299.1896696,116,ALERT,0.051659345626831055
77,1770750299.1549735,1770750299.2059228,126,CRITICAL,0.0509493350982666
78,1770750299.1804624,1770750299.2315016,128,CRITICAL,0.05103921890258789
79,1770750299.20633,1770750299.2570832,127,CRITICAL,0.050753116607666016
80,1770750299.2315269,1770750299.2821639,118,ALERT,0.050637006759643555
81,1770750299.2569895,1770750299.3091543,111,ALERT,0.05216479301452637
82,1770750299.2819686,1770750299.3326368,114,ALERT,0.05066823959350586
84,1770750299.332977,1770750299.3833315,123,CRITICAL,0.0503544807434082
85,1770750299.3571107,1770750299.4074757,125,CRITICAL,0.05036497116088867
86,1770750299.3822367,1770750299.4325156,129,CRITICAL,0.05027890205383301
87,1770750299.4074147,1770750299.457774,126,CRITICAL,0.050359249114990234
88,1770750299.4281392,1770750299.4786174,124,CRITICAL,0.050478219985961914
90,1770750299.4795449,1770750299.5298445,125,CRITICAL,0.050299644470214844
91,1770750299.5049949,1770750299.5552044,116,ALERT,0.05020952224731445
92,1770750299.528561,1770750299.5792239,126,CRITICAL,0.05066275596618652
93,1770750299.5542252,1770750299.6045291,116,ALERT,0.05030393600463867
94,1770750299.5740952,1770750299.6243827,110,ALERT,0.050287485122680664
95,1770750299.599764,1770750299.6501217,114,ALERT,0.05035758018493652
96,1770750299.6251636,1770750299.6758237,126,CRITICAL,0.050660133361816406
97,1770750299.6418076,1770750299.6919966,127,CRITICAL,0.05018901824951172
99,1770750299.6844683,1770750299.7350373,115,ALERT,0.05056905746459961
101,1770750299.7310379,1770750299.7814133,110,ALERT,0.05037546157836914
102,1770750299.755165,1770750299.8055015,118,ALERT,0.050336360931396484
103,1770750299.7782984,1770750299.8286228,124,CRITICAL,0.050324440002441406
104,1770750299.8020668,1770750299.852356,130,CRITICAL,0.050289154052734375
105,1770750299.827708,1770750299.8781261,129,CRITICAL,0.05041813850402832
107,1770750299.8785045,1770750299.9288845,116,ALERT,0.05037999153137207
108,1770750299.9043224,1770750299.954923,129,CRITICAL,0.050600528717041016
109,1770750299.9244218,1770750299.9748864,128,CRITICAL,0.050464630126953125
110,1770750299.9506285,1770750300.0009685,126,CRITICAL,0.05033993721008301
111,1770750299.9774482,1770750300.027787,129,CRITICAL,0.0503387451171875
112,1770750299.9985704,1770750300.0490005,127,CRITICAL,0.0504300594329834
113,1770750300.0196986,1770750300.0700953,125,CRITICAL,0.05039668083190918
114,1770750300.0449543,1770750300.0951793,121,CRITICAL,0.050225019454956055
115,1770750300.0679028,1770750300.118273,118,ALERT,0.050370216369628906
116,1770750300.0947168,1770750300.1450782,118,ALERT,0.05036139488220215
117,1770750300.1212633,1770750300.1718652,122,CRITICAL,0.050601959228515625
118,1770750300.1475823,1770750300.1979983,127,CRITICAL,0.050415992736816406
120,1770750300.198497,1770750300.2487419,127,CRITICAL,0.050244808197021484
121,1770750300.22365,1770750300.2741141,129,CRITICAL,0.05046415328979492
122,1770750300.248327,1770750300.2989256,118,ALERT,0.0505986213684082
123,1770750300.2637117,1770750300.3142376,110,ALERT,0.05052590370178223
126,1770750300.3298116,1770750300.3801286,121,CRITICAL,0.05031704902648926
128,1770750300.3826208,1770750300.4330206,125,CRITICAL,0.0503997802734375
129,1770750300.4088624,1770750300.4593966,118,ALERT,0.05053424835205078
130,1770750300.4369762,1770750300.4875395,123,CRITICAL,0.05056333541870117
131,1770750300.4634728,1770750300.5138714,129,CRITICAL,0.05039858818054199
133,1770750300.5112028,1770750300.5615866,116,ALERT,0.050383806228637695
135,1770750300.55763,1770750300.607811,121,CRITICAL,0.050180912017822266
136,1770750300.5853543,1770750300.635803,121,CRITICAL,0.05044865608215332
137,1770750300.6121876,1770750300.662699,129,CRITICAL,0.05051136016845703
138,1770750300.6388395,1770750300.689152,125,CRITICAL,0.05031251907348633
140,1770750300.687241,1770750300.7377164,111,ALERT,0.050475358963012695
141,1770750300.7077045,1770750300.7579105,114,ALERT,0.05020594596862793
142,1770750300.7350698,1770750300.785453,122,CRITICAL,0.05038332939147949
143,1770750300.7576494,1770750300.8078299,124,CRITICAL,0.05018043518066406
144,1770750300.771006,1770750300.821485,118,ALERT,0.05047893524169922
145,1770750300.7901142,1770750300.8404107,115,ALERT,0.05029654502868652
146,1770750300.8156939,1770750300.8661308,129,CRITICAL,0.050436973571777344
147,1770750300.840286,1770750300.890761,126,CRITICAL,0.05047488212585449
148,1770750300.8560479,1770750300.9066057,129,CRITICAL,0.050557851791381836
149,1770750300.870619,1770750300.9276412,128,CRITICAL,0.0570220947265625
150,1770750300.894249,1770750300.9556136,117,ALERT,0.06136465072631836
151,1770750300.9137106,1770750300.9809167,114,ALERT,0.06720614433288574
152,1770750300.9397984,1770750301.0062063,130,CRITICAL,0.06640791893005371
153,1770750300.9656801,1770750301.033547,117,ALERT,0.06786680221557617
154,1770750300.9910748,1770750301.0652883,118,ALERT,0.07421350479125977
155,1770750301.0170534,1770750301.0939386,121,CRITICAL,0.07688522338867188
157,1770750301.0691702,1770750301.1197288,127,CRITICAL,0.05055856704711914
158,1770750301.0993671,1770750301.1498272,125,CRITICAL,0.050460100173950195
159,1770750301.1196191,1770750301.177844,121,CRITICAL,0.05822491645812988
160,1770750301.142573,1770750301.2060316,110,ALERT,0.06345844268798828
161,1770750301.1637366,1770750301.2289493,126,CRITICAL,0.06521272659301758
162,1770750301.1903484,1770750301.2562094,128,CRITICAL,0.06586098670959473
163,1770750301.2149813,1770750301.281505,113,ALERT,0.06652379035949707
164,1770750301.2394612,1770750301.3077185,119,ALERT,0.06825733184814453
165,1770750301.266484,1770750301.3244727,116,ALERT,0.057988643646240234
166,1770750301.291649,1770750301.3421178,114,ALERT,0.05046868324279785
167,1770750301.3179219,1770750301.3688743,116,ALERT,0.05095243453979492
168,1770750301.3349843,1770750301.3856468,119,ALERT,0.05066251754760742
169,1770750301.3575373,1770750301.4077876,118,ALERT,0.05025029182434082
170,1770750301.383691,1770750301.434126,113,ALERT,0.05043482780456543
172,1770750301.419771,1770750301.47046,124,CRITICAL,0.050688982009887695
173,1770750301.4378755,1770750301.488142,129,CRITICAL,0.05026650428771973
175,1770750301.4783268,1770750301.5287316,123,CRITICAL,0.05040478706359863
176,1770750301.5027955,1770750301.5532434,116,ALERT,0.050447940826416016
177,1770750301.530866,1770750301.581206,120,ALERT,0.05034017562866211
178,1770750301.5553272,1770750301.6057718,116,ALERT,0.050444602966308594
180,1770750301.6066003,1770750301.6568372,121,CRITICAL,0.05023694038391113
182,1770750301.6558444,1770750301.7062619,118,ALERT,0.050417423248291016
183,1770750301.6782794,1770750301.728581,110,ALERT,0.050301551818847656
184,1770750301.7032523,1770750301.7536097,117,ALERT,0.05035734176635742
185,1770750301.7250974,1770750301.7756736,128,CRITICAL,0.050576210021972656
186,1770750301.7458813,1770750301.7960463,112,ALERT,0.05016493797302246
187,1770750301.7704506,1770750301.8208492,110,ALERT,0.05039858818054199
188,1770750301.796748,1770750301.847344,110,ALERT,0.050595998764038086
189,1770750301.819823,1770750301.8723955,130,CRITICAL,0.05257248878479004
190,1770750301.8498898,1770750301.9001336,113,ALERT,0.05024385452270508
191,1770750301.8763003,1770750301.9268043,111,ALERT,0.05050396919250488
193,1770750301.9145648,1770750301.9648707,125,CRITICAL,0.050305843353271484
194,1770750301.9296863,1770750301.9798822,120,ALERT,0.050195932388305664
195,1770750301.9571595,1770750302.007883,115,ALERT,0.05072355270385742
196,1770750301.9760704,1770750302.0265896,124,CRITICAL,0.05051922798156738
198,1770750302.014187,1770750302.0645566,125,CRITICAL,0.0503695011138916
199,1770750302.04051,1770750302.0912886,117,ALERT,0.05077862739562988
200,1770750302.0586808,1770750302.1090293,128,CRITICAL,0.050348520278930664
201,1770750302.0820372,1770750302.1322563,121,CRITICAL,0.050219058990478516
203,1770750302.1369672,1770750302.1875064,110,ALERT,0.050539255142211914
204,1770750302.1611116,1770750302.2120595,123,CRITICAL,0.05094790458679199
205,1770750302.1836748,1770750302.2357922,114,ALERT,0.052117347717285156
206,1770750302.2000513,1770750302.2515457,119,ALERT,0.05149435997009277
207,1770750302.2246742,1770750302.2769413,110,ALERT,0.05226707458496094
2,1770750678.0280893,1770750678.0783534,62,NORMAL,0.05026412010192871
3,1770750678.055367,1770750678.1058662,73,NORMAL,0.05049920082092285
4,1770750678.0771244,1770750678.1275108,79,NORMAL,0.05038642883300781
5,1770750678.1075237,1770750678.1579916,120,ALERT,0.05046796798706055
6,1770750678.1274858,1770750678.1779866,111,ALERT,0.05050086975097656
7,1770750678.1551933,1770750678.2056818,117,ALERT,0.05048847198486328
8,1770750678.1781485,1770750678.2284522,123,CRITICAL,0.05030369758605957
9,1770750678.1968737,1770750678.2473571,122,CRITICAL,0.05048346519470215
10,1770750678.2163782,1770750678.267004,113,ALERT,0.05062580108642578
11,1770750678.2378888,1770750678.2881892,110,ALERT,0.05030035972595215
12,1770750678.2591937,1770750678.3126068,112,ALERT,0.05341315269470215
13,1770750678.2833667,1770750678.3391383,122,CRITICAL,0.055771589279174805
14,1770750678.307674,1770750678.368433,112,ALERT,0.06075906753540039
15,1770750678.3307288,1770750678.3933809,123,CRITICAL,0.0626521110534668
17,1770750678.379179,1770750678.4296074,117,ALERT,0.05042839050292969
18,1770750678.402606,1770750678.4529126,112,ALERT,0.05030655860900879
19,1770750678.4270942,1770750678.4774354,115,ALERT,0.050341129302978516
20,1770750678.4519815,1770750678.5024254,119,ALERT,0.05044388771057129
21,1770750678.479036,1770750678.5294652,110,ALERT,0.05042910575866699
22,1770750678.5028987,1770750678.5533912,122,CRITICAL,0.05049252510070801
23,1770750678.524229,1770750678.5745807,116,ALERT,0.050351619720458984
24,1770750678.5488489,1770750678.5993347,119,ALERT,0.050485849380493164
25,1770750678.5732868,1770750678.6340523,115,ALERT,0.06076550483703613
26,1770750678.5922,1770750678.659062,128,CRITICAL,0.06686186790466309
27,1770750678.6142473,1770750678.756461,118,ALERT,0.1422135829925537
28,1770750678.63513,1770750678.7996445,128,CRITICAL,0.16451454162597656
29,1770750678.6583307,1770750678.839074,113,ALERT,0.18074321746826172
30,1770750678.6833048,1770750678.8820496,115,ALERT,0.1987447738647461
31,1770750678.7062852,1770750678.9261963,125,CRITICAL,0.2199110984802246
32,1770750678.7302153,1770750678.971234,122,CRITICAL,0.24101877212524414
33,1770750678.7506034,1770750679.0372026,127,CRITICAL,0.28659915924072266
34,1770750678.7731714,1770750679.0837238,112,ALERT,0.31055235862731934
35,1770750678.7991323,1770750679.1429636,123,CRITICAL,0.34383130073547363
36,1770750678.8232665,1770750679.1586096,110,ALERT,0.3353431224822998
37,1770750678.8491492,1770750679.1839387,118,ALERT,0.334789514541626
38,1770750678.8747704,1770750679.201947,128,CRITICAL,0.327176570892334
39,1770750678.899003,1770750679.2191825,114,ALERT,0.32017946243286133
40,1770750678.9250846,1770750679.239935,119,ALERT,0.3148503303527832
41,1770750678.9547067,1770750679.2686126,114,ALERT,0.3139059543609619
42,1770750678.9820368,1770750679.2924871,111,ALERT,0.31045031547546387
43,1770750679.0077806,1770750679.3156524,126,CRITICAL,0.30787181854248047
44,1770750679.0375636,1770750679.3446517,112,ALERT,0.30708813667297363
48,1770750679.1311724,1770750679.370348,128,CRITICAL,0.23917555809020996
49,1770750679.156251,1770750679.3946304,124,CRITICAL,0.23837947845458984
50,1770750679.1720045,1770750679.423528,129,CRITICAL,0.251523494720459
51,1770750679.1937816,1770750679.458383,129,CRITICAL,0.264601469039917
52,1770750679.211982,1770750679.4926715,118,ALERT,0.2806894779205322
54,1770750679.2444305,1770750679.5197177,122,CRITICAL,0.2752871513366699
55,1770750679.2710044,1770750679.5476117,123,CRITICAL,0.2766072750091553
57,1770750679.3248248,1770750679.572784,124,CRITICAL,0.24795913696289062
58,1770750679.3510444,1770750679.5995827,116,ALERT,0.24853825569152832
59,1770750679.3706946,1770750679.6278381,118,ALERT,0.257143497467041
60,1770750679.393495,1770750679.6558034,125,CRITICAL,0.26230835914611816
62,1770750679.448583,1770750679.6831264,125,CRITICAL,0.2345435619354248
63,1770750679.4758124,1770750679.7105205,116,ALERT,0.23470807075500488
64,1770750679.5071688,1770750679.7306986,113,ALERT,0.22352981567382812
65,1770750679.5315707,1770750679.7522924,119,ALERT,0.22072172164916992
67,1770750679.5827405,1770750679.7800038,112,ALERT,0.19726324081420898
68,1770750679.6090372,1770750679.7992208,119,ALERT,0.1901836395263672
69,1770750679.6311243,1770750679.8149192,118,ALERT,0.18379497528076172
70,1770750679.6562002,1770750679.8412821,120,ALERT,0.18508195877075195
71,1770750679.6792986,1770750679.865601,118,ALERT,0.18630242347717285
72,1770750679.7067287,1770750679.8944685,110,ALERT,0.18773984909057617
73,1770750679.731683,1770750679.9168673,118,ALERT,0.18518424034118652
74,1770750679.7533457,1770750679.939591,118,ALERT,0.18624520301818848
75,1770750679.780073,1770750679.9633076,116,ALERT,0.18323469161987305
76,1770750679.7988145,1770750679.9935887,111,ALERT,0.19477415084838867
77,1770750679.815959,1770750680.0258384,126,CRITICAL,0.20987939834594727
78,1770750679.832672,1770750680.052675,126,CRITICAL,0.2200028896331787
79,1770750679.859165,1770750680.0855527,125,CRITICAL,0.22638773918151855
81,1770750679.90523,1770750680.1202195,110,ALERT,0.21498942375183105
82,1770750679.9273014,1770750680.151425,111,ALERT,0.22412347793579102
83,1770750679.9484267,1770750680.171783,120,ALERT,0.2233562469482422
84,1770750679.9742234,1770750680.2020357,118,ALERT,0.2278122901916504
85,1770750680.0010028,1770750680.232901,119,ALERT,0.23189830780029297
86,1770750680.0303733,1770750680.2571952,121,CRITICAL,0.2268218994140625
87,1770750680.0564225,1770750680.2829595,123,CRITICAL,0.22653698921203613
88,1770750680.0843356,1770750680.3002713,112,ALERT,0.21593570709228516
89,1770750680.1113005,1770750680.3156106,110,ALERT,0.20431017875671387
90,1770750680.1380775,1770750680.340763,117,ALERT,0.20268559455871582
91,1770750680.1656475,1770750680.369815,115,ALERT,0.20416760444641113
92,1770750680.181901,1770750680.387056,110,ALERT,0.2051551342010498
93,1770750680.2048995,1770750680.404752,110,ALERT,0.19985246658325195
94,1770750680.233591,1770750680.431322,110,ALERT,0.19773101806640625
95,1770750680.2607403,1770750680.4592557,110,ALERT,0.1985154151916504
96,1770750680.28671,1770750680.4830678,110,ALERT,0.19635772705078125
97,1770750680.3103209,1770750680.5084183,112,ALERT,0.19809746742248535
98,1770750680.3308203,1770750680.5333302,125,CRITICAL,0.20250988006591797
100,1770750680.3750746,1770750680.5597873,125,CRITICAL,0.18471264839172363
101,1770750680.3911235,1770750680.5885758,120,ALERT,0.19745230674743652
102,1770750680.409605,1770750680.6137495,116,ALERT,0.20414447784423828
103,1770750680.4327197,1770750680.6433043,125,CRITICAL,0.2105846405029297
104,1770750680.4622464,1770750680.66871,126,CRITICAL,0.20646357536315918
106,1770750680.5180914,1770750680.6973696,116,ALERT,0.17927813529968262
107,1770750680.5420883,1770750680.7240214,113,ALERT,0.18193316459655762
108,1770750680.5632582,1770750680.7536976,123,CRITICAL,0.19043946266174316
109,1770750680.5879788,1770750680.7801785,124,CRITICAL,0.19219970703125
110,1770750680.612747,1770750680.8076918,113,ALERT,0.1949448585510254
111,1770750680.6386855,1770750680.8355217,112,ALERT,0.19683623313903809
112,1770750680.6654801,1770750680.8635776,130,CRITICAL,0.19809746742248535
113,1770750680.6912787,1770750680.8893673,130,CRITICAL,0.1980886459350586
114,1770750680.7138214,1770750680.9117005,110,ALERT,0.19787907600402832
115,1770750680.7351866,1770750680.9289684,110,ALERT,0.19378185272216797
116,1770750680.7632332,1770750680.9555347,113,ALERT,0.19230151176452637
117,1770750680.7884102,1770750680.9794693,112,ALERT,0.19105911254882812
119,1770750680.8358164,1770750681.000687,128,CRITICAL,0.1648705005645752
120,1770750680.8616066,1770750681.0261352,119,ALERT,0.16452860832214355
121,1770750680.882154,1770750681.0551224,113,ALERT,0.17296838760375977
122,1770750680.9067128,1770750681.0860991,121,CRITICAL,0.17938637733459473
123,1770750680.9198878,1770750681.1137593,117,ALERT,0.19387149810791016
124,1770750680.936901,1770750681.1352358,115,ALERT,0.1983346939086914
125,1770750680.9613833,1770750681.1569088,119,ALERT,0.1955254077911377
126,1770750680.9823737,1770750681.1889498,124,CRITICAL,0.20657610893249512
127,1770750680.9991915,1770750681.2153292,114,ALERT,0.21613764762878418
128,1770750681.0172174,1770750681.2448027,125,CRITICAL,0.2275853157043457
129,1770750681.043414,1770750681.2663016,121,CRITICAL,0.22288751602172852
130,1770750681.0688782,1770750681.2902231,126,CRITICAL,0.2213449478149414
131,1770750681.0954332,1770750681.3169754,111,ALERT,0.2215421199798584
132,1770750681.121893,1770750681.3448548,123,CRITICAL,0.2229619026184082
134,1770750681.1674926,1770750681.4054747,113,ALERT,0.23798203468322754
135,1770750681.197405,1770750681.4304872,125,CRITICAL,0.23308205604553223
136,1770750681.2233925,1770750681.4589403,130,CRITICAL,0.23554778099060059
137,1770750681.2512891,1770750681.4808502,117,ALERT,0.22956109046936035
138,1770750681.2751222,1770750681.4987178,130,CRITICAL,0.22359561920166016
139,1770750681.2992792,1770750681.523955,128,CRITICAL,0.22467589378356934
140,1770750681.3256607,1770750681.5558536,117,ALERT,0.2301928997039795
141,1770750681.3526657,1770750681.5723445,128,CRITICAL,0.2196788787841797
142,1770750681.3792095,1770750681.5906262,112,ALERT,0.21141672134399414
143,1770750681.4060535,1770750681.6153653,124,CRITICAL,0.20931172370910645
144,1770750681.432693,1770750681.6406705,124,CRITICAL,0.2079775333404541
145,1770750681.454397,1770750681.6704493,110,ALERT,0.21605229377746582
146,1770750681.477816,1770750681.69753,120,ALERT,0.21971392631530762
147,1770750681.5008864,1770750681.7254329,125,CRITICAL,0.2245464324951172
148,1770750681.5179157,1770750681.7476974,122,CRITICAL,0.2297816276550293
149,1770750681.5432036,1770750681.7735505,128,CRITICAL,0.2303469181060791
150,1770750681.567179,1770750681.797966,113,ALERT,0.23078703880310059
151,1770750681.582288,1770750681.821759,123,CRITICAL,0.2394709587097168
152,1770750681.6027262,1770750681.845883,111,ALERT,0.24315667152404785
153,1770750681.6287682,1770750681.8691459,124,CRITICAL,0.24037766456604004
154,1770750681.6552176,1770750681.89468,113,ALERT,0.23946237564086914
155,1770750681.6825943,1770750681.9212947,118,ALERT,0.23870038986206055
156,1770750681.7079256,1770750681.949776,114,ALERT,0.2418503761291504
157,1770750681.732882,1770750681.9776297,110,ALERT,0.24474763870239258
158,1770750681.7591074,1770750682.0070615,120,ALERT,0.2479541301727295
159,1770750681.7840927,1770750682.0327697,128,CRITICAL,0.24867701530456543
160,1770750681.8083978,1770750682.0610182,119,ALERT,0.2526204586029053
161,1770750681.8316908,1770750682.080696,130,CRITICAL,0.24900531768798828
162,1770750681.8549216,1770750682.102231,123,CRITICAL,0.24730944633483887
163,1770750681.8789818,1770750682.130635,125,CRITICAL,0.25165319442749023
164,1770750681.90389,1770750682.1532555,113,ALERT,0.24936556816101074
165,1770750681.9289234,1770750682.1720188,117,ALERT,0.24309539794921875
166,1770750681.9543025,1770750682.1958268,125,CRITICAL,0.24152421951293945
167,1770750681.9791548,1770750682.2243216,124,CRITICAL,0.24516677856445312
168,1770750682.0039089,1770750682.2545009,124,CRITICAL,0.2505919933319092
169,1770750682.027113,1770750682.2799232,119,ALERT,0.2528102397918701
170,1770750682.0520594,1770750682.3035278,119,ALERT,0.2514684200286865
171,1770750682.079266,1770750682.3230357,110,ALERT,0.24376964569091797
172,1770750682.1004763,1770750682.3444874,115,ALERT,0.24401116371154785
173,1770750682.1260633,1770750682.3678722,117,ALERT,0.24180889129638672
174,1770750682.1495194,1770750682.38982,122,CRITICAL,0.24030065536499023
175,1770750682.163922,1770750682.4069998,119,ALERT,0.24307775497436523
176,1770750682.181159,1770750682.4332476,117,ALERT,0.2520885467529297
177,1770750682.200917,1770750682.4556308,126,CRITICAL,0.254713773727417
178,1770750682.2271934,1770750682.4834118,117,ALERT,0.25621843338012695
179,1770750682.2532866,1770750682.508486,113,ALERT,0.2551994323730469
180,1770750682.2794402,1770750682.5317657,120,ALERT,0.25232553482055664
181,1770750682.3076143,1770750682.5584362,128,CRITICAL,0.2508218288421631
182,1770750682.3322153,1770750682.582936,130,CRITICAL,0.250720739364624
183,1770750682.3552055,1770750682.6093764,119,ALERT,0.25417089462280273
184,1770750682.3766384,1770750682.6381803,114,ALERT,0.26154184341430664
185,1770750682.3904083,1770750682.663402,128,CRITICAL,0.272993803024292
186,1770750682.4152272,1770750682.683609,116,ALERT,0.26838183403015137
187,1770750682.437473,1770750682.70879,119,ALERT,0.2713170051574707
189,1770750682.4933581,1770750682.7319772,122,CRITICAL,0.23861908912658691
191,1770750682.5374572,1770750682.749121,121,CRITICAL,0.21166372299194336
192,1770750682.5568318,1770750682.77039,120,ALERT,0.21355819702148438
193,1770750682.582022,1770750682.7920232,124,CRITICAL,0.21000123023986816
194,1770750682.6091557,1770750682.8178349,114,ALERT,0.20867919921875
195,1770750682.6385508,1770750682.8426647,115,ALERT,0.20411396026611328
196,1770750682.6619658,1770750682.8662806,124,CRITICAL,0.2043147087097168
197,1770750682.6808958,1770750682.8869252,121,CRITICAL,0.20602941513061523
198,1770750682.6989665,1770750682.9168518,118,ALERT,0.21788525581359863
199,1770750682.7265728,1770750682.9466946,130,CRITICAL,0.2201218605041504
200,1770750682.7470167,1770750682.9717019,126,CRITICAL,0.2246851921081543
201,1770750682.7618225,1770750680.5330582,125,CRITICAL,-2.228764295578003
202,1770750682.7797635,1770750680.55485,122,CRITICAL,-2.2249133586883545
203,1770750682.8028421,1770750680.5808308,117,ALERT,-2.2220113277435303
1,1770750753.814876,1770750753.8650503,68,NORMAL,0.05017423629760742
2,1770750753.829221,1770750753.879916,78,NORMAL,0.050694942474365234
3,1770750753.8520482,1770750753.9025087,76,NORMAL,0.0504605770111084
4,1770750753.8735728,1770750753.9240892,128,CRITICAL,0.050516366958618164
5,1770750753.8976896,1770750753.9481738,120,ALERT,0.05048418045043945
6,1770750753.919667,1770750753.9700024,121,CRITICAL,0.05033540725708008
7,1770750753.9397795,1770750753.9901114,120,ALERT,0.050331830978393555
8,1770750753.9567704,1770750754.0134249,112,ALERT,0.05665445327758789
9,1770750753.9805808,1770750754.0381978,115,ALERT,0.0576169490814209
10,1770750754.004777,1770750754.060447,130,CRITICAL,0.05567002296447754
11,1770750754.0281382,1770750754.0784433,118,ALERT,0.05030512809753418
12,1770750754.052126,1770750754.102605,126,CRITICAL,0.05047917366027832
13,1770750754.0728695,1770750754.1232882,118,ALERT,0.05041861534118652
14,1770750754.089566,1770750754.140099,129,CRITICAL,0.05053305625915527
15,1770750754.1095462,1770750754.1601055,126,CRITICAL,0.050559282302856445
16,1770750754.1276402,1770750754.1779542,114,ALERT,0.05031394958496094
17,1770750754.1461284,1770750754.1966445,118,ALERT,0.05051612854003906
18,1770750754.1642663,1770750754.2146716,110,ALERT,0.050405263900756836
19,1770750754.183223,1770750754.2336133,113,ALERT,0.05039024353027344
20,1770750754.1988137,1770750754.2494164,129,CRITICAL,0.05060267448425293
21,1770750754.2195387,1770750754.2699566,110,ALERT,0.05041790008544922
24,1770750754.2830484,1770750754.333488,118,ALERT,0.05043959617614746
25,1770750754.3080268,1770750754.358508,122,CRITICAL,0.050481319427490234
26,1770750754.337293,1770750754.387836,127,CRITICAL,0.05054306983947754
27,1770750754.362685,1770750754.4128988,127,CRITICAL,0.05021381378173828
28,1770750754.3837652,1770750754.434096,113,ALERT,0.05033087730407715
29,1770750754.413596,1770750754.4640992,110,ALERT,0.05050325393676758
30,1770750754.4350746,1770750754.4855433,127,CRITICAL,0.05046868324279785
31,1770750754.4561882,1770750754.506685,125,CRITICAL,0.050496816635131836
32,1770750754.4759383,1770750754.526284,110,ALERT,0.050345659255981445
33,1770750754.4996426,1770750754.550028,125,CRITICAL,0.050385475158691406
34,1770750754.5213287,1770750754.5721388,112,ALERT,0.05081009864807129
35,1770750754.5451243,1770750754.5955782,129,CRITICAL,0.050453901290893555
36,1770750754.5681562,1770750754.618489,129,CRITICAL,0.05033278465270996
37,1770750754.589109,1770750754.639619,116,ALERT,0.05051016807556152
38,1770750754.6077216,1770750754.6580815,118,ALERT,0.05035996437072754
39,1770750754.6237414,1770750754.6741009,118,ALERT,0.050359487533569336
40,1770750754.6417756,1770750754.6922112,127,CRITICAL,0.050435543060302734
41,1770750754.661332,1770750754.7118957,110,ALERT,0.050563812255859375
42,1770750754.6807659,1770750754.7311249,121,CRITICAL,0.05035901069641113
43,1770750754.7014668,1770750754.752348,113,ALERT,0.050881147384643555
44,1770750754.7233322,1770750754.7736046,114,ALERT,0.050272464752197266
45,1770750754.742664,1770750754.7929118,118,ALERT,0.0502476692199707
46,1770750754.7630281,1770750754.8133478,128,CRITICAL,0.050319671630859375
47,1770750754.778587,1770750754.8323014,127,CRITICAL,0.05371427536010742
48,1770750754.8013632,1770750754.8531377,116,ALERT,0.05177450180053711
49,1770750754.8224294,1770750754.872784,112,ALERT,0.0503544807434082
50,1770750754.8366702,1770750754.8929925,119,ALERT,0.056322336196899414
51,1770750754.8558242,1770750754.9137344,115,ALERT,0.05791020393371582
52,1770750754.8706415,1770750754.930925,126,CRITICAL,0.06028342247009277
53,1770750754.8949072,1770750754.9507663,125,CRITICAL,0.05585908889770508
54,1770750754.9124017,1770750754.9712934,120,ALERT,0.05889177322387695
55,1770750754.9325442,1770750754.9895344,126,CRITICAL,0.05699014663696289
56,1770750754.9499252,1770750755.0065536,123,CRITICAL,0.05662846565246582
57,1770750754.9661264,1770750755.0255516,115,ALERT,0.05942511558532715
58,1770750754.9839253,1770750755.0431807,119,ALERT,0.059255361557006836
59,1770750755.000112,1770750755.0670369,115,ALERT,0.0669248104095459
60,1770750755.017438,1770750755.0852642,127,CRITICAL,0.0678262710571289
61,1770750755.0372047,1770750755.10923,130,CRITICAL,0.07202529907226562
62,1770750755.061271,1770750755.130336,121,CRITICAL,0.06906509399414062
63,1770750755.0834148,1770750755.1456487,126,CRITICAL,0.062233924865722656
64,1770750755.1039076,1770750755.170021,121,CRITICAL,0.06611347198486328
65,1770750755.124927,1770750755.193553,124,CRITICAL,0.06862592697143555
66,1770750755.1445696,1770750755.2133079,113,ALERT,0.06873822212219238
68,1770750755.1849017,1770750755.241623,128,CRITICAL,0.05672121047973633
70,1770750755.2302096,1770750755.2808635,114,ALERT,0.050653934478759766
71,1770750755.2518544,1770750755.3022032,118,ALERT,0.050348758697509766
72,1770750755.27677,1770750755.3272567,119,ALERT,0.05048656463623047
73,1770750755.298289,1770750755.3488698,116,ALERT,0.050580739974975586
74,1770750755.3201401,1770750755.370432,129,CRITICAL,0.05029177665710449
75,1770750755.3447897,1770750755.395201,125,CRITICAL,0.050411224365234375
76,1770750755.3642998,1770750755.414789,121,CRITICAL,0.050489187240600586
77,1770750755.3832135,1770750755.4334662,124,CRITICAL,0.050252676010131836
78,1770750755.4036403,1770750755.4540117,117,ALERT,0.050371408462524414
80,1770750755.4471834,1770750755.497585,115,ALERT,0.05040168762207031
81,1770750755.4704752,1770750755.5209498,123,CRITICAL,0.05047464370727539
82,1770750755.494643,1770750755.544885,116,ALERT,0.050241947174072266
83,1770750755.5158277,1770750755.5661194,110,ALERT,0.05029177665710449
84,1770750755.5380797,1770750755.5886316,117,ALERT,0.0505518913269043
85,1770750755.5567172,1770750755.60715,116,ALERT,0.05043292045593262
87,1770750755.5981297,1770750755.6487367,125,CRITICAL,0.05060696601867676
88,1770750755.620969,1770750755.6714232,113,ALERT,0.050454139709472656
89,1770750755.6377406,1770750755.6883502,129,CRITICAL,0.050609588623046875
90,1770750755.6555755,1770750755.7059672,126,CRITICAL,0.05039167404174805
91,1770750755.6727,1770750755.723194,125,CRITICAL,0.05049395561218262
92,1770750755.6917882,1770750755.7421155,120,ALERT,0.050327301025390625
93,1770750755.7092624,1770750755.759736,130,CRITICAL,0.050473690032958984
94,1770750755.7281199,1770750755.7785773,124,CRITICAL,0.05045747756958008
95,1770750755.7476609,1770750755.7980704,123,CRITICAL,0.050409555435180664
96,1770750755.7689126,1770750755.8194525,121,CRITICAL,0.05053997039794922
97,1770750755.7912414,1770750755.841557,117,ALERT,0.05031561851501465
98,1770750755.813484,1770750755.8640463,124,CRITICAL,0.050562381744384766
99,1770750755.8324218,1770750755.8827672,126,CRITICAL,0.050345420837402344
100,1770750755.8514183,1770750755.9018111,119,ALERT,0.050392866134643555
101,1770750755.8744574,1770750755.9253259,115,ALERT,0.05086851119995117
102,1770750755.894358,1770750755.9449146,123,CRITICAL,0.05055665969848633
103,1770750755.9147298,1770750755.967175,120,ALERT,0.052445173263549805
104,1770750755.936814,1770750755.9874406,112,ALERT,0.050626516342163086
105,1770750755.9566019,1770750756.0099018,120,ALERT,0.053299903869628906
106,1770750755.9810445,1770750756.0322645,123,CRITICAL,0.051219940185546875
107,1770750756.0007741,1770750756.0548003,126,CRITICAL,0.054026126861572266
108,1770750756.0237834,1770750756.0748281,121,CRITICAL,0.05104470252990723
109,1770750756.0474505,1770750756.0978131,127,CRITICAL,0.050362586975097656
110,1770750756.0687635,1770750756.1191895,125,CRITICAL,0.05042600631713867
111,1770750756.0894783,1770750756.1399322,122,CRITICAL,0.050453901290893555
112,1770750756.1102028,1770750756.1608725,124,CRITICAL,0.05066967010498047
113,1770750756.1310978,1770750756.1814167,130,CRITICAL,0.05031895637512207
114,1770750756.151555,1770750756.2018375,112,ALERT,0.05028247833251953
115,1770750756.1813698,1770750756.2319539,126,CRITICAL,0.05058407783508301
116,1770750756.20416,1770750756.2545083,129,CRITICAL,0.05034828186035156
117,1770750756.2263348,1770750756.2768676,110,ALERT,0.05053281784057617
118,1770750756.2446897,1770750756.2951849,120,ALERT,0.050495147705078125
119,1770750756.2626941,1770750756.3130019,116,ALERT,0.0503077507019043
121,1770750756.3034234,1770750756.3536885,130,CRITICAL,0.05026507377624512
122,1770750756.325283,1770750756.3755386,117,ALERT,0.050255537033081055
123,1770750756.3522038,1770750756.4026709,128,CRITICAL,0.05046701431274414
125,1770750756.3997226,1770750756.4501994,121,CRITICAL,0.050476789474487305
127,1770750756.4425914,1770750756.4928765,114,ALERT,0.05028510093688965
128,1770750756.4627752,1770750756.5130758,124,CRITICAL,0.05030059814453125
129,1770750756.4857185,1770750756.5363212,129,CRITICAL,0.05060267448425293
130,1770750756.5049167,1770750756.5615256,125,CRITICAL,0.05660891532897949
131,1770750756.5250685,1770750756.5838187,111,ALERT,0.058750152587890625
132,1770750756.5761185,1770750756.626694,123,CRITICAL,0.05057549476623535
133,1770750756.6008413,1770750756.6514623,114,ALERT,0.05062103271484375
134,1770750756.6212337,1770750756.671628,119,ALERT,0.050394296646118164
135,1770750756.6463015,1770750756.6968477,122,CRITICAL,0.05054616928100586
136,1770750756.6690702,1770750756.7195284,123,CRITICAL,0.05045819282531738
137,1770750756.691869,1770750756.7421796,124,CRITICAL,0.050310611724853516
138,1770750756.708797,1770750756.7591639,111,ALERT,0.050366878509521484
139,1770750756.724191,1770750756.7745416,113,ALERT,0.05035066604614258
140,1770750756.7380598,1770750756.7912707,123,CRITICAL,0.05321097373962402
141,1770750756.757411,1770750756.8090622,118,ALERT,0.0516512393951416
142,1770750756.7771132,1770750756.8275108,117,ALERT,0.050397634506225586
143,1770750756.8030078,1770750756.853332,113,ALERT,0.050324201583862305
144,1770750756.819212,1770750756.869585,130,CRITICAL,0.050373077392578125
145,1770750756.8382862,1770750756.8914263,124,CRITICAL,0.05314016342163086
146,1770750756.8578923,1770750756.9139593,113,ALERT,0.05606698989868164
148,1770750756.8988302,1770750756.949087,112,ALERT,0.05025672912597656
149,1770750756.9242096,1770750756.9746842,120,ALERT,0.05047464370727539
150,1770750756.9488325,1770750756.9992292,112,ALERT,0.05039668083190918
152,1770750756.9914105,1770750757.041681,122,CRITICAL,0.05027055740356445
153,1770750757.012271,1770750757.0626965,122,CRITICAL,0.05042552947998047
154,1770750757.0365567,1770750757.0870674,119,ALERT,0.05051064491271973
155,1770750757.0605102,1770750757.110866,128,CRITICAL,0.05035591125488281
156,1770750757.0816672,1770750757.1322327,114,ALERT,0.050565481185913086
157,1770750757.1023004,1770750757.152944,126,CRITICAL,0.0506436824798584
159,1770750757.1482954,1770750757.1986918,123,CRITICAL,0.05039644241333008
160,1770750757.1714294,1770750757.22165,128,CRITICAL,0.050220489501953125
161,1770750757.1957583,1770750757.2460604,122,CRITICAL,0.05030202865600586
162,1770750757.219734,1770750757.2700832,121,CRITICAL,0.05034923553466797
163,1770750757.2345805,1770750757.2848864,114,ALERT,0.050305843353271484
164,1770750757.2572773,1770750757.3079798,116,ALERT,0.050702571868896484
165,1770750757.2781866,1770750757.3287714,121,CRITICAL,0.05058479309082031
166,1770750757.3007853,1770750757.3511567,116,ALERT,0.050371408462524414
167,1770750757.3145351,1770750757.3648288,112,ALERT,0.050293684005737305
168,1770750757.330878,1770750757.381097,110,ALERT,0.050219058990478516
169,1770750757.3489618,1770750757.3994336,124,CRITICAL,0.05047178268432617
170,1770750757.367511,1770750757.4177978,130,CRITICAL,0.05028676986694336
171,1770750757.3875763,1770750757.4378865,114,ALERT,0.05031013488769531
172,1770750757.4030604,1770750757.4533224,114,ALERT,0.0502619743347168
173,1770750757.4188666,1770750757.4726255,124,CRITICAL,0.053758859634399414
174,1770750757.4390404,1770750757.491764,114,ALERT,0.05272364616394043
175,1770750757.4613152,1770750757.5140414,125,CRITICAL,0.05272626876831055
176,1770750757.4833224,1770750757.5336869,111,ALERT,0.05036449432373047
177,1770750757.5021422,1770750757.5540273,130,CRITICAL,0.051885128021240234
178,1770750757.5262706,1770750757.5780168,130,CRITICAL,0.05174612998962402
179,1770750757.546423,1770750757.5975988,119,ALERT,0.051175832748413086
180,1770750757.5711873,1770750757.6227624,110,ALERT,0.0515751838684082
181,1770750757.5915072,1770750757.6451173,119,ALERT,0.05361008644104004
182,1770750757.608729,1770750757.6700952,117,ALERT,0.06136631965637207
183,1770750757.632749,1770750757.6914878,130,CRITICAL,0.05873870849609375
184,1770750757.6539075,1770750757.7107642,116,ALERT,0.056856632232666016
185,1770750757.6791182,1770750757.733011,122,CRITICAL,0.05389285087585449
186,1770750757.7014287,1770750757.7549307,127,CRITICAL,0.05350208282470703
187,1770750757.7203383,1770750757.7795055,116,ALERT,0.05916714668273926
188,1770750757.7414825,1770750757.7918348,117,ALERT,0.05035233497619629
189,1770750757.764777,1770750757.8156824,127,CRITICAL,0.050905466079711914
190,1770750757.7899573,1770750757.8404005,130,CRITICAL,0.050443172454833984
192,1770750757.8306904,1770750757.8809261,124,CRITICAL,0.050235748291015625
194,1770750757.8727725,1770750757.9232664,123,CRITICAL,0.05049395561218262
195,1770750757.896776,1770750757.9472475,128,CRITICAL,0.05047154426574707
197,1770750757.9315066,1770750757.9819472,120,ALERT,0.05044054985046387
199,1770750757.9801497,1770750758.0305853,120,ALERT,0.050435543060302734
200,1770750758.0016732,1770750758.052332,121,CRITICAL,0.0506587028503418
201,1770750758.0211985,1770750758.0717187,113,ALERT,0.05052018165588379
202,1770750758.0459752,1770750758.0961554,125,CRITICAL,0.05018019676208496
203,1770750758.0743,1770750758.1248105,110,ALERT,0.050510406494140625
204,1770750758.0960312,1770750758.1465173,125,CRITICAL,0.050486087799072266
205,1770750758.1166794,1770750758.1715271,118,ALERT,0.05484771728515625
206,1770750758.1368747,1770750758.1991735,121,CRITICAL,0.06229877471923828
207,1770750758.1613884,1770750758.221748,116,ALERT,0.06035971641540527
208,1770750758.1809032,1770750758.24186,121,CRITICAL,0.060956716537475586
209,1770750758.2027736,1770750758.270377,129,CRITICAL,0.06760334968566895
210,1770750758.2261992,1770750758.2942715,114,ALERT,0.06807231903076172
211,1770750758.249563,1770750758.319871,128,CRITICAL,0.07030797004699707
213,1770750758.300016,1770750758.3503823,126,CRITICAL,0.05036640167236328
214,1770750758.3240583,1770750758.3743484,110,ALERT,0.05029010772705078
215,1770750758.3482099,1770750758.3986912,127,CRITICAL,0.050481319427490234
216,1770750758.3757482,1770750758.4284036,129,CRITICAL,0.05265545845031738
217,1770750758.3951488,1770750758.4563203,129,CRITICAL,0.061171531677246094
218,1770750758.4158597,1770750758.480427,127,CRITICAL,0.06456732749938965
219,1770750758.442953,1770750758.5024993,128,CRITICAL,0.05954623222351074
220,1770750758.4631586,1770750758.525623,125,CRITICAL,0.06246447563171387
221,1770750758.4823859,1770750758.5392952,115,ALERT,0.05690932273864746
222,1770750758.4955428,1770750758.5572348,113,ALERT,0.061691999435424805
223,1770750758.514692,1770750758.5764706,115,ALERT,0.06177854537963867
224,1770750758.5347874,1770750758.5985544,114,ALERT,0.0637669563293457
225,1770750758.5569973,1770750758.617833,123,CRITICAL,0.06083559989929199
226,1770750758.5748541,1770750758.638131,127,CRITICAL,0.06327676773071289
227,1770750758.588022,1770750758.6589015,112,ALERT,0.07087945938110352
228,1770750758.6050053,1770750758.6836047,114,ALERT,0.07859945297241211
229,1770750758.6252599,1770750758.7120342,118,ALERT,0.08677434921264648
230,1770750758.6482363,1770750758.7374177,114,ALERT,0.08918142318725586
231,1770750758.6661813,1770750758.759565,123,CRITICAL,0.0933837890625
232,1770750758.6925464,1770750758.7811809,129,CRITICAL,0.08863449096679688
233,1770750758.7216418,1770750758.8029606,119,ALERT,0.08131885528564453
234,1770750758.7467391,1770750758.8238118,125,CRITICAL,0.0770726203918457
235,1770750758.7703395,1770750758.8407388,118,ALERT,0.07039928436279297
236,1770750758.791654,1770750758.857166,129,CRITICAL,0.06551194190979004
237,1770750758.8103545,1770750758.8745396,110,ALERT,0.06418514251708984
238,1770750758.8306007,1770750758.891504,114,ALERT,0.060903310775756836
239,1770750758.8467865,1770750758.908885,120,ALERT,0.06209850311279297
240,1770750758.8637416,1770750758.9293618,130,CRITICAL,0.06562018394470215
241,1770750758.8834956,1770750758.9517891,130,CRITICAL,0.06829357147216797
242,1770750758.9008121,1770750758.9724839,76,NORMAL,0.07167172431945801
243,1770750758.9194813,1770750758.995421,69,NORMAL,0.07593965530395508
244,1770750758.9394093,1770750759.0175655,64,NORMAL,0.0781562328338623
245,1770750758.957597,1770750759.0434754,74,NORMAL,0.08587837219238281
246,1770750758.978173,1770750759.0643415,68,NORMAL,0.08616852760314941
247,1770750759.0005877,1770750759.085356,89,NORMAL,0.08476829528808594
248,1770750759.0167253,1770750759.1087193,62,NORMAL,0.09199404716491699
249,1770750759.0391455,1770750759.1300223,67,NORMAL,0.09087681770324707
250,1770750759.0630236,1770750759.1479604,64,NORMAL,0.08493685722351074
251,1770750759.0838587,1770750759.1652527,73,NORMAL,0.08139395713806152
252,1770750759.102348,1770750759.186673,68,NORMAL,0.08432483673095703
253,1770750759.1226218,1770750759.2148461,66,NORMAL,0.0922243595123291
254,1770750759.1460502,1770750759.2338288,78,NORMAL,0.08777856826782227
255,1770750759.162431,1770750759.2575927,68,NORMAL,0.09516167640686035
256,1770750759.1808813,1770750759.2861402,69,NORMAL,0.10525894165039062
257,1770750759.2005067,1770750759.3077536,64,NORMAL,0.10724687576293945
258,1770750759.2189724,1770750759.3392878,77,NORMAL,0.1203153133392334
259,1770750759.2368338,1770750759.3636353,67,NORMAL,0.1268014907836914
260,1770750759.2604673,1770750759.412667,68,NORMAL,0.15219974517822266
261,1770750759.27696,1770750759.4453838,66,NORMAL,0.16842389106750488
262,1770750759.2981613,1770750759.4708834,88,NORMAL,0.17272210121154785
263,1770750759.3193722,1770750759.4960108,73,NORMAL,0.17663860321044922
264,1770750759.3483725,1770750759.5228047,66,NORMAL,0.17443227767944336
265,1770750759.3729136,1770750759.5521634,71,NORMAL,0.17924976348876953
266,1770750759.3948624,1770750759.5738113,73,NORMAL,0.17894887924194336
267,1770750759.432995,1770750759.5983744,61,NORMAL,0.16537928581237793
268,1770750759.4609077,1770750759.6216002,67,NORMAL,0.16069245338439941
270,1770750759.507009,1770750759.6559775,70,NORMAL,0.14896845817565918
271,1770750759.5331488,1770750759.6752527,84,NORMAL,0.142103910446167
272,1770750759.562883,1770750759.6999526,89,NORMAL,0.1370697021484375
273,1770750759.5850003,1770750759.7225406,67,NORMAL,0.13754034042358398
274,1770750759.6086893,1770750759.740534,69,NORMAL,0.13184475898742676
275,1770750759.631689,1770750759.763122,87,NORMAL,0.13143301010131836
276,1770750759.6556792,1770750759.7847388,87,NORMAL,0.1290595531463623
277,1770750759.678611,1770750759.8060539,61,NORMAL,0.1274428367614746
278,1770750759.6985054,1770750759.8305986,65,NORMAL,0.13209319114685059
279,1770750759.721221,1770750759.852678,78,NORMAL,0.13145709037780762
280,1770750759.740718,1770750759.8743682,66,NORMAL,0.1336503028869629
281,1770750759.7578564,1770750759.925801,60,NORMAL,0.16794466972351074
282,1770750759.7751231,1770750759.9519324,65,NORMAL,0.17680931091308594
283,1770750759.7940626,1770750760.0109086,66,NORMAL,0.21684598922729492
284,1770750759.8127959,1770750760.0390809,76,NORMAL,0.22628498077392578
285,1770750759.8326528,1770750760.0673192,83,NORMAL,0.2346663475036621
286,1770750759.8529606,1770750760.0946567,80,NORMAL,0.24169611930847168
288,1770750759.8954947,1770750760.1157513,81,NORMAL,0.22025656700134277
289,1770750759.917756,1770750760.1408758,84,NORMAL,0.22311973571777344
290,1770750759.939731,1770750760.1674142,81,NORMAL,0.22768330574035645
292,1770750759.9808128,1770750760.193412,79,NORMAL,0.2125992774963379
293,1770750760.0044441,1770750760.215748,64,NORMAL,0.2113039493560791
294,1770750760.0245762,1770750760.2355752,65,NORMAL,0.2109990119934082
295,1770750760.0407174,1770750760.258202,79,NORMAL,0.217484712600708
296,1770750760.0605593,1770750760.287305,76,NORMAL,0.2267458438873291
297,1770750760.0772252,1770750760.308182,71,NORMAL,0.2309567928314209
298,1770750760.097649,1770750760.3254073,71,NORMAL,0.22775816917419434
299,1770750760.116519,1770750760.343088,66,NORMAL,0.22656893730163574
301,1770750760.1641788,1770750760.3662457,85,NORMAL,0.20206689834594727
302,1770750760.1838775,1770750760.389215,86,NORMAL,0.2053375244140625
303,1770750760.2074509,1770750760.4160242,70,NORMAL,0.2085733413696289
304,1770750760.2312438,1770750760.441999,127,CRITICAL,0.2107551097869873
305,1770750760.247171,1770750760.4664655,119,ALERT,0.21929454803466797
306,1770750760.2639933,1770750760.4931366,124,CRITICAL,0.22914338111877441
307,1770750760.2852666,1770750760.52473,116,ALERT,0.23946332931518555
308,1770750760.3069777,1770750760.5536115,123,CRITICAL,0.24663376808166504
309,1770750760.322932,1770750760.5771985,112,ALERT,0.25426650047302246
310,1770750760.3380036,1770750760.6030707,121,CRITICAL,0.26506710052490234
311,1770750760.3536005,1770750760.625045,116,ALERT,0.27144455909729004
312,1770750760.366604,1770750760.6443286,118,ALERT,0.2777245044708252
313,1770750760.388512,1770750760.6716743,128,CRITICAL,0.28316235542297363
314,1770750760.410232,1770750760.6941106,121,CRITICAL,0.2838785648345947
315,1770750760.435034,1770750760.7174146,124,CRITICAL,0.2823805809020996
316,1770750760.4601512,1770750760.7405741,129,CRITICAL,0.2804229259490967
317,1770750760.4828303,1770750760.7592375,129,CRITICAL,0.27640724182128906
318,1770750760.5060334,1770750760.7711098,129,CRITICAL,0.2650763988494873
319,1770750760.534872,1770750760.79537,129,CRITICAL,0.260498046875
320,1770750760.5626698,1770750760.8099082,124,CRITICAL,0.2472383975982666
321,1770750760.5860212,1770750760.830311,126,CRITICAL,0.24428987503051758
322,1770750760.606477,1770750760.8554583,111,ALERT,0.24898123741149902
323,1770750760.6288342,1770750760.877555,116,ALERT,0.24872064590454102
324,1770750760.6490638,1770750760.8931248,122,CRITICAL,0.24406099319458008
325,1770750760.671767,1770750760.9146242,129,CRITICAL,0.2428572177886963
326,1770750760.6936595,1770750760.9357271,128,CRITICAL,0.24206757545471191
327,1770750760.7162983,1770750760.9610238,114,ALERT,0.24472546577453613
328,1770750760.7371976,1770750760.98516,114,ALERT,0.24796247482299805
329,1770750760.7560124,1770750761.0116253,126,CRITICAL,0.255612850189209
330,1770750760.7748744,1770750761.0399432,130,CRITICAL,0.26506876945495605
331,1770750760.7951858,1770750761.067273,118,ALERT,0.27208709716796875
332,1770750760.8119297,1770750761.0944495,121,CRITICAL,0.2825198173522949
333,1770750760.8287885,1770750761.1198332,115,ALERT,0.2910447120666504
335,1770750760.8659701,1770750761.14734,118,ALERT,0.2813699245452881
336,1770750760.8872313,1770750761.1730032,119,ALERT,0.28577184677124023
337,1770750760.9033508,1770750761.2014024,127,CRITICAL,0.2980515956878662
338,1770750760.924269,1770750761.2269237,129,CRITICAL,0.3026547431945801
339,1770750760.9456306,1770750761.249186,130,CRITICAL,0.3035554885864258
340,1770750760.970654,1770750761.27027,126,CRITICAL,0.29961609840393066
341,1770750760.9909222,1770750761.2907434,122,CRITICAL,0.299821138381958
342,1770750761.0171256,1770750761.3116426,114,ALERT,0.29451704025268555
343,1770750761.0421026,1770750761.3339405,110,ALERT,0.2918379306793213
344,1770750761.0650437,1770750761.3550794,128,CRITICAL,0.2900357246398926
345,1770750761.0895646,1770750761.3766735,122,CRITICAL,0.2871088981628418
346,1770750761.116726,1770750761.3938282,125,CRITICAL,0.2771022319793701
347,1770750761.1422594,1770750761.409947,126,CRITICAL,0.2676875591278076
351,1770750761.2382503,1770750761.4288478,112,ALERT,0.1905975341796875
352,1770750761.257287,1770750761.4515054,115,ALERT,0.19421839714050293
354,1770750761.2967947,1770750761.4703188,129,CRITICAL,0.1735241413116455
355,1770750761.316762,1770750761.4828627,111,ALERT,0.16610074043273926
356,1770750761.3406541,1770750761.501647,119,ALERT,0.16099286079406738
357,1770750761.3580134,1770750761.521309,110,ALERT,0.16329550743103027
358,1770750761.3794024,1770750761.5396008,129,CRITICAL,0.16019845008850098
359,1770750761.395113,1770750761.5586414,119,ALERT,0.1635284423828125
361,1770750761.4327238,1770750761.5834942,124,CRITICAL,0.1507704257965088
363,1770750761.472044,1770750761.6043384,125,CRITICAL,0.1322944164276123
364,1770750761.4845417,1770750761.6255884,112,ALERT,0.14104676246643066
365,1770750761.501413,1770750761.6499577,122,CRITICAL,0.1485445499420166
366,1770750761.5182261,1770750761.6747522,111,ALERT,0.1565260887145996
367,1770750761.5403564,1770750761.7016866,129,CRITICAL,0.1613302230834961
368,1770750761.5580745,1770750761.7218783,116,ALERT,0.1638038158416748
369,1770750761.5780451,1770750761.749322,123,CRITICAL,0.17127680778503418
370,1770750761.5969715,1770750761.7756524,114,ALERT,0.1786808967590332
371,1770750761.6130304,1770750761.7996898,111,ALERT,0.1866593360900879
372,1770750761.6312025,1770750761.8208148,111,ALERT,0.18961238861083984
374,1770750761.6729672,1770750761.850034,130,CRITICAL,0.17706680297851562
375,1770750761.6961186,1770750761.8751469,117,ALERT,0.17902827262878418
376,1770750761.714259,1770750761.901401,121,CRITICAL,0.18714213371276855
377,1770750761.7328165,1770750761.9298346,128,CRITICAL,0.19701814651489258
378,1770750761.7609348,1770750761.9544208,129,CRITICAL,0.19348597526550293
379,1770750761.7826545,1770750761.974637,110,ALERT,0.19198250770568848
380,1770750761.8076613,1770750761.9962957,115,ALERT,0.18863439559936523
381,1770750761.8313823,1770750762.017883,123,CRITICAL,0.18650078773498535
382,1770750761.8592658,1770750762.0364954,129,CRITICAL,0.177229642868042
383,1770750761.8847985,1770750762.0563657,124,CRITICAL,0.17156720161437988
384,1770750761.914479,1770750762.074843,121,CRITICAL,0.16036391258239746
385,1770750761.941781,1770750762.09196,113,ALERT,0.1501789093017578
386,1770750761.9649901,1770750762.1106486,115,ALERT,0.1456584930419922
387,1770750761.9861324,1770750762.134979,112,ALERT,0.14884662628173828
388,1770750762.0060797,1770750762.1620934,125,CRITICAL,0.15601372718811035
389,1770750762.0193963,1770750762.1800086,110,ALERT,0.1606123447418213
390,1770750762.0386522,1770750762.206193,114,ALERT,0.1675407886505127
391,1770750762.060789,1770750762.227009,125,CRITICAL,0.16621994972229004
392,1770750762.0764265,1770750762.252707,118,ALERT,0.17628049850463867
393,1770750762.0923147,1770750762.2686393,110,ALERT,0.17632460594177246
394,1770750762.109106,1770750762.2832267,110,ALERT,0.17412066459655762
395,1770750762.128853,1770750762.3000998,112,ALERT,0.17124676704406738
396,1770750762.155553,1770750762.3259692,112,ALERT,0.17041611671447754
397,1770750762.1805403,1770750762.3468857,122,CRITICAL,0.16634535789489746
399,1770750762.2248015,1770750762.3717256,115,ALERT,0.14692401885986328
400,1770750762.2477624,1770750762.3907568,116,ALERT,0.14299440383911133
401,1770750762.2684531,1770750762.4145277,112,ALERT,0.14607453346252441
402,1770750762.292496,1770750762.4365976,121,CRITICAL,0.14410161972045898
403,1770750762.3128326,1770750762.458228,112,ALERT,0.14539551734924316
404,1770750762.328934,1770750762.4758937,114,ALERT,0.14695978164672852
405,1770750762.351869,1770750762.4960413,116,ALERT,0.14417219161987305
407,1770750762.3948634,1770750762.515562,126,CRITICAL,0.12069869041442871
408,1770750762.4126735,1770750762.536288,117,ALERT,0.12361454963684082
409,1770750762.4372199,1770750762.556424,125,CRITICAL,0.11920404434204102
410,1770750762.4561284,1770750762.5764122,113,ALERT,0.12028384208679199
411,1770750762.4785767,1770750762.5944993,130,CRITICAL,0.11592268943786621
412,1770750762.500765,1770750762.6140666,120,ALERT,0.11330151557922363
413,1770750762.5184944,1770750762.635662,113,ALERT,0.11716771125793457
414,1770750762.5400465,1770750762.654766,129,CRITICAL,0.11471962928771973
416,1770750762.5811698,1770750762.6734555,128,CRITICAL,0.0922856330871582
417,1770750762.5985293,1770750762.7051172,115,ALERT,0.10658788681030273
418,1770750762.6165998,1770750762.7303114,118,ALERT,0.11371159553527832
419,1770750762.6354587,1770750762.7506742,121,CRITICAL,0.11521553993225098
420,1770750762.6532943,1770750762.7745469,117,ALERT,0.12125253677368164
421,1770750762.673229,1770750762.796774,111,ALERT,0.12354493141174316
422,1770750762.7047243,1770750762.8194306,126,CRITICAL,0.11470627784729004
423,1770750762.7264354,1770750762.8433557,129,CRITICAL,0.11692023277282715
424,1770750762.7490935,1770750762.867727,125,CRITICAL,0.11863350868225098
425,1770750762.7708242,1770750762.8921335,121,CRITICAL,0.12130928039550781
426,1770750762.790578,1770750762.913909,111,ALERT,0.12333106994628906
427,1770750762.8129172,1770750762.9351556,112,ALERT,0.1222383975982666
429,1770750762.8581924,1770750762.9569256,119,ALERT,0.09873318672180176
430,1770750762.8808317,1770750762.975992,129,CRITICAL,0.09516024589538574
431,1770750762.9052143,1770750762.996264,125,CRITICAL,0.0910496711730957
432,1770750762.9256742,1770750763.0138285,117,ALERT,0.08815431594848633
433,1770750762.9461908,1770750763.0357373,129,CRITICAL,0.08954644203186035
434,1770750762.9663336,1770750763.0571039,127,CRITICAL,0.09077024459838867
435,1770750762.987408,1770750763.076644,125,CRITICAL,0.08923602104187012
436,1770750763.005444,1770750763.09445,123,CRITICAL,0.08900594711303711
437,1770750763.0248823,1770750763.1235323,114,ALERT,0.09864997863769531
438,1770750763.0417278,1770750763.1476882,128,CRITICAL,0.10596036911010742
439,1770750763.0636876,1770750763.1684754,128,CRITICAL,0.10478782653808594
440,1770750763.0842545,1770750763.1889338,120,ALERT,0.10467934608459473
441,1770750763.1047845,1770750763.2063394,129,CRITICAL,0.10155487060546875
442,1770750763.1281383,1770750763.2303977,113,ALERT,0.10225939750671387
443,1770750763.1515546,1770750763.253109,112,ALERT,0.10155439376831055
444,1770750763.1727953,1770750763.2758298,118,ALERT,0.10303449630737305
445,1770750763.1949086,1770750763.3025594,114,ALERT,0.1076507568359375
446,1770750763.2114542,1770750763.3236542,110,ALERT,0.11220002174377441
447,1770750763.2295957,1770750763.345398,110,ALERT,0.11580228805541992
448,1770750763.2487442,1770750763.371429,120,ALERT,0.12268471717834473
449,1770750763.2689111,1770750763.3957334,113,ALERT,0.12682223320007324
450,1770750763.2906117,1770750763.4237638,123,CRITICAL,0.13315200805664062
451,1770750763.3148417,1770750763.4519224,121,CRITICAL,0.13708066940307617
452,1770750763.3330739,1770750763.4813583,121,CRITICAL,0.1482844352722168
453,1770750763.355651,1770750763.5050783,118,ALERT,0.1494274139404297
454,1770750763.3821864,1770750763.5307589,123,CRITICAL,0.14857244491577148
455,1770750763.4108078,1770750763.5561633,112,ALERT,0.1453554630279541
456,1770750763.4367516,1770750763.5783956,110,ALERT,0.14164400100708008
457,1770750763.4608173,1770750763.60255,119,ALERT,0.14173269271850586
458,1770750763.4870472,1770750763.627969,130,CRITICAL,0.14092183113098145
459,1770750763.510742,1770750763.6542478,123,CRITICAL,0.14350581169128418
460,1770750763.5304277,1770750763.6795244,119,ALERT,0.14909672737121582
461,1770750763.5500672,1770750763.7075012,120,ALERT,0.15743398666381836
462,1770750763.5728815,1770750763.727027,120,ALERT,0.1541454792022705
463,1770750763.5928617,1770750763.7483726,124,CRITICAL,0.15551090240478516
464,1770750763.619559,1770750763.7645733,130,CRITICAL,0.14501428604125977
465,1770750763.6441746,1770750763.7885385,120,ALERT,0.1443638801574707
466,1770750763.6687524,1770750763.8085973,122,CRITICAL,0.1398448944091797
467,1770750763.6904392,1770750763.8267615,128,CRITICAL,0.1363222599029541
468,1770750763.7131135,1770750763.8443584,119,ALERT,0.13124489784240723
469,1770750763.7380111,1770750763.8642533,111,ALERT,0.12624216079711914
470,1770750763.7585876,1770750763.8825624,122,CRITICAL,0.12397480010986328
471,1770750763.77579,1770750763.9063864,125,CRITICAL,0.13059639930725098
472,1770750763.7987697,1770750763.9275994,115,ALERT,0.1288297176361084
474,1770750763.83691,1770750763.9507446,116,ALERT,0.11383461952209473
475,1770750763.8551478,1770750763.9782639,110,ALERT,0.12311601638793945
476,1770750763.870057,1770750764.0064666,120,ALERT,0.13640952110290527
477,1770750763.8930595,1770750764.0319405,119,ALERT,0.13888096809387207
478,1770750763.9082062,1770750764.057574,123,CRITICAL,0.1493678092956543
479,1770750763.9288995,1770750764.082965,123,CRITICAL,0.15406537055969238
480,1770750763.9477913,1770750764.107482,124,CRITICAL,0.15969061851501465
481,1770750763.9727511,1770750764.1336257,126,CRITICAL,0.160874605178833
482,1770750763.9924028,1770750764.1572073,129,CRITICAL,0.16480445861816406
483,1770750764.0178914,1770750764.182218,129,CRITICAL,0.16432666778564453
484,1770750764.040249,1770750764.206147,123,CRITICAL,0.16589784622192383
485,1770750764.0631616,1770750764.2277565,110,ALERT,0.1645948886871338
487,1770750764.1103926,1770750764.2511978,120,ALERT,0.14080524444580078
488,1770750764.1349142,1770750764.2777395,112,ALERT,0.14282536506652832
489,1770750764.1579597,1770750764.2993402,120,ALERT,0.14138054847717285
490,1770750764.1787984,1770750764.3254185,122,CRITICAL,0.1466200351715088
491,1770750764.198216,1770750764.3391879,114,ALERT,0.14097189903259277
493,1770750764.240725,1770750764.3619237,120,ALERT,0.12119865417480469
494,1770750764.2630627,1770750764.3860655,113,ALERT,0.12300276756286621
495,1770750764.2875557,1770750764.39885,128,CRITICAL,0.11129426956176758
496,1770750764.3092303,1770750764.4119356,115,ALERT,0.10270524024963379
497,1770750764.334941,1770750764.4327927,120,ALERT,0.09785175323486328
499,1770750764.3722603,1770750764.4566486,112,ALERT,0.08438825607299805
500,1770750764.3960807,1770750764.4847786,122,CRITICAL,0.08869791030883789
501,1770750764.4099143,1770750764.510619,124,CRITICAL,0.10070466995239258
502,1770750764.4231393,1770750764.533112,114,ALERT,0.10997271537780762
503,1770750764.4391026,1770750764.557348,128,CRITICAL,0.11824536323547363
504,1770750764.4557538,1770750764.58193,130,CRITICAL,0.126176118850708
505,1770750764.4825702,1770750764.607278,119,ALERT,0.12470793724060059
506,1770750764.5124512,1770750764.6325674,111,ALERT,0.1201162338256836
507,1770750764.5333962,1770750764.6541991,119,ALERT,0.1208028793334961
508,1770750764.5568168,1770750764.6809378,113,ALERT,0.12412095069885254
509,1770750764.5817392,1770750764.7061462,120,ALERT,0.12440705299377441
510,1770750764.6039035,1770750764.7392075,121,CRITICAL,0.13530397415161133
511,1770750764.6280544,1770750764.7689266,128,CRITICAL,0.14087224006652832
512,1770750764.652673,1770750764.8017974,122,CRITICAL,0.1491243839263916
513,1770750764.6784513,1770750764.833969,118,ALERT,0.1555178165435791
514,1770750764.7027836,1770750764.8664393,116,ALERT,0.16365575790405273
515,1770750764.7238526,1770750764.8956156,111,ALERT,0.17176294326782227
516,1770750764.7487347,1770750764.9230492,110,ALERT,0.1743144989013672
517,1770750764.7674546,1770750764.9548457,124,CRITICAL,0.18739104270935059
518,1770750764.7916267,1770750764.9870176,113,ALERT,0.19539093971252441
519,1770750764.8134854,1770750765.0216584,123,CRITICAL,0.20817303657531738
520,1770750764.8382244,1770750765.0463274,126,CRITICAL,0.20810294151306152
521,1770750764.8653352,1770750765.0729492,118,ALERT,0.20761394500732422
522,1770750764.8878105,1770750765.1011684,112,ALERT,0.21335792541503906
523,1770750764.90869,1770750765.1238103,117,ALERT,0.2151203155517578
525,1770750764.9394004,1770750765.1433663,123,CRITICAL,0.2039659023284912
526,1770750764.9607978,1770750765.1710823,126,CRITICAL,0.21028447151184082
527,1770750764.9819539,1770750765.1998417,130,CRITICAL,0.21788787841796875
528,1770750765.0025806,1770750765.226405,117,ALERT,0.22382426261901855
529,1770750765.0288002,1770750765.248696,123,CRITICAL,0.2198958396911621
530,1770750765.0531476,1770750765.273051,122,CRITICAL,0.21990346908569336
533,1770750765.125068,1770750765.298971,128,CRITICAL,0.1739029884338379
534,1770750765.1448882,1770750765.3249764,115,ALERT,0.18008828163146973
535,1770750765.168963,1770750765.3463492,125,CRITICAL,0.17738628387451172
536,1770750765.1965458,1770750765.3703458,127,CRITICAL,0.17379999160766602
537,1770750765.217656,1770750765.3967075,122,CRITICAL,0.17905163764953613
538,1770750765.2364864,1770750765.4193554,130,CRITICAL,0.18286895751953125
539,1770750765.259251,1770750765.44241,87,NORMAL,0.18315887451171875
540,1770750765.2821443,1770750765.4569168,71,NORMAL,0.1747725009918213
541,1770750765.3028572,1770750765.473121,81,NORMAL,0.17026376724243164
542,1770750765.3284793,1770750765.4986913,88,NORMAL,0.1702120304107666
543,1770750765.3482978,1770750765.5206285,74,NORMAL,0.17233061790466309
544,1770750765.3713288,1770750765.5398965,65,NORMAL,0.16856765747070312
545,1770750765.3954089,1770750765.565518,73,NORMAL,0.17010903358459473
546,1770750765.4163096,1770750765.588616,75,NORMAL,0.17230629920959473
547,1770750765.4417496,1770750765.6175363,89,NORMAL,0.17578673362731934
548,1770750765.4652126,1770750765.6499958,76,NORMAL,0.1847832202911377
549,1770750765.4862816,1770750765.6744618,86,NORMAL,0.18818020820617676
551,1770750765.5308323,1770750765.7006965,73,NORMAL,0.16986417770385742
552,1770750765.5485816,1770750765.7260027,85,NORMAL,0.17742109298706055
553,1770750765.5672722,1770750765.7509627,75,NORMAL,0.18369054794311523
554,1770750765.590702,1770750765.7740269,72,NORMAL,0.18332481384277344
556,1770750765.6334982,1770750765.800505,130,CRITICAL,0.1670067310333252
557,1770750765.6564283,1770750765.8248358,121,CRITICAL,0.16840744018554688
559,1770750765.6994534,1770750765.8486755,119,ALERT,0.14922213554382324
560,1770750765.7273507,1770750765.8745334,113,ALERT,0.14718270301818848
561,1770750765.751407,1770750765.8983123,113,ALERT,0.14690542221069336
562,1770750765.7747633,1770750765.9256265,122,CRITICAL,0.1508631706237793
564,1770750765.8207977,1770750765.955407,112,ALERT,0.13460922241210938
565,1770750765.8450499,1770750765.9788034,114,ALERT,0.13375353813171387
566,1770750765.871056,1770750766.0080311,117,ALERT,0.13697504997253418
567,1770750765.8942068,1770750766.0267172,117,ALERT,0.13251042366027832
568,1770750765.9178994,1770750766.049835,115,ALERT,0.13193559646606445
569,1770750765.9467146,1770750766.07077,125,CRITICAL,0.12405538558959961
570,1770750765.9682124,1770750766.0891347,122,CRITICAL,0.12092232704162598
571,1770750765.9886572,1770750766.1106637,123,CRITICAL,0.12200641632080078
572,1770750766.0168333,1770750766.134184,130,CRITICAL,0.11735057830810547
573,1770750766.0355258,1770750766.159261,127,CRITICAL,0.12373518943786621
574,1770750766.056114,1770750766.1873734,110,ALERT,0.13125944137573242
575,1770750766.0755484,1770750766.2134922,112,ALERT,0.13794374465942383
576,1770750766.0966587,1770750766.236786,112,ALERT,0.14012718200683594
578,1770750766.1338375,1770750766.2669146,125,CRITICAL,0.13307714462280273
579,1770750766.155859,1770750766.2904155,121,CRITICAL,0.13455653190612793
580,1770750766.176727,1770750766.312296,110,ALERT,0.13556885719299316
581,1770750766.2007277,1770750766.341171,114,ALERT,0.1404433250427246
582,1770750766.2248857,1770750766.3666172,115,ALERT,0.14173150062561035
583,1770750766.2437432,1770750766.392466,125,CRITICAL,0.14872288703918457
586,1770750766.3091118,1770750766.4162052,127,CRITICAL,0.10709333419799805
588,1770750766.3552313,1770750766.4376273,115,ALERT,0.08239603042602539
589,1770750766.3762698,1770750766.4657292,125,CRITICAL,0.08945941925048828
590,1770750766.4007828,1770750766.4955428,122,CRITICAL,0.09475994110107422
591,1770750766.4205437,1770750766.5212102,129,CRITICAL,0.10066652297973633
592,1770750766.4435909,1770750766.5455055,124,CRITICAL,0.10191464424133301
593,1770750766.4688883,1770750766.5677335,116,ALERT,0.09884524345397949
594,1770750766.4937167,1770750766.5857868,125,CRITICAL,0.09207010269165039
595,1770750766.5205994,1770750766.607409,125,CRITICAL,0.08680963516235352
597,1770750766.5698156,1770750766.6384745,118,ALERT,0.06865882873535156
598,1770750766.590105,1770750766.65944,112,ALERT,0.0693349838256836
599,1770750766.612792,1770750766.678471,118,ALERT,0.06567907333374023
600,1770750766.6373158,1770750766.7055428,128,CRITICAL,0.06822705268859863
601,1770750766.656709,1770750766.7283604,116,ALERT,0.07165145874023438
602,1770750766.6753724,1770750766.7572837,122,CRITICAL,0.08191132545471191
603,1770750766.6936839,1770750766.78196,112,ALERT,0.08827614784240723
605,1770750766.743668,1770750766.8088617,118,ALERT,0.06519365310668945
606,1770750766.7656302,1770750766.8305154,123,CRITICAL,0.06488513946533203
607,1770750766.791988,1770750766.8539505,116,ALERT,0.06196260452270508
608,1770750766.8124166,1770750766.8774745,128,CRITICAL,0.06505799293518066
609,1770750766.830408,1770750766.9007914,119,ALERT,0.07038331031799316
610,1770750766.852063,1770750766.928061,125,CRITICAL,0.07599806785583496
611,1770750766.8798048,1770750766.9522636,122,CRITICAL,0.07245874404907227
613,1770750766.9259295,1770750766.9764702,128,CRITICAL,0.05054068565368652
614,1770750766.9503176,1770750767.0008337,111,ALERT,0.05051612854003906
615,1770750766.980417,1770750767.0307934,121,CRITICAL,0.05037641525268555
616,1770750767.001917,1770750767.055301,123,CRITICAL,0.05338406562805176
618,1770750767.0413754,1770750767.0915694,111,ALERT,0.05019402503967285
619,1770750767.0648806,1770750767.1152022,119,ALERT,0.05032157897949219
620,1770750767.091485,1770750767.1418555,112,ALERT,0.05037045478820801
621,1770750767.1128516,1770750767.163263,128,CRITICAL,0.05041146278381348
623,1770750767.156695,1770750767.2070594,115,ALERT,0.05036449432373047
625,1770750767.1928499,1770750767.244439,123,CRITICAL,0.051589012145996094
626,1770750767.2115571,1770750767.2620385,114,ALERT,0.050481319427490234
627,1770750767.2294843,1770750767.2799294,110,ALERT,0.0504450798034668
628,1770750767.2474878,1770750767.297933,125,CRITICAL,0.0504453182220459
629,1770750767.266877,1770750767.3229299,127,CRITICAL,0.05605292320251465
630,1770750767.284832,1770750767.3491058,113,ALERT,0.06427383422851562
631,1770750767.3026927,1770750767.3721392,128,CRITICAL,0.06944656372070312
632,1770750767.3260548,1770750767.3942559,111,ALERT,0.06820106506347656
633,1770750767.3487654,1770750767.4158583,128,CRITICAL,0.0670928955078125
634,1770750767.3717918,1770750767.440302,125,CRITICAL,0.06851005554199219
635,1770750767.3926501,1770750767.4653914,122,CRITICAL,0.07274127006530762
637,1770750767.43685,1770750767.4956582,121,CRITICAL,0.058808088302612305
638,1770750767.4597573,1770750767.5248694,124,CRITICAL,0.06511211395263672
639,1770750767.4805796,1770750767.5478036,121,CRITICAL,0.06722402572631836
640,1770750767.5066104,1770750767.572324,125,CRITICAL,0.06571364402770996
641,1770750767.5340784,1770750767.5942686,117,ALERT,0.06019020080566406
642,1770750767.5540407,1770750767.6183944,123,CRITICAL,0.06435370445251465
643,1770750767.5808342,1770750767.642781,120,ALERT,0.061946868896484375
644,1770750767.6034884,1770750767.663988,120,ALERT,0.06049966812133789
645,1770750767.6281366,1770750767.6897812,112,ALERT,0.061644554138183594
646,1770750767.65172,1770750767.7144723,130,CRITICAL,0.06275224685668945
647,1770750767.6706588,1770750767.7361665,128,CRITICAL,0.06550765037536621
648,1770750767.6956198,1770750767.7590492,122,CRITICAL,0.06342935562133789
649,1770750767.7188015,1770750767.7839787,114,ALERT,0.06517720222473145
650,1770750767.742318,1770750767.8012214,114,ALERT,0.05890345573425293
651,1770750767.759632,1770750767.820431,130,CRITICAL,0.06079888343811035
652,1770750767.776518,1770750767.8498013,122,CRITICAL,0.07328319549560547
653,1770750767.8017683,1770750767.8691099,115,ALERT,0.06734156608581543
654,1770750767.8196347,1770750767.8966818,111,ALERT,0.07704710960388184
655,1770750767.8434665,1770750767.9218965,114,ALERT,0.0784299373626709
656,1770750767.8659298,1770750767.9439812,121,CRITICAL,0.07805132865905762
657,1770750767.8855412,1770750767.9692278,122,CRITICAL,0.08368659019470215
658,1770750767.90879,1770750767.99775,126,CRITICAL,0.08895993232727051
659,1770750767.9288745,1770750768.0234177,129,CRITICAL,0.0945432186126709
660,1770750767.9508018,1770750768.0474355,112,ALERT,0.0966336727142334
661,1770750767.9772093,1770750768.0737772,124,CRITICAL,0.09656786918640137
662,1770750767.998341,1770750768.0987313,115,ALERT,0.10039019584655762
663,1770750768.0198178,1770750768.1201942,115,ALERT,0.10037636756896973
664,1770750768.044248,1770750768.1422105,112,ALERT,0.0979623794555664
665,1770750768.066994,1770750768.1645305,113,ALERT,0.09753656387329102
666,1770750768.0847726,1770750768.1909893,116,ALERT,0.1062166690826416
668,1770750768.1297054,1770750768.2156289,117,ALERT,0.08592343330383301
669,1770750768.1527739,1770750768.2379,112,ALERT,0.08512616157531738
670,1770750768.1751735,1770750768.2639422,116,ALERT,0.08876872062683105
671,1770750768.2014086,1770750768.2876346,118,ALERT,0.08622598648071289
673,1770750768.246917,1770750768.3075635,117,ALERT,0.06064653396606445
674,1770750768.275061,1770750768.3253496,126,CRITICAL,0.05028867721557617
675,1770750768.2976353,1770750768.3481386,128,CRITICAL,0.05050325393676758
676,1770750768.3141196,1770750768.3651505,118,ALERT,0.051030874252319336
677,1770750768.3332195,1770750768.3878984,126,CRITICAL,0.054678916931152344
678,1770750768.3549182,1770750768.4050915,129,CRITICAL,0.050173282623291016
679,1770750768.3758988,1770750768.427966,113,ALERT,0.05206727981567383
680,1770750768.3971875,1770750768.4523594,123,CRITICAL,0.055171966552734375
681,1770750768.4167721,1770750768.4766731,129,CRITICAL,0.05990099906921387
682,1770750768.439023,1770750768.4984658,115,ALERT,0.059442758560180664
683,1770750768.4622476,1770750768.5179658,129,CRITICAL,0.055718183517456055
684,1770750768.4865108,1770750768.5442195,124,CRITICAL,0.057708740234375
685,1770750768.5048232,1770750768.5673964,121,CRITICAL,0.06257319450378418
687,1770750768.5534663,1770750768.6039767,110,ALERT,0.050510406494140625
688,1770750768.5755353,1770750768.6257987,116,ALERT,0.050263404846191406
690,1770750768.6265764,1770750768.677098,115,ALERT,0.0505216121673584
691,1770750768.643782,1770750768.694253,117,ALERT,0.05047106742858887
692,1770750768.6677601,1770750768.7182214,116,ALERT,0.0504612922668457
694,1770750768.712,1770750768.762322,123,CRITICAL,0.05032205581665039
695,1770750768.7336957,1770750768.784265,124,CRITICAL,0.05056929588317871
696,1770750768.755223,1770750768.8056157,110,ALERT,0.05039262771606445
697,1770750768.7776763,1770750768.8280115,124,CRITICAL,0.05033516883850098
698,1770750768.8013105,1770750768.8519065,130,CRITICAL,0.050595998764038086
699,1770750768.825902,1770750768.8762088,114,ALERT,0.05030679702758789
700,1770750768.8526235,1770750768.90316,123,CRITICAL,0.0505366325378418
701,1770750768.8746796,1770750768.9250104,120,ALERT,0.05033087730407715
702,1770750768.8988504,1770750768.9490848,111,ALERT,0.050234317779541016
703,1770750768.9159887,1770750768.9662344,110,ALERT,0.05024576187133789
704,1770750768.942043,1770750768.9925117,127,CRITICAL,0.05046868324279785
705,1770750768.9644916,1770750769.0148425,126,CRITICAL,0.05035090446472168
706,1770750768.9817197,1770750769.0322256,110,ALERT,0.050505876541137695
707,1770750769.0002022,1770750769.050562,120,ALERT,0.05035972595214844
708,1770750769.020611,1770750769.0709958,112,ALERT,0.0503847599029541
709,1770750769.0388248,1770750769.0948875,110,ALERT,0.05606269836425781
710,1770750769.060037,1770750769.1146603,114,ALERT,0.05462336540222168
711,1770750769.0839486,1770750769.1423926,110,ALERT,0.05844402313232422
712,1770750769.1049051,1770750769.1642795,111,ALERT,0.059374332427978516
713,1770750769.1242754,1770750769.1909633,116,ALERT,0.06668782234191895
714,1770750769.1504788,1770750769.2165802,126,CRITICAL,0.0661013126373291
715,1770750769.1727676,1770750769.241963,126,CRITICAL,0.06919527053833008
716,1770750769.200632,1770750769.2657936,121,CRITICAL,0.06516146659851074
717,1770750769.2208564,1770750769.2918887,117,ALERT,0.07103228569030762
718,1770750769.245454,1770750769.3137026,111,ALERT,0.06824851036071777
719,1770750769.2684143,1770750769.3331728,116,ALERT,0.0647585391998291
720,1770750769.2928355,1770750769.3545697,118,ALERT,0.06173419952392578
721,1770750769.31472,1770750769.377016,119,ALERT,0.062296152114868164
723,1770750769.3625116,1770750769.412961,112,ALERT,0.050449371337890625
724,1770750769.3871636,1770750769.4376345,121,CRITICAL,0.050470829010009766
725,1770750769.4080386,1770750769.4584098,119,ALERT,0.05037117004394531
726,1770750769.4310422,1770750769.4813921,113,ALERT,0.05034995079040527
727,1770750769.4562728,1770750769.5067458,130,CRITICAL,0.05047297477722168
728,1770750769.4738073,1770750769.5243175,130,CRITICAL,0.05051016807556152
729,1770750769.495141,1770750769.5454547,120,ALERT,0.050313711166381836
730,1770750769.5149856,1770750769.5653675,120,ALERT,0.05038189888000488
731,1770750769.5350008,1770750769.5853055,122,CRITICAL,0.05030465126037598
732,1770750769.554548,1770750769.604927,127,CRITICAL,0.050379037857055664
733,1770750769.5719066,1770750769.6274538,125,CRITICAL,0.055547237396240234
735,1770750769.6098301,1770750769.6603465,120,ALERT,0.050516366958618164
736,1770750769.6322157,1770750769.6834595,124,CRITICAL,0.05124378204345703
737,1770750769.6559322,1770750769.710648,115,ALERT,0.054715871810913086
738,1770750769.6787596,1770750769.7355587,111,ALERT,0.05679917335510254
740,1770750769.73063,1770750769.7812905,116,ALERT,0.05066061019897461
741,1770750769.7558534,1770750769.8062408,116,ALERT,0.05038738250732422
742,1770750769.7814188,1770750769.8320296,128,CRITICAL,0.05061078071594238
743,1770750769.8048296,1770750769.855233,117,ALERT,0.05040335655212402
745,1770750769.8493948,1770750769.8999863,129,CRITICAL,0.050591468811035156
746,1770750769.8660688,1770750769.9168606,111,ALERT,0.05079174041748047
747,1770750769.8895905,1770750769.9401717,123,CRITICAL,0.05058121681213379
748,1770750769.919913,1770750769.9703057,130,CRITICAL,0.05039262771606445
750,1770750769.9716427,1770750770.022358,129,CRITICAL,0.05071520805358887
752,1770750770.0151846,1770750770.0653446,121,CRITICAL,0.05015993118286133
753,1770750770.0374131,1770750770.087941,129,CRITICAL,0.05052781105041504
754,1770750770.0651004,1770750770.1157246,121,CRITICAL,0.05062413215637207
755,1770750770.0802867,1770750770.1306655,130,CRITICAL,0.05037879943847656
756,1770750770.096233,1770750770.1466935,111,ALERT,0.0504605770111084
757,1770750770.1155517,1770750770.1659002,130,CRITICAL,0.050348520278930664
758,1770750770.1335514,1770750770.1837888,123,CRITICAL,0.050237417221069336
759,1770750770.1508925,1770750770.2020068,127,CRITICAL,0.05111432075500488
760,1770750770.1650684,1770750770.2277448,116,ALERT,0.06267642974853516
761,1770750770.1832912,1770750770.2517414,111,ALERT,0.0684502124786377
762,1770750770.20482,1770750770.27931,130,CRITICAL,0.07449007034301758
763,1770750770.2261193,1770750770.3054695,119,ALERT,0.07935023307800293
764,1770750770.2505767,1770750770.3301523,118,ALERT,0.0795755386352539
765,1770750770.2795625,1770750770.354217,123,CRITICAL,0.07465457916259766
767,1770750770.3256047,1770750770.377488,120,ALERT,0.05188322067260742
768,1770750770.345731,1770750770.403909,121,CRITICAL,0.058177947998046875
769,1770750770.3659685,1770750770.4259868,112,ALERT,0.060018301010131836
770,1770750770.387406,1770750770.4508114,123,CRITICAL,0.06340527534484863
771,1770750770.4145842,1770750770.4751787,112,ALERT,0.06059455871582031
772,1770750770.4375503,1770750770.4995737,112,ALERT,0.06202340126037598
773,1770750770.46044,1770750770.511432,129,CRITICAL,0.05099201202392578
774,1770750770.4860063,1770750770.5367053,112,ALERT,0.05069899559020996
775,1770750770.510174,1770750770.5608797,123,CRITICAL,0.050705671310424805
776,1770750770.530877,1770750770.5838642,112,ALERT,0.052987098693847656
777,1770750770.5513391,1770750770.607207,119,ALERT,0.055867910385131836
778,1770750770.571594,1770750770.6311212,127,CRITICAL,0.05952715873718262
779,1770750770.5955746,1770750770.6533337,119,ALERT,0.05775904655456543
780,1770750770.6190999,1770750770.6706796,114,ALERT,0.05157971382141113
781,1770750770.6443126,1770750770.695047,60,NORMAL,0.05073428153991699
782,1770750770.658551,1770750770.7148354,86,NORMAL,0.056284427642822266
783,1770750770.680163,1770750770.730428,67,NORMAL,0.05026507377624512
784,1770750770.7024124,1770750770.7529383,77,NORMAL,0.05052590370178223
785,1770750770.7239873,1770750770.774428,73,NORMAL,0.05044054985046387
786,1770750770.7406082,1770750770.7923026,76,NORMAL,0.051694393157958984
787,1770750770.7593904,1770750770.820492,65,NORMAL,0.061101675033569336
789,1770750770.8007412,1770750770.851259,69,NORMAL,0.05051779747009277
790,1770750770.8199966,1770750770.8704133,76,NORMAL,0.05041670799255371
791,1770750770.840062,1770750770.8925757,80,NORMAL,0.052513837814331055
792,1770750770.8658683,1770750770.9164588,60,NORMAL,0.05059051513671875
793,1770750770.8900888,1770750770.9406586,72,NORMAL,0.050569772720336914
794,1770750770.9117434,1770750770.9620938,62,NORMAL,0.05035042762756348
795,1770750770.9316268,1770750770.9819436,89,NORMAL,0.050316810607910156
796,1770750770.9522333,1770750771.0053847,75,NORMAL,0.05315136909484863
797,1770750770.9734826,1770750771.0318935,73,NORMAL,0.0584108829498291
798,1770750770.995132,1770750771.0573978,62,NORMAL,0.062265872955322266
799,1770750771.016971,1770750771.0849438,90,NORMAL,0.06797266006469727
800,1770750771.0408735,1770750771.1155534,114,ALERT,0.07467985153198242
801,1770750771.067514,1770750771.1396146,128,CRITICAL,0.07210063934326172
802,1770750771.095014,1770750771.170282,113,ALERT,0.07526779174804688
804,1770750771.149754,1770750771.2003744,120,ALERT,0.050620317459106445
805,1770750771.1754186,1770750771.225717,128,CRITICAL,0.050298452377319336
807,1770750771.2138827,1770750771.264426,123,CRITICAL,0.05054330825805664
808,1770750771.2277882,1770750771.278117,124,CRITICAL,0.050328731536865234
809,1770750771.241163,1770750771.291555,120,ALERT,0.05039191246032715
810,1770750771.2623954,1770750771.3127286,113,ALERT,0.050333261489868164
811,1770750771.284791,1770750771.3353245,120,ALERT,0.05053353309631348
812,1770750771.3023243,1770750771.3529713,120,ALERT,0.05064702033996582
813,1770750771.3228402,1770750771.3730195,124,CRITICAL,0.050179243087768555
814,1770750771.3440363,1770750771.3973978,112,ALERT,0.05336141586303711
815,1770750771.3619971,1770750771.422712,120,ALERT,0.0607149600982666
816,1770750771.3837795,1770750771.4433393,116,ALERT,0.05955982208251953
817,1770750771.407395,1770750771.469461,130,CRITICAL,0.062066078186035156
819,1770750771.453845,1770750771.5046372,125,CRITICAL,0.05079221725463867
820,1770750771.4784272,1770750771.5285704,114,ALERT,0.05014324188232422
821,1770750771.50562,1770750771.5562596,122,CRITICAL,0.05063962936401367
822,1770750771.528279,1770750771.5786614,126,CRITICAL,0.050382375717163086
823,1770750771.5487657,1770750771.5992947,120,ALERT,0.05052900314331055
825,1770750771.5927932,1770750771.6433303,118,ALERT,0.050537109375
826,1770750771.6166785,1770750771.6671283,125,CRITICAL,0.05044984817504883
827,1770750771.6401,1770750771.6906476,122,CRITICAL,0.05054759979248047
828,1770750771.6608474,1770750771.7111735,111,ALERT,0.05032610893249512
829,1770750771.6830475,1770750771.73345,129,CRITICAL,0.05040240287780762
830,1770750771.710137,1770750771.7609391,123,CRITICAL,0.05080223083496094
831,1770750771.7337058,1770750771.7843242,120,ALERT,0.05061841011047363
832,1770750771.7561455,1770750771.806463,111,ALERT,0.05031752586364746
833,1770750771.7798524,1770750771.8302858,118,ALERT,0.05043339729309082
834,1770750771.7997766,1770750771.850117,127,CRITICAL,0.05034041404724121
835,1770750771.8142304,1770750771.8648076,128,CRITICAL,0.05057716369628906
836,1770750771.833772,1770750771.8842847,115,ALERT,0.05051279067993164
837,1770750771.8552873,1770750771.9056253,126,CRITICAL,0.050338029861450195
838,1770750771.8725328,1770750771.9232378,121,CRITICAL,0.0507049560546875
839,1770750771.8916032,1770750771.9419136,115,ALERT,0.050310373306274414
840,1770750771.9082859,1770750771.960054,129,CRITICAL,0.05176806449890137
841,1770750771.9276328,1770750771.978209,117,ALERT,0.050576210021972656
842,1770750771.9470356,1770750772.0009856,111,ALERT,0.05395007133483887
843,1770750771.9688427,1770750772.0282195,117,ALERT,0.05937671661376953
844,1770750771.9888291,1770750772.0523736,115,ALERT,0.06354451179504395
845,1770750772.013568,1770750772.0803351,122,CRITICAL,0.06676721572875977
846,1770750772.0388465,1770750772.1060817,110,ALERT,0.06723523139953613
848,1770750772.090808,1770750772.1410303,114,ALERT,0.05022239685058594
849,1770750772.11636,1770750772.1668868,117,ALERT,0.05052685737609863
850,1770750772.1442957,1770750772.194846,128,CRITICAL,0.050550222396850586
851,1770750772.1743627,1770750772.2250016,112,ALERT,0.05063891410827637
852,1770750772.1951702,1770750772.2455225,127,CRITICAL,0.05035233497619629
853,1770750772.213919,1770750772.264828,114,ALERT,0.05090904235839844
854,1770750772.236741,1770750772.2893546,125,CRITICAL,0.05261349678039551
856,1770750772.2823882,1770750772.333095,119,ALERT,0.05070686340332031
857,1770750772.3012798,1770750772.351529,116,ALERT,0.05024909973144531
858,1770750772.323878,1770750772.3744016,127,CRITICAL,0.05052351951599121
859,1770750772.3512144,1770750772.401557,124,CRITICAL,0.050342559814453125
861,1770750772.3888268,1770750772.4393578,113,ALERT,0.05053091049194336
862,1770750772.4048052,1770750772.455313,116,ALERT,0.05050778388977051
863,1770750772.434222,1770750772.4848053,121,CRITICAL,0.0505833625793457
864,1770750772.4524853,1770750772.503023,128,CRITICAL,0.0505375862121582
865,1770750772.4710355,1770750772.521285,114,ALERT,0.050249576568603516
866,1770750772.4971714,1770750772.5475478,117,ALERT,0.05037641525268555
867,1770750772.5172966,1770750772.5678303,111,ALERT,0.05053377151489258
868,1770750772.5440495,1770750772.5946875,124,CRITICAL,0.05063796043395996
869,1770750772.5697267,1770750772.62018,119,ALERT,0.05045318603515625
870,1770750772.5945823,1770750772.6456053,116,ALERT,0.051023006439208984
871,1770750772.6153252,1770750772.6661153,117,ALERT,0.05079007148742676
872,1770750772.6337106,1770750772.6893384,129,CRITICAL,0.05562782287597656
873,1770750772.658294,1770750772.7160666,122,CRITICAL,0.05777263641357422
874,1770750772.6781564,1770750770.2900145,121,CRITICAL,-2.3881418704986572
875,1770750772.7048686,1770750770.3157568,128,CRITICAL,-2.3891117572784424
876,1770750772.72402,1770750770.3365865,121,CRITICAL,-2.3874335289001465
877,1770750770.2987552,1770750770.3627598,120,ALERT,0.06400465965270996
878,1770750770.323746,1770750770.3902054,116,ALERT,0.06645941734313965
879,1770750770.346588,1770750770.4161766,116,ALERT,0.06958866119384766
880,1770750770.3718781,1770750770.443529,114,ALERT,0.07165074348449707
881,1770750770.3956933,1770750770.4688091,130,CRITICAL,0.07311582565307617
882,1770750770.4155502,1770750770.4896224,115,ALERT,0.07407212257385254
883,1770750770.4371789,1770750770.5029817,129,CRITICAL,0.06580281257629395
884,1770750770.4588819,1770750770.5194108,129,CRITICAL,0.06052899360656738
885,1770750770.4827185,1770750770.5457351,121,CRITICAL,0.06301665306091309
886,1770750770.4990532,1770750770.571539,111,ALERT,0.07248568534851074
887,1770750770.5181715,1770750770.5910444,127,CRITICAL,0.07287287712097168
888,1770750770.5331461,1770750770.6135643,119,ALERT,0.08041810989379883
889,1770750770.5579152,1770750770.636739,116,ALERT,0.07882380485534668
890,1770750770.5814288,1770750770.6601405,122,CRITICAL,0.07871174812316895
891,1770750770.5959828,1770750770.686271,113,ALERT,0.09028816223144531
892,1770750770.6146374,1770750770.7156777,124,CRITICAL,0.10104036331176758
893,1770750770.6365793,1770750770.742493,128,CRITICAL,0.10591363906860352
894,1770750770.6583998,1770750770.7611027,115,ALERT,0.10270285606384277
895,1770750770.679187,1770750770.7755115,127,CRITICAL,0.09632444381713867
896,1770750770.7075906,1770750770.8032823,125,CRITICAL,0.09569168090820312
897,1770750770.731745,1770750770.824358,120,ALERT,0.09261298179626465
898,1770750770.7596543,1770750770.8501773,115,ALERT,0.09052300453186035
899,1770750770.7862027,1770750770.877083,119,ALERT,0.0908803939819336
900,1770750770.8032587,1770750770.9013948,110,ALERT,0.09813618659973145
901,1770750770.826592,1770750770.924989,127,CRITICAL,0.09839701652526855
903,1770750770.8735552,1770750770.9578338,128,CRITICAL,0.08427858352661133
904,1770750770.8983643,1770750770.9817007,129,CRITICAL,0.08333635330200195
905,1770750770.9223163,1770750771.003492,123,CRITICAL,0.0811758041381836
906,1770750770.9407575,1770750771.0365453,129,CRITICAL,0.09578776359558105
907,1770750770.9685547,1770750771.0594194,122,CRITICAL,0.09086465835571289
908,1770750770.9928255,1770750771.0781624,123,CRITICAL,0.08533692359924316
909,1770750771.0175066,1770750771.0983467,116,ALERT,0.0808401107788086
910,1770750771.0454752,1770750771.1213458,123,CRITICAL,0.07587051391601562
911,1770750771.0649533,1770750771.1431894,116,ALERT,0.07823610305786133
913,1770750771.0982387,1770750771.1582646,111,ALERT,0.060025930404663086
915,1770750771.1402783,1770750771.1905851,115,ALERT,0.05030679702758789
916,1770750771.160196,1770750771.210444,127,CRITICAL,0.050247907638549805
917,1770750771.1771388,1770750771.2280025,118,ALERT,0.05086374282836914
919,1770750771.2154467,1770750771.266268,117,ALERT,0.05082130432128906
920,1770750771.2408533,1770750771.2912788,124,CRITICAL,0.05042552947998047
921,1770750771.2609072,1770750771.311207,119,ALERT,0.050299882888793945
922,1770750771.285867,1770750771.336458,115,ALERT,0.05059099197387695
923,1770750771.3060064,1770750771.3565447,121,CRITICAL,0.05053830146789551
924,1770750771.3326597,1770750771.382985,121,CRITICAL,0.05032539367675781
925,1770750771.3589995,1770750771.409515,130,CRITICAL,0.05051541328430176
927,1770750771.406084,1770750771.4568124,125,CRITICAL,0.05072832107543945
928,1770750771.4276292,1770750771.4781594,122,CRITICAL,0.050530195236206055
929,1770750771.4528139,1770750771.5030437,115,ALERT,0.050229787826538086
930,1770750771.4750504,1770750771.525696,120,ALERT,0.05064558982849121
931,1770750771.4915283,1770750771.5419893,130,CRITICAL,0.0504610538482666
932,1770750771.517729,1770750771.5682955,129,CRITICAL,0.05056643486022949
933,1770750771.5411217,1770750771.5915036,116,ALERT,0.05038189888000488
934,1770750771.5625956,1770750771.6131287,110,ALERT,0.05053305625915527
936,1770750771.6009874,1770750771.6513853,124,CRITICAL,0.05039787292480469
937,1770750771.6199462,1770750771.6704156,123,CRITICAL,0.050469398498535156
938,1770750771.64221,1770750771.6926596,127,CRITICAL,0.05044960975646973
939,1770750771.6565216,1770750771.706783,112,ALERT,0.050261497497558594
940,1770750771.6756046,1770750771.7262375,121,CRITICAL,0.05063295364379883
941,1770750771.695404,1770750771.7460074,126,CRITICAL,0.050603389739990234
942,1770750771.717596,1770750771.76803,124,CRITICAL,0.05043387413024902
943,1770750771.7350824,1770750771.7855427,130,CRITICAL,0.0504603385925293
944,1770750771.7528286,1770750771.8084028,124,CRITICAL,0.05557417869567871
946,1770750771.7964332,1770750771.8468134,119,ALERT,0.05038022994995117
949,1770750771.8653622,1770750771.9158263,122,CRITICAL,0.05046415328979492
950,1770750771.8883307,1770750771.9387293,117,ALERT,0.05039858818054199
951,1770750771.9135323,1770750771.963943,128,CRITICAL,0.05041074752807617
952,1770750771.9381275,1770750771.9886482,128,CRITICAL,0.05052065849304199
953,1770750771.9622355,1770750772.012472,125,CRITICAL,0.05023646354675293
954,1770750771.9856615,1770750772.036091,118,ALERT,0.050429582595825195
955,1770750772.0112154,1770750772.061734,129,CRITICAL,0.05051851272583008
956,1770750772.0314906,1770750772.081964,119,ALERT,0.05047345161437988
957,1770750772.0558507,1770750772.106434,125,CRITICAL,0.0505833625793457
958,1770750772.0791838,1770750772.1296227,128,CRITICAL,0.050438880920410156
959,1770750772.1002598,1770750772.1504362,120,ALERT,0.050176382064819336
960,1770750772.1221159,1770750772.1746519,112,ALERT,0.0525360107421875
961,1770750772.1405237,1770750772.2062483,124,CRITICAL,0.06572461128234863
962,1770750772.162977,1770750772.2317472,130,CRITICAL,0.06877017021179199
963,1770750772.188617,1770750772.2593014,119,ALERT,0.07068443298339844
964,1770750772.2164004,1770750772.2768395,125,CRITICAL,0.060439109802246094
966,1770750772.2687156,1770750772.3189006,116,ALERT,0.05018496513366699
967,1770750772.287488,1770750772.338057,118,ALERT,0.05056905746459961
968,1770750772.3030663,1770750772.3535802,118,ALERT,0.05051398277282715
969,1770750772.3188453,1770750772.372983,115,ALERT,0.0541377067565918
970,1770750772.3401508,1770750772.390658,112,ALERT,0.0505070686340332
971,1770750772.3607905,1770750772.415858,114,ALERT,0.05506753921508789
972,1770750772.3821862,1770750772.4423199,127,CRITICAL,0.06013369560241699
973,1770750772.402064,1770750772.4622662,127,CRITICAL,0.06020212173461914
974,1770750772.4266214,1770750772.4832962,113,ALERT,0.05667471885681152
975,1770750772.4482286,1770750772.5060341,119,ALERT,0.057805538177490234
976,1770750772.4729896,1770750772.5297008,119,ALERT,0.05671119689941406
977,1770750772.4943597,1770750772.556034,112,ALERT,0.06167435646057129
978,1770750772.5148988,1770750772.580707,120,ALERT,0.06580829620361328
979,1770750772.5394504,1770750772.6112185,118,ALERT,0.07176804542541504
980,1770750772.5650632,1770750772.6367104,113,ALERT,0.07164716720581055
981,1770750772.5845077,1770750772.6565614,123,CRITICAL,0.07205367088317871
982,1770750772.609452,1770750772.6800256,120,ALERT,0.07057356834411621
983,1770750772.6382103,1770750772.7048197,130,CRITICAL,0.06660938262939453
984,1770750772.66099,1770750772.7277536,128,CRITICAL,0.06676363945007324
985,1770750772.6829267,1770750772.7513113,126,CRITICAL,0.06838464736938477
987,1770750772.7330604,1770750772.7834468,124,CRITICAL,0.05038642883300781
988,1770750772.7555528,1770750772.806257,117,ALERT,0.050704240798950195
990,1770750772.798846,1770750772.8494496,118,ALERT,0.050603628158569336
991,1770750772.820876,1770750772.8713117,118,ALERT,0.050435781478881836
992,1770750772.8398988,1770750772.8902965,113,ALERT,0.050397634506225586
993,1770750772.8582335,1770750772.9090137,119,ALERT,0.050780296325683594
994,1770750772.8799806,1770750772.9302623,119,ALERT,0.05028176307678223
995,1770750772.900756,1770750772.9510927,117,ALERT,0.05033683776855469
996,1770750772.9283442,1770750772.9785268,123,CRITICAL,0.05018258094787598
997,1770750772.9550266,1770750773.005735,129,CRITICAL,0.05070829391479492
998,1770750772.974306,1770750773.0248022,116,ALERT,0.05049610137939453
999,1770750773.000341,1770750773.0505493,114,ALERT,0.050208330154418945
1000,1770750773.022156,1770750773.072699,122,CRITICAL,0.05054306983947754
1001,1770750773.0404627,1770750773.0937772,130,CRITICAL,0.0533144474029541
1002,1770750773.0587144,1770750773.1181884,126,CRITICAL,0.05947399139404297
1003,1770750773.0781267,1770750773.146472,120,ALERT,0.06834530830383301
1004,1770750773.1030228,1770750773.1730275,113,ALERT,0.07000470161437988
1005,1770750773.1279676,1770750773.1977618,127,CRITICAL,0.0697941780090332
1006,1770750773.1556754,1770750773.2255924,130,CRITICAL,0.06991696357727051
1007,1770750773.1811364,1770750773.2533784,113,ALERT,0.07224202156066895
1008,1770750773.2027931,1770750773.275725,121,CRITICAL,0.07293176651000977
1009,1770750773.2287974,1770750773.298791,130,CRITICAL,0.06999349594116211
1010,1770750773.2547548,1770750773.3214037,120,ALERT,0.06664896011352539
1011,1770750773.2838917,1770750773.3516748,120,ALERT,0.06778311729431152
1012,1770750773.308491,1770750773.3739612,110,ALERT,0.06547021865844727
1013,1770750773.330211,1770750773.3931947,130,CRITICAL,0.06298375129699707
1014,1770750773.3446617,1770750773.4132257,123,CRITICAL,0.06856393814086914
1015,1770750773.3663628,1770750773.4290242,130,CRITICAL,0.06266140937805176
1016,1770750773.3849432,1770750773.4516416,112,ALERT,0.06669831275939941
1017,1770750773.4030924,1770750773.4798026,122,CRITICAL,0.07671022415161133
1018,1770750773.4209962,1770750773.5013032,112,ALERT,0.0803070068359375
1020,1770750773.4617078,1770750773.5266502,111,ALERT,0.0649423599243164
1021,1770750773.4889245,1770750773.5495179,124,CRITICAL,0.060593366622924805
1023,1770750773.5317028,1770750773.582216,118,ALERT,0.050513267517089844
1024,1770750773.557749,1770750773.6081522,110,ALERT,0.05040311813354492
1025,1770750773.580257,1770750773.63038,129,CRITICAL,0.050122976303100586
1026,1770750773.6028528,1770750773.6533275,129,CRITICAL,0.05047464370727539
1027,1770750773.630613,1770750773.6811352,120,ALERT,0.0505220890045166
1028,1770750773.6531906,1770750773.703568,123,CRITICAL,0.05037736892700195
1029,1770750773.6769419,1770750773.7272317,116,ALERT,0.05028986930847168
1030,1770750773.6989703,1770750773.7494228,118,ALERT,0.050452470779418945
1031,1770750773.7263165,1770750773.7767122,121,CRITICAL,0.05039572715759277
1032,1770750773.752162,1770750773.8025975,119,ALERT,0.050435543060302734
1033,1770750773.778005,1770750773.828417,118,ALERT,0.05041217803955078
1034,1770750773.8033369,1770750773.8537047,113,ALERT,0.05036783218383789
1035,1770750773.83132,1770750773.8818536,119,ALERT,0.05053353309631348
1036,1770750773.852584,1770750773.9028153,116,ALERT,0.0502314567565918
1037,1770750773.8728056,1770750773.9254458,116,ALERT,0.05264019966125488
1038,1770750773.8983662,1770750773.948776,111,ALERT,0.050409793853759766
1039,1770750773.917691,1770750773.9710248,115,ALERT,0.05333375930786133
1040,1770750773.9414332,1770750773.9918506,112,ALERT,0.050417423248291016
1041,1770750773.9644723,1770750774.0147634,119,ALERT,0.05029106140136719
1042,1770750773.9866815,1770750774.037054,128,CRITICAL,0.05037260055541992
1043,1770750774.004351,1770750774.0579584,124,CRITICAL,0.05360746383666992
1044,1770750774.0186744,1770750774.0808785,130,CRITICAL,0.06220412254333496
1045,1770750774.040409,1770750774.1059077,111,ALERT,0.06549859046936035
1046,1770750774.0596852,1770750774.1283212,113,ALERT,0.06863594055175781
1047,1770750774.0848927,1770750774.153661,126,CRITICAL,0.06876826286315918
1048,1770750774.1078823,1770750774.176426,113,ALERT,0.06854367256164551
1050,1770750774.1520438,1770750774.202167,128,CRITICAL,0.05012321472167969
1051,1770750774.176647,1770750774.2279606,118,ALERT,0.05131363868713379
1052,1770750774.2004826,1770750774.2506511,110,ALERT,0.050168514251708984
1053,1770750774.2199655,1770750774.270356,118,ALERT,0.05039048194885254
1055,1770750774.2618246,1770750774.3122332,118,ALERT,0.05040860176086426
1056,1770750774.2821543,1770750774.3325987,117,ALERT,0.05044436454772949
1057,1770750774.3069415,1770750774.3574767,126,CRITICAL,0.05053520202636719
1058,1770750774.3301947,1770750774.3805475,119,ALERT,0.05035281181335449
1059,1770750774.3519702,1770750774.4035325,112,ALERT,0.05156230926513672
1060,1770750774.371936,1770750774.4238045,127,CRITICAL,0.051868438720703125
1061,1770750774.3916037,1770750774.4418654,116,ALERT,0.050261735916137695
1062,1770750774.4168,1770750774.4671257,115,ALERT,0.050325632095336914
1063,1770750774.441695,1770750774.492058,121,CRITICAL,0.05036306381225586
1064,1770750774.4664347,1770750774.517037,125,CRITICAL,0.05060219764709473
1065,1770750774.4872198,1770750774.5378337,117,ALERT,0.0506138801574707
1066,1770750774.508128,1770750774.558372,112,ALERT,0.05024409294128418
1067,1770750774.524819,1770750774.5752819,118,ALERT,0.050462961196899414
1068,1770750774.5499423,1770750774.60052,126,CRITICAL,0.050577640533447266
1072,1770750774.6302495,1770750774.680724,112,ALERT,0.05047440528869629
1073,1770750774.6535275,1770750774.7039971,119,ALERT,0.05046963691711426
1074,1770750774.6755714,1770750774.7263548,112,ALERT,0.050783395767211914
1075,1770750774.6932192,1770750774.7435992,120,ALERT,0.05037999153137207
1076,1770750774.7146523,1770750774.7650156,114,ALERT,0.05036330223083496
1077,1770750774.7413392,1770750774.7919652,130,CRITICAL,0.05062603950500488
1078,1770750774.76318,1770750774.813691,118,ALERT,0.05051088333129883
1079,1770750774.7852595,1770750774.8357134,128,CRITICAL,0.050453901290893555
1080,1770750774.8051,1770750774.85545,123,CRITICAL,0.05034995079040527
1082,1770750774.853003,1770750774.9034932,119,ALERT,0.05049014091491699
1083,1770750774.874313,1770750774.9248135,121,CRITICAL,0.05050039291381836
1084,1770750774.9001563,1770750774.9504395,116,ALERT,0.050283193588256836
1085,1770750774.918462,1770750774.9690053,121,CRITICAL,0.05054330825805664
1086,1770750774.9435463,1770750774.994017,111,ALERT,0.050470590591430664
1087,1770750774.9654155,1770750775.0158389,127,CRITICAL,0.050423383712768555
1088,1770750774.9920616,1770750775.0423944,129,CRITICAL,0.05033278465270996
1089,1770750775.0117242,1770750775.0622873,117,ALERT,0.05056309700012207
1091,1770750775.0655608,1770750775.1161106,118,ALERT,0.05054974555969238
1092,1770750775.0853941,1770750775.1356952,111,ALERT,0.05030107498168945
1093,1770750775.1078923,1770750775.158371,124,CRITICAL,0.05047869682312012
1096,1770750775.1646369,1770750775.2150793,130,CRITICAL,0.05044245719909668
1097,1770750775.1903749,1770750775.2408845,122,CRITICAL,0.05050969123840332
1098,1770750775.2170758,1770750775.267669,111,ALERT,0.05059313774108887
1099,1770750775.240866,1770750775.2913682,113,ALERT,0.05050230026245117
1100,1770750775.2639494,1770750775.314541,124,CRITICAL,0.05059170722961426
1101,1770750775.2855275,1770750775.336003,130,CRITICAL,0.0504755973815918
1102,1770750775.307076,1770750775.357634,121,CRITICAL,0.05055809020996094
1103,1770750775.3312345,1770750775.381773,130,CRITICAL,0.05053853988647461
1104,1770750775.3533673,1770750775.4036582,111,ALERT,0.050290822982788086
1105,1770750775.3702466,1770750775.428952,125,CRITICAL,0.05870532989501953
1106,1770750775.3922994,1770750775.4518273,127,CRITICAL,0.05952787399291992
1109,1770750775.4582686,1770750775.5085669,125,CRITICAL,0.050298213958740234
1110,1770750775.482297,1770750775.5328472,130,CRITICAL,0.050550222396850586
1111,1770750775.5074496,1770750775.558079,115,ALERT,0.050629377365112305
1112,1770750775.52855,1770750775.5789704,129,CRITICAL,0.050420522689819336
1113,1770750775.5552006,1770750775.6056168,127,CRITICAL,0.05041623115539551
1115,1770750775.5996675,1770750775.6502264,113,ALERT,0.05055880546569824
1116,1770750775.6173067,1770750775.6676462,125,CRITICAL,0.050339460372924805
1117,1770750775.6379716,1770750775.688416,126,CRITICAL,0.05044436454772949
1118,1770750775.6536946,1770750775.7041497,125,CRITICAL,0.05045509338378906
1119,1770750775.673174,1770750775.7235632,121,CRITICAL,0.05038928985595703
1120,1770750775.693911,1770750775.7442398,124,CRITICAL,0.050328731536865234
1121,1770750775.710314,1770750775.7715235,119,ALERT,0.06120944023132324
1122,1770750775.7285252,1770750775.795252,113,ALERT,0.0667269229888916
1123,1770750775.7488923,1770750775.8181994,115,ALERT,0.06930708885192871
1124,1770750775.7744057,1770750775.838909,124,CRITICAL,0.06450319290161133
1125,1770750775.797532,1770750775.8673446,121,CRITICAL,0.06981253623962402
1126,1770750775.8232594,1770750775.8905253,129,CRITICAL,0.06726598739624023
1127,1770750775.842117,1770750775.9162226,127,CRITICAL,0.07410550117492676
1129,1770750775.8864226,1770750775.9421968,128,CRITICAL,0.05577421188354492
1131,1770750775.9370139,1770750775.987437,114,ALERT,0.05042314529418945
1132,1770750775.9640405,1770750776.0143504,121,CRITICAL,0.05030989646911621
1133,1770750775.9905233,1770750776.041022,127,CRITICAL,0.05049872398376465
1135,1770750776.0370262,1770750776.087501,117,ALERT,0.05047488212585449
1136,1770750776.0581388,1770750776.1087375,117,ALERT,0.0505986213684082
1137,1770750776.0831268,1770750776.1337414,77,NORMAL,0.05061459541320801
1138,1770750776.102119,1770750776.152579,88,NORMAL,0.050460100173950195
1139,1770750776.128546,1770750776.1788917,69,NORMAL,0.050345659255981445
1140,1770750776.1564121,1770750776.2068417,78,NORMAL,0.050429582595825195
1141,1770750776.1767125,1770750776.2270954,75,NORMAL,0.05038285255432129
1142,1770750776.1974602,1770750776.2478707,88,NORMAL,0.05041050910949707
1143,1770750776.2150438,1770750776.2654774,63,NORMAL,0.05043363571166992
1144,1770750776.2376857,1770750776.2880428,63,NORMAL,0.05035710334777832
1146,1770750776.2762954,1770750776.3265872,67,NORMAL,0.05029177665710449
1147,1770750776.298448,1770750776.3488429,75,NORMAL,0.05039477348327637
1149,1770750776.3446274,1770750776.395009,71,NORMAL,0.05038166046142578
1150,1770750776.3617055,1770750776.4122348,73,NORMAL,0.05052924156188965
1151,1770750776.3874822,1770750776.438072,81,NORMAL,0.050589799880981445
1152,1770750776.4100182,1770750776.4606433,87,NORMAL,0.05062508583068848
1153,1770750776.4323575,1770750776.48256,82,NORMAL,0.050202369689941406
1154,1770750776.457427,1770750776.5078592,72,NORMAL,0.05043220520019531
1155,1770750776.4770238,1770750776.5274017,60,NORMAL,0.050377845764160156
1156,1770750776.4998846,1770750776.5503714,72,NORMAL,0.05048680305480957
1158,1770750776.5487418,1770750776.5992377,64,NORMAL,0.05049586296081543
1159,1770750776.5681446,1770750776.6184905,60,NORMAL,0.05034589767456055
1160,1770750776.5876358,1770750776.638181,88,NORMAL,0.05054521560668945
1161,1770750776.6123154,1770750776.6626096,78,NORMAL,0.05029416084289551
1162,1770750776.6401062,1770750776.6903079,88,NORMAL,0.0502016544342041
1163,1770750776.667445,1770750776.7181463,77,NORMAL,0.05070137977600098
1164,1770750776.6875904,1770750776.7382894,89,NORMAL,0.05069899559020996
1165,1770750776.7094755,1770750776.7599914,71,NORMAL,0.05051589012145996
1167,1770750776.7512202,1770750776.8020043,82,NORMAL,0.05078411102294922
1168,1770750776.772543,1770750776.822867,76,NORMAL,0.0503239631652832
1169,1770750776.7954822,1770750776.845857,68,NORMAL,0.050374746322631836
1170,1770750776.8189535,1770750776.8695328,82,NORMAL,0.05057930946350098
1171,1770750776.8442822,1770750776.894499,63,NORMAL,0.0502169132232666
1172,1770750776.8694875,1770750776.9199817,90,NORMAL,0.05049419403076172
1173,1770750776.890048,1770750776.9405084,73,NORMAL,0.0504603385925293
1174,1770750776.9123707,1770750776.9649873,90,NORMAL,0.05261659622192383
1175,1770750776.9365988,1770750776.993155,70,NORMAL,0.05655622482299805
1176,1770750776.958424,1770750777.008914,60,NORMAL,0.05048990249633789
1177,1770750776.9813662,1770750777.0319595,73,NORMAL,0.05059337615966797
1178,1770750777.0062485,1770750777.0567603,64,NORMAL,0.050511837005615234
1179,1770750777.0278587,1770750777.079387,129,CRITICAL,0.051528215408325195
1180,1770750777.054953,1770750777.105671,113,ALERT,0.050717830657958984
1181,1770750777.0768442,1770750777.127262,118,ALERT,0.05041790008544922
1182,1770750777.098373,1770750777.149278,127,CRITICAL,0.05090498924255371
1183,1770750777.1222796,1770750777.1732361,110,ALERT,0.05095648765563965
1184,1770750777.1432245,1770750777.1958172,116,ALERT,0.05259275436401367
1186,1770750777.187186,1770750777.2378469,110,ALERT,0.05066084861755371
1189,1770750777.258792,1770750777.3094409,128,CRITICAL,0.05064892768859863
1191,1770750777.3102036,1770750777.3605306,123,CRITICAL,0.05032706260681152
1192,1770750777.331232,1770750777.3819635,117,ALERT,0.05073142051696777
1193,1770750777.3512514,1770750777.401788,130,CRITICAL,0.0505366325378418
1194,1770750777.3703086,1770750777.4208784,117,ALERT,0.050569772720336914
1195,1770750777.3908377,1770750777.4413137,119,ALERT,0.05047607421875
1196,1770750777.4060493,1770750777.4564512,115,ALERT,0.050401926040649414
1197,1770750777.4209416,1770750777.4739766,124,CRITICAL,0.05303502082824707
1198,1770750777.4412603,1770750777.5026548,119,ALERT,0.061394453048706055
1199,1770750777.4584615,1770750777.5309708,117,ALERT,0.0725092887878418
1200,1770750777.4846745,1770750777.5597467,117,ALERT,0.0750722885131836
1201,1770750777.512611,1770750777.5814905,127,CRITICAL,0.06887960433959961
1202,1770750777.5329406,1770750777.61013,110,ALERT,0.07718944549560547
1203,1770750777.559711,1770750777.6371171,112,ALERT,0.07740616798400879
1204,1770750777.5866716,1770750777.664253,116,ALERT,0.07758140563964844
1205,1770750777.6096737,1770750777.6917534,128,CRITICAL,0.08207964897155762
1206,1770750777.6311169,1770750777.7161365,114,ALERT,0.08501958847045898
1207,1770750777.6526206,1770750777.7402098,116,ALERT,0.08758926391601562
1208,1770750777.674853,1770750777.764019,117,ALERT,0.08916592597961426
1209,1770750777.7005806,1770750777.788978,130,CRITICAL,0.08839750289916992
1211,1770750777.7497349,1770750777.8139338,123,CRITICAL,0.06419897079467773
1212,1770750777.768268,1770750777.8393745,111,ALERT,0.0711064338684082
1213,1770750777.789468,1770750777.8605142,117,ALERT,0.07104611396789551
1214,1770750777.811862,1770750777.8845818,110,ALERT,0.07271981239318848
1215,1770750777.8374944,1770750777.9036112,128,CRITICAL,0.0661168098449707
1216,1770750777.862666,1770750777.9288595,129,CRITICAL,0.0661935806274414
1217,1770750777.8859496,1770750777.957687,127,CRITICAL,0.07173728942871094
1218,1770750777.9021661,1770750777.973369,124,CRITICAL,0.07120275497436523
1219,1770750777.9208632,1770750777.9933012,118,ALERT,0.07243800163269043
1220,1770750777.9412363,1770750778.018662,122,CRITICAL,0.07742571830749512
1221,1770750777.966415,1770750778.0419917,129,CRITICAL,0.0755767822265625
1222,1770750777.983964,1770750778.0669196,112,ALERT,0.08295559883117676
1223,1770750778.0004249,1770750778.0856187,118,ALERT,0.08519387245178223
1224,1770750778.0186555,1770750778.1083524,126,CRITICAL,0.08969688415527344
1225,1770750778.0397315,1770750778.125098,125,CRITICAL,0.08536648750305176
1226,1770750778.0594306,1770750778.1469622,116,ALERT,0.08753156661987305
1227,1770750778.079462,1770750778.1704712,111,ALERT,0.09100914001464844
1228,1770750778.0979562,1770750778.1966126,119,ALERT,0.09865641593933105
1229,1770750778.1176286,1770750778.219343,128,CRITICAL,0.1017143726348877
1230,1770750778.1367576,1770750778.2423458,127,CRITICAL,0.10558819770812988
1231,1770750778.1559005,1770750778.266038,130,CRITICAL,0.1101374626159668
1232,1770750778.1781921,1770750778.2875752,115,ALERT,0.10938310623168945
1233,1770750778.20308,1770750778.3119917,111,ALERT,0.10891175270080566
1234,1770750778.2288013,1770750778.3408453,118,ALERT,0.11204409599304199
1235,1770750778.2506795,1770750778.36682,128,CRITICAL,0.11614060401916504
1236,1770750778.2760158,1770750778.3973198,128,CRITICAL,0.12130403518676758
1237,1770750778.298289,1770750778.4233506,117,ALERT,0.1250615119934082
1238,1770750778.3220162,1770750778.4458158,113,ALERT,0.12379956245422363
1239,1770750778.345453,1770750778.4724126,113,ALERT,0.12695956230163574
1240,1770750778.371202,1770750778.4977756,121,CRITICAL,0.1265735626220703
1241,1770750778.3942564,1770750778.518285,121,CRITICAL,0.12402868270874023
1242,1770750778.4196203,1770750778.5350816,124,CRITICAL,0.11546134948730469
1243,1770750778.4434853,1770750778.5551255,125,CRITICAL,0.11164021492004395
1244,1770750778.4665506,1770750778.5814521,111,ALERT,0.11490154266357422
1245,1770750778.4864495,1770750778.6052508,113,ALERT,0.11880135536193848
1246,1770750778.507818,1770750778.6257734,125,CRITICAL,0.11795544624328613
1247,1770750778.5270755,1770750778.6510303,117,ALERT,0.12395477294921875
1248,1770750778.5438654,1770750778.6818752,117,ALERT,0.13800978660583496
1250,1770750778.5868907,1770750778.7050645,123,CRITICAL,0.11817383766174316
1251,1770750778.6087599,1770750778.7296364,126,CRITICAL,0.12087655067443848
1252,1770750778.6290548,1770750778.751714,130,CRITICAL,0.12265920639038086
1253,1770750778.6544654,1770750778.775365,113,ALERT,0.12089967727661133
1254,1770750778.6828747,1770750778.7965097,110,ALERT,0.11363506317138672
1255,1770750778.7094994,1770750778.820912,118,ALERT,0.11141252517700195
1256,1770750778.7332458,1770750778.8412948,110,ALERT,0.10804891586303711
1257,1770750778.7546248,1770750778.8687985,112,ALERT,0.11417365074157715
1258,1770750778.77696,1770750778.8954263,125,CRITICAL,0.11846637725830078
1259,1770750778.8009124,1770750778.9134727,112,ALERT,0.11256027221679688
1260,1770750778.8266342,1770750778.940413,121,CRITICAL,0.11377882957458496
1261,1770750778.848023,1770750778.9593513,128,CRITICAL,0.1113283634185791
1262,1770750778.8650577,1770750778.981661,121,CRITICAL,0.11660337448120117
1263,1770750778.8941138,1770750779.007386,118,ALERT,0.11327219009399414
1264,1770750778.9217122,1770750779.026388,125,CRITICAL,0.1046757698059082
1265,1770750778.946091,1770750779.0429993,123,CRITICAL,0.0969083309173584
1266,1770750778.9684916,1770750779.0655696,117,ALERT,0.09707808494567871
1267,1770750778.9913363,1770750779.0908096,111,ALERT,0.09947323799133301
1268,1770750779.0168574,1770750779.1072676,113,ALERT,0.09041023254394531
1269,1770750779.0480995,1770750779.1264167,117,ALERT,0.07831716537475586
1270,1770750779.0727403,1770750779.1480477,110,ALERT,0.07530736923217773
1271,1770750779.0934432,1770750779.1707294,129,CRITICAL,0.0772862434387207
1272,1770750779.108077,1770750779.1904404,121,CRITICAL,0.08236336708068848
1273,1770750779.1266136,1770750779.2141256,128,CRITICAL,0.08751201629638672
1274,1770750779.150022,1770750779.2383375,112,ALERT,0.08831548690795898
1275,1770750779.170842,1770750779.2606876,129,CRITICAL,0.08984565734863281
1276,1770750779.1913543,1770750779.2811444,130,CRITICAL,0.08979010581970215
1277,1770750779.2141533,1770750779.3058193,114,ALERT,0.09166598320007324
1278,1770750779.2340224,1770750779.3325374,119,ALERT,0.09851503372192383
1280,1770750779.283195,1770750779.3552706,120,ALERT,0.07207560539245605
1281,1770750779.304399,1770750779.3833175,119,ALERT,0.07891845703125
1282,1770750779.3264167,1770750779.410945,110,ALERT,0.08452820777893066
1283,1770750779.344799,1770750779.4412568,121,CRITICAL,0.09645771980285645
1284,1770750779.3703463,1770750779.4605594,130,CRITICAL,0.09021306037902832
1285,1770750779.3940773,1770750779.489584,123,CRITICAL,0.09550666809082031
1286,1770750779.4215436,1770750779.5127306,126,CRITICAL,0.0911870002746582
1287,1770750779.4500687,1770750779.532257,122,CRITICAL,0.08218836784362793
1288,1770750779.4730694,1770750779.5585198,116,ALERT,0.08545041084289551
1289,1770750779.4941652,1770750779.5793302,113,ALERT,0.08516502380371094
1291,1770750779.5432591,1770750779.6004703,112,ALERT,0.05721116065979004
1292,1770750779.5677648,1770750779.6264012,130,CRITICAL,0.05863642692565918
1293,1770750779.5908306,1770750779.6475534,129,CRITICAL,0.05672287940979004
1294,1770750779.6142797,1770750779.6645792,118,ALERT,0.05029940605163574
1295,1770750779.6303332,1770750779.6827657,112,ALERT,0.05243253707885742
1296,1770750779.6500146,1770750779.7086856,126,CRITICAL,0.058670997619628906
1297,1770750779.6662107,1770750779.7352765,122,CRITICAL,0.06906580924987793
1298,1770750779.6814063,1770750779.761948,113,ALERT,0.08054184913635254
1299,1770750779.7014437,1770750779.7802925,126,CRITICAL,0.07884883880615234
1300,1770750779.7211416,1770750779.8026674,111,ALERT,0.08152580261230469
1301,1770750779.745896,1770750779.8213387,113,ALERT,0.07544255256652832
1302,1770750779.7669249,1770750779.8462489,114,ALERT,0.07932400703430176
1304,1770750779.812533,1770750779.873149,124,CRITICAL,0.06061601638793945
1305,1770750779.8323636,1770750779.8996737,119,ALERT,0.06731009483337402
1306,1770750779.854257,1770750779.924966,116,ALERT,0.0707089900970459
1307,1770750779.8778732,1770750779.9493105,130,CRITICAL,0.07143735885620117
1308,1770750779.90256,1770750779.9811013,124,CRITICAL,0.07854127883911133
1310,1770750779.941753,1770750780.0043983,120,ALERT,0.06264543533325195
1311,1770750779.9663825,1770750780.0306413,113,ALERT,0.06425881385803223
1312,1770750779.9930098,1770750780.0502925,119,ALERT,0.05728268623352051
1313,1770750780.0148804,1770750780.074397,111,ALERT,0.05951666831970215
1314,1770750780.0408256,1770750780.09697,130,CRITICAL,0.05614447593688965
1315,1770750780.0599113,1770750780.1239398,127,CRITICAL,0.06402850151062012
1316,1770750780.0844011,1770750780.1492283,118,ALERT,0.06482720375061035
1317,1770750780.1044006,1770750780.162963,128,CRITICAL,0.058562278747558594
1318,1770750780.1331804,1770750780.186054,127,CRITICAL,0.05287361145019531
1319,1770750780.1576138,1770750780.2102652,122,CRITICAL,0.052651405334472656
1320,1770750780.1782012,1770750780.2285438,116,ALERT,0.050342559814453125
1321,1770750780.1929145,1770750780.245154,122,CRITICAL,0.052239418029785156
1322,1770750780.2109525,1770750780.2737122,121,CRITICAL,0.0627596378326416
1323,1770750780.2296762,1770750780.3012428,112,ALERT,0.07156658172607422
1324,1770750780.2460377,1770750780.3298051,129,CRITICAL,0.08376741409301758
1325,1770750780.2621388,1770750780.3564794,125,CRITICAL,0.09434056282043457
1326,1770750780.2871444,1770750780.3823059,126,CRITICAL,0.09516143798828125
1327,1770750780.3149607,1770750780.401476,111,ALERT,0.08651518821716309
1328,1770750780.341546,1770750780.427835,119,ALERT,0.0862889289855957
1329,1770750780.3627813,1770750780.4538674,126,CRITICAL,0.09108614921569824
1330,1770750780.3821793,1770750780.4758363,130,CRITICAL,0.09365701675415039
1331,1770750780.4044268,1770750780.4969952,114,ALERT,0.09256839752197266
1332,1770750780.4292777,1770750780.5191627,117,ALERT,0.08988499641418457
1333,1770750780.4536064,1770750780.5466287,127,CRITICAL,0.09302234649658203
1334,1770750780.4828446,1770750780.5764174,126,CRITICAL,0.09357285499572754
1335,1770750780.504792,1770750780.600443,117,ALERT,0.09565091133117676
1336,1770750780.5302238,1770750780.623837,126,CRITICAL,0.0936131477355957
1337,1770750780.5571768,1770750780.6517599,128,CRITICAL,0.09458303451538086
1338,1770750780.5857687,1770750780.671465,124,CRITICAL,0.08569622039794922
1339,1770750780.611013,1770750780.6963189,127,CRITICAL,0.08530592918395996
1341,1770750780.6563993,1770750780.7208886,112,ALERT,0.06448936462402344
1342,1770750780.6760964,1770750780.7379305,112,ALERT,0.061834096908569336
1343,1770750780.699494,1770750780.756988,116,ALERT,0.057494163513183594
1344,1770750780.7204306,1770750780.7740867,129,CRITICAL,0.05365610122680664
1345,1770750780.741842,1770750780.7975354,111,ALERT,0.05569338798522949
1346,1770750780.7609727,1770750780.8199248,127,CRITICAL,0.05895209312438965
1347,1770750780.7746384,1770750780.8432803,116,ALERT,0.06864190101623535
1349,1770750780.8172786,1770750780.868806,130,CRITICAL,0.05152726173400879
1350,1770750780.8356574,1770750780.8927298,130,CRITICAL,0.05707240104675293
1351,1770750780.8581889,1770750780.9139662,127,CRITICAL,0.05577731132507324
1352,1770750780.8808045,1770750780.9393227,121,CRITICAL,0.058518171310424805
1353,1770750780.8995595,1770750780.9630532,120,ALERT,0.06349372863769531
1354,1770750780.9246314,1770750780.9870934,125,CRITICAL,0.06246209144592285
1355,1770750780.9469702,1770750781.0088634,115,ALERT,0.06189322471618652
1356,1770750780.9692104,1770750781.036496,116,ALERT,0.06728553771972656
1357,1770750780.9911063,1770750781.0603757,114,ALERT,0.06926941871643066
1358,1770750781.0147083,1770750781.0860395,116,ALERT,0.07133126258850098
1359,1770750781.0398471,1770750781.117948,110,ALERT,0.07810091972351074
1360,1770750781.059908,1770750781.1390831,112,ALERT,0.07917523384094238
1361,1770750781.0801563,1770750781.166914,130,CRITICAL,0.08675765991210938
1362,1770750781.1040742,1770750781.1891344,112,ALERT,0.08506011962890625
1363,1770750781.1287014,1770750781.2082791,110,ALERT,0.07957768440246582
1364,1770750781.1497164,1770750781.2313492,130,CRITICAL,0.08163285255432129
1366,1770750781.1955054,1770750781.2527075,126,CRITICAL,0.05720210075378418
1367,1770750781.2187707,1770750781.2758038,120,ALERT,0.05703306198120117
1368,1770750781.2362823,1770750781.3025682,114,ALERT,0.06628584861755371
1369,1770750781.2598085,1770750781.325988,125,CRITICAL,0.06617951393127441
1370,1770750781.2831185,1770750781.3432248,113,ALERT,0.06010627746582031
1371,1770750781.3088243,1770750781.3631203,120,ALERT,0.054296016693115234
1372,1770750781.3296328,1770750781.3904014,128,CRITICAL,0.06076860427856445
1373,1770750781.345459,1770750781.4135034,115,ALERT,0.06804442405700684
