seq,timestamp,heart_rate,label
1,1770749715.122321,66,NORMAL
2,1770749715.1426835,67,NORMAL
3,1770749715.1614017,60,NORMAL
4,1770749715.1784773,86,NORMAL
5,1770749715.201755,81,NORMAL
6,1770749715.2227836,86,NORMAL
7,1770749715.2395833,78,NORMAL
8,1770749715.262865,88,NORMAL
9,1770749715.2854912,75,NORMAL
10,1770749715.303351,82,NORMAL
11,1770749715.323949,81,NORMAL
12,1770749715.3466063,111,ALERT
13,1770749715.3678768,121,CRITICAL
14,1770749715.3899574,120,ALERT
15,1770749715.4066834,123,CRITICAL
16,1770749715.430359,112,ALERT
17,1770749715.4483373,114,ALERT
18,1770749715.468442,116,ALERT
19,1770749715.4966316,126,CRITICAL
20,1770749715.5157094,122,CRITICAL
21,1770749715.5346847,128,CRITICAL
22,1770749715.5559518,112,ALERT
23,1770749715.5745993,127,CRITICAL
24,1770749715.595881,123,CRITICAL
25,1770749715.6189077,111,ALERT
26,1770749715.6403131,113,ALERT
27,1770749715.663714,115,ALERT
28,1770749715.6848972,118,ALERT
29,1770749715.708382,125,CRITICAL
30,1770749715.732454,119,ALERT
31,1770749715.754693,112,ALERT
32,1770749715.7794843,113,ALERT
33,1770749715.8034222,122,CRITICAL
34,1770749715.822958,122,CRITICAL
35,1770749715.8450353,112,ALERT
36,1770749715.8674924,130,CRITICAL
37,1770749715.8919287,115,ALERT
38,1770749715.9155173,118,ALERT
39,1770749715.935102,110,ALERT
40,1770749715.9587705,125,CRITICAL
41,1770749715.982729,121,CRITICAL
42,1770749716.0084982,128,CRITICAL
43,1770749716.0339544,117,ALERT
44,1770749716.060707,126,CRITICAL
45,1770749716.0872939,130,CRITICAL
46,1770749716.1144366,114,ALERT
47,1770749716.151104,116,ALERT
48,1770749716.1782632,130,CRITICAL
49,1770749716.2045784,122,CRITICAL
50,1770749716.2227263,111,ALERT
51,1770749716.2459786,119,ALERT
52,1770749716.2707546,113,ALERT
53,1770749716.298456,122,CRITICAL
54,1770749716.320722,121,CRITICAL
55,1770749716.3456063,120,ALERT
56,1770749716.367125,128,CRITICAL
57,1770749716.3826356,114,ALERT
58,1770749716.4053204,115,ALERT
59,1770749716.4315207,127,CRITICAL
60,1770749716.4553158,114,ALERT
61,1770749716.478359,128,CRITICAL
62,1770749716.5071282,120,ALERT
63,1770749716.5306988,128,CRITICAL
64,1770749716.555844,124,CRITICAL
65,1770749716.5774498,110,ALERT
66,1770749716.603887,122,CRITICAL
67,1770749716.627413,128,CRITICAL
68,1770749716.6543677,122,CRITICAL
69,1770749716.6755986,117,ALERT
70,1770749716.6987107,111,ALERT
71,1770749716.7221832,119,ALERT
72,1770749716.749061,114,ALERT
73,1770749716.772119,129,CRITICAL
74,1770749716.796131,115,ALERT
75,1770749716.818313,127,CRITICAL
76,1770749716.8377452,114,ALERT
77,1770749716.8587599,128,CRITICAL
78,1770749716.8811138,119,ALERT
79,1770749716.906555,129,CRITICAL
80,1770749716.929877,114,ALERT
81,1770749716.9523697,117,ALERT
82,1770749716.9763908,111,ALERT
83,1770749716.9996994,122,CRITICAL
84,1770749717.0220146,129,CRITICAL
85,1770749717.0452187,112,ALERT
86,1770749717.068104,119,ALERT
87,1770749717.088836,122,CRITICAL
88,1770749717.1112542,114,ALERT
89,1770749717.134128,129,CRITICAL
90,1770749717.1539688,114,ALERT
91,1770749717.174957,118,ALERT
92,1770749717.1998222,122,CRITICAL
93,1770749717.2242877,123,CRITICAL
94,1770749717.245786,130,CRITICAL
95,1770749717.2668865,113,ALERT
96,1770749717.2876198,114,ALERT
97,1770749717.311198,123,CRITICAL
98,1770749717.3318443,114,ALERT
99,1770749717.355607,118,ALERT
100,1770749717.376217,127,CRITICAL
101,1770749717.3946786,125,CRITICAL
102,1770749717.4155798,118,ALERT
103,1770749717.4359286,123,CRITICAL
104,1770749717.4574752,124,CRITICAL
105,1770749717.4786952,112,ALERT
106,1770749717.4982688,121,CRITICAL
107,1770749717.5236678,110,ALERT
108,1770749717.543055,115,ALERT
109,1770749717.5659542,126,CRITICAL
110,1770749717.5912557,112,ALERT
111,1770749717.6170661,128,CRITICAL
112,1770749717.6414983,114,ALERT
113,1770749717.6630197,127,CRITICAL
114,1770749717.6869283,114,ALERT
115,1770749717.713147,125,CRITICAL
116,1770749717.73813,113,ALERT
117,1770749717.7635813,110,ALERT
118,1770749717.7880926,125,CRITICAL
119,1770749717.807376,118,ALERT
120,1770749717.832081,125,CRITICAL
121,1770749717.8582802,115,ALERT
122,1770749717.8788104,126,CRITICAL
123,1770749717.906731,122,CRITICAL
124,1770749717.9231117,114,ALERT
125,1770749717.9389539,123,CRITICAL
126,1770749717.9628117,121,CRITICAL
127,1770749717.9884844,124,CRITICAL
128,1770749718.0156136,110,ALERT
129,1770749718.040027,114,ALERT
130,1770749718.064977,129,CRITICAL
131,1770749718.0871181,129,CRITICAL
132,1770749718.1107802,126,CRITICAL
133,1770749718.1367447,116,ALERT
134,1770749718.1573172,115,ALERT
135,1770749718.180301,113,ALERT
136,1770749718.2066774,121,CRITICAL
137,1770749718.2292373,113,ALERT
138,1770749718.2523785,114,ALERT
139,1770749718.2682595,113,ALERT
140,1770749718.2826083,118,ALERT
141,1770749718.3091655,128,CRITICAL
142,1770749718.3360798,127,CRITICAL
143,1770749718.3598447,112,ALERT
144,1770749718.3838496,129,CRITICAL
145,1770749718.4140258,116,ALERT
146,1770749718.4392607,127,CRITICAL
147,1770749718.462627,121,CRITICAL
148,1770749718.4823484,123,CRITICAL
149,1770749718.504189,112,ALERT
150,1770749718.5322623,111,ALERT
151,1770749718.5546377,122,CRITICAL
152,1770749718.577816,113,ALERT
153,1770749718.6019974,119,ALERT
154,1770749718.6259878,130,CRITICAL
155,1770749718.6530905,120,ALERT
156,1770749718.6810687,126,CRITICAL
157,1770749718.7026668,117,ALERT
158,1770749718.722827,127,CRITICAL
159,1770749718.742721,127,CRITICAL
160,1770749718.7642758,117,ALERT
161,1770749718.7892466,120,ALERT
162,1770749718.812384,125,CRITICAL
163,1770749718.8354862,121,CRITICAL
164,1770749718.8564298,124,CRITICAL
165,1770749718.883068,121,CRITICAL
166,1770749718.9085438,122,CRITICAL
167,1770749718.9305475,124,CRITICAL
168,1770749718.9539664,119,ALERT
169,1770749718.974075,111,ALERT
170,1770749718.996156,117,ALERT
171,1770749719.0149446,123,CRITICAL
172,1770749719.0359883,112,ALERT
173,1770749719.055951,127,CRITICAL
174,1770749719.0758002,120,ALERT
175,1770749719.093375,130,CRITICAL
176,1770749719.1132085,113,ALERT
177,1770749719.1344724,120,ALERT
178,1770749719.1561277,128,CRITICAL
179,1770749719.1728425,124,CRITICAL
180,1770749719.1926882,114,ALERT
181,1770749719.2118897,115,ALERT
182,1770749719.2329493,119,ALERT
183,1770749719.2539406,111,ALERT
184,1770749719.2753534,111,ALERT
185,1770749719.2996314,124,CRITICAL
186,1770749719.3241086,124,CRITICAL
187,1770749719.3451774,127,CRITICAL
188,1770749719.3655143,122,CRITICAL
189,1770749719.3906417,114,ALERT
190,1770749719.4137175,127,CRITICAL
191,1770749719.4372199,127,CRITICAL
192,1770749719.459707,118,ALERT
193,1770749719.4798584,125,CRITICAL
194,1770749719.5015337,125,CRITICAL
195,1770749719.5227065,114,ALERT
196,1770749719.5443008,127,CRITICAL
197,1770749719.562739,114,ALERT
198,1770749719.5867856,112,ALERT
199,1770749719.6078966,124,CRITICAL
200,1770749719.6317635,128,CRITICAL
201,1770749719.654671,118,ALERT
202,1770749719.6755545,118,ALERT
203,1770749719.6961026,128,CRITICAL
204,1770749719.7208724,116,ALERT
205,1770749719.7419276,121,CRITICAL
206,1770749719.763918,112,ALERT
207,1770749719.786602,111,ALERT
208,1770749719.810615,121,CRITICAL
209,1770749719.835475,119,ALERT
210,1770749719.8588538,118,ALERT
211,1770749719.8839414,116,ALERT
212,1770749719.9063728,124,CRITICAL
213,1770749719.925359,126,CRITICAL
214,1770749719.9416835,120,ALERT
215,1770749719.9643466,116,ALERT
216,1770749719.985129,127,CRITICAL
217,1770749720.0097039,121,CRITICAL
218,1770749720.0325222,127,CRITICAL
219,1770749720.0519717,110,ALERT
220,1770749720.0709867,126,CRITICAL
221,1770749720.0892344,123,CRITICAL
222,1770749720.1066668,121,CRITICAL
223,1770749720.1254795,112,ALERT
224,1770749720.1444316,130,CRITICAL
225,1770749720.164604,122,CRITICAL
226,1770749720.1844337,114,ALERT
227,1770749720.2063787,126,CRITICAL
228,1770749720.2271137,123,CRITICAL
229,1770749720.2486794,111,ALERT
230,1770749720.2727485,113,ALERT
231,1770749720.291613,122,CRITICAL
232,1770749720.3101988,124,CRITICAL
233,1770749720.3305557,115,ALERT
234,1770749720.3541355,129,CRITICAL
235,1770749720.377209,60,NORMAL
236,1770749720.4012363,66,NORMAL
237,1770749720.4254265,79,NORMAL
238,1770749720.4506936,82,NORMAL
239,1770749720.4744854,65,NORMAL
240,1770749720.4988515,85,NORMAL
241,1770749720.5241704,78,NORMAL
242,1770749720.549222,84,NORMAL
243,1770749720.5747335,76,NORMAL
244,1770749720.5972686,65,NORMAL
245,1770749720.6172044,90,NORMAL
246,1770749720.63715,80,NORMAL
247,1770749720.6569312,63,NORMAL
248,1770749720.6786695,82,NORMAL
249,1770749720.697788,72,NORMAL
250,1770749720.718424,121,CRITICAL
251,1770749720.7383192,112,ALERT
252,1770749720.7555463,125,CRITICAL
253,1770749720.7787042,113,ALERT
254,1770749720.7986772,119,ALERT
255,1770749720.8202236,114,ALERT
256,1770749720.841738,120,ALERT
257,1770749720.8603272,128,CRITICAL
258,1770749720.8827832,121,CRITICAL
259,1770749720.9047132,111,ALERT
260,1770749720.9336193,112,ALERT
261,1770749720.9668748,125,CRITICAL
262,1770749720.9993985,116,ALERT
263,1770749721.0308726,112,ALERT
264,1770749721.0540938,119,ALERT
265,1770749721.081556,121,CRITICAL
266,1770749721.10923,127,CRITICAL
267,1770749721.1346834,110,ALERT
268,1770749721.1608787,130,CRITICAL
269,1770749721.1816106,126,CRITICAL
270,1770749721.2090719,123,CRITICAL
271,1770749721.232463,119,ALERT
272,1770749721.2652354,110,ALERT
273,1770749721.2939272,127,CRITICAL
274,1770749721.326335,113,ALERT
275,1770749721.3569963,129,CRITICAL
276,1770749721.382455,120,ALERT
277,1770749721.4107585,127,CRITICAL
278,1770749721.443389,129,CRITICAL
279,1770749721.4770744,110,ALERT
280,1770749721.5065498,130,CRITICAL
281,1770749721.533997,129,CRITICAL
282,1770749721.5576682,110,ALERT
283,1770749721.5821042,124,CRITICAL
284,1770749721.5989845,116,ALERT
285,1770749721.6146913,116,ALERT
286,1770749721.6324506,114,ALERT
287,1770749721.651274,121,CRITICAL
288,1770749721.6750343,129,CRITICAL
289,1770749721.6995845,115,ALERT
290,1770749721.72322,129,CRITICAL
291,1770749721.748973,123,CRITICAL
292,1770749721.7736528,120,ALERT
293,1770749721.7968855,113,ALERT
294,1770749721.821095,120,ALERT
295,1770749721.8438182,130,CRITICAL
296,1770749721.8685138,110,ALERT
297,1770749721.895081,120,ALERT
298,1770749721.9192712,115,ALERT
299,1770749721.9409413,119,ALERT
300,1770749721.9642806,111,ALERT
301,1770749721.9865746,120,ALERT
302,1770749722.0126965,117,ALERT
303,1770749722.0377498,125,CRITICAL
304,1770749722.0633814,130,CRITICAL
305,1770749722.0906186,129,CRITICAL
306,1770749722.118307,119,ALERT
307,1770749722.1457374,127,CRITICAL
308,1770749722.1684325,117,ALERT
309,1770749722.1955433,125,CRITICAL
310,1770749722.2223678,130,CRITICAL
311,1770749722.2476883,112,ALERT
312,1770749722.2702296,113,ALERT
313,1770749722.2927163,114,ALERT
314,1770749722.3179429,110,ALERT
315,1770749722.3372912,127,CRITICAL
316,1770749722.3615675,123,CRITICAL
317,1770749722.3796794,125,CRITICAL
318,1770749722.40502,114,ALERT
319,1770749722.430718,129,CRITICAL
320,1770749722.450422,111,ALERT
321,1770749722.4697857,130,CRITICAL
322,1770749722.4928396,125,CRITICAL
323,1770749722.5165937,111,ALERT
324,1770749722.5368044,129,CRITICAL
325,1770749722.5586896,123,CRITICAL
326,1770749722.578702,112,ALERT
327,1770749722.5981593,121,CRITICAL
328,1770749722.6182265,119,ALERT
329,1770749722.640264,125,CRITICAL
330,1770749722.6632824,125,CRITICAL
331,1770749722.6838121,130,CRITICAL
332,1770749722.7040513,123,CRITICAL
333,1770749722.725097,116,ALERT
334,1770749722.7491906,124,CRITICAL
335,1770749722.772296,123,CRITICAL
336,1770749722.792858,128,CRITICAL
337,1770749722.8103242,121,CRITICAL
338,1770749722.8290884,112,ALERT
339,1770749722.8491752,130,CRITICAL
340,1770749722.8703232,120,ALERT
341,1770749722.890077,116,ALERT
342,1770749722.9058723,130,CRITICAL
343,1770749722.9282267,112,ALERT
344,1770749722.9531865,115,ALERT
345,1770749722.9794862,128,CRITICAL
346,1770749723.002434,121,CRITICAL
347,1770749723.0250454,118,ALERT
348,1770749723.050021,115,ALERT
349,1770749723.073496,123,CRITICAL
350,1770749723.0989897,123,CRITICAL
351,1770749723.1247118,121,CRITICAL
352,1770749723.1478398,128,CRITICAL
353,1770749723.172454,130,CRITICAL
354,1770749723.1953423,115,ALERT
355,1770749723.2170959,113,ALERT
356,1770749723.239792,111,ALERT
357,1770749723.2619197,126,CRITICAL
358,1770749723.2867413,129,CRITICAL
359,1770749723.308945,110,ALERT
360,1770749723.3347018,113,ALERT
361,1770749723.3586888,110,ALERT
362,1770749723.3784356,119,ALERT
363,1770749723.4011056,123,CRITICAL
364,1770749723.4227748,112,ALERT
365,1770749723.446584,123,CRITICAL
366,1770749723.4731417,116,ALERT
367,1770749723.4983187,125,CRITICAL
368,1770749723.52292,123,CRITICAL
369,1770749723.5443711,115,ALERT
370,1770749723.5647206,128,CRITICAL
371,1770749723.5905628,117,ALERT
372,1770749723.615784,110,ALERT
373,1770749723.6413743,127,CRITICAL
374,1770749723.6639373,130,CRITICAL
375,1770749723.6878357,119,ALERT
376,1770749723.7105286,116,ALERT
377,1770749723.7286227,125,CRITICAL
378,1770749723.7503984,117,ALERT
379,1770749723.7684805,130,CRITICAL
380,1770749723.7896967,114,ALERT
381,1770749723.8119125,123,CRITICAL
382,1770749723.836521,112,ALERT
383,1770749723.8588088,120,ALERT
384,1770749723.8816688,114,ALERT
385,1770749723.9002106,118,ALERT
386,1770749723.9206247,119,ALERT
387,1770749723.939679,119,ALERT
388,1770749723.9628508,118,ALERT
389,1770749723.983232,128,CRITICAL
390,1770749724.0034473,114,ALERT
391,1770749724.0227103,114,ALERT
392,1770749724.0422604,125,CRITICAL
393,1770749724.0904655,119,ALERT
394,1770749724.1397903,115,ALERT
395,1770749724.1627753,123,CRITICAL
396,1770749724.1878386,130,CRITICAL
397,1770749724.2107737,116,ALERT
398,1770749724.232573,122,CRITICAL
399,1770749724.2573483,114,ALERT
400,1770749724.283172,110,ALERT
401,1770749724.306532,122,CRITICAL
402,1770749724.3284447,125,CRITICAL
403,1770749724.3547142,123,CRITICAL
404,1770749724.378848,125,CRITICAL
405,1770749724.4069579,120,ALERT
406,1770749724.4339838,126,CRITICAL
407,1770749724.4585903,125,CRITICAL
408,1770749724.4834871,130,CRITICAL
409,1770749724.5007353,120,ALERT
410,1770749724.5240922,124,CRITICAL
411,1770749724.540756,127,CRITICAL
412,1770749724.5654237,123,CRITICAL
413,1770749724.5894008,120,ALERT
414,1770749724.611684,121,CRITICAL
415,1770749724.632354,120,ALERT
416,1770749724.6513495,112,ALERT
417,1770749724.6731448,112,ALERT
418,1770749724.6949084,113,ALERT
419,1770749724.7181602,119,ALERT
420,1770749724.7419057,113,ALERT
421,1770749724.766217,130,CRITICAL
422,1770749724.788693,124,CRITICAL
423,1770749724.8101463,123,CRITICAL
424,1770749724.8334594,115,ALERT
425,1770749724.8580375,127,CRITICAL
426,1770749724.8811922,120,ALERT
427,1770749724.906231,119,ALERT
428,1770749724.9324114,130,CRITICAL
429,1770749724.9550955,127,CRITICAL
430,1770749724.9771338,112,ALERT
431,1770749725.000778,129,CRITICAL
432,1770749725.0209365,119,ALERT
433,1770749725.0436773,121,CRITICAL
434,1770749725.0588543,129,CRITICAL
435,1770749725.0811934,113,ALERT
436,1770749725.1016085,126,CRITICAL
437,1770749725.1247518,121,CRITICAL
438,1770749725.1506846,116,ALERT
439,1770749725.1753252,111,ALERT
440,1770749725.1966205,117,ALERT
441,1770749725.2188296,113,ALERT
442,1770749725.2439952,127,CRITICAL
443,1770749725.2682784,123,CRITICAL
444,1770749725.2913532,125,CRITICAL
445,1770749725.3131254,121,CRITICAL
446,1770749725.337497,128,CRITICAL
447,1770749725.3623233,112,ALERT
448,1770749725.3829215,113,ALERT
449,1770749725.4072907,116,ALERT
450,1770749725.4286451,113,ALERT
451,1770749725.4515328,129,CRITICAL
452,1770749725.476635,122,CRITICAL
453,1770749725.5017664,129,CRITICAL
454,1770749725.5236228,120,ALERT
455,1770749725.5524879,118,ALERT
456,1770749725.5755394,113,ALERT
457,1770749725.5969756,117,ALERT
458,1770749725.6113222,125,CRITICAL
459,1770749725.631553,122,CRITICAL
460,1770749725.6521072,117,ALERT
461,1770749725.6691682,125,CRITICAL
462,1770749725.6908092,110,ALERT
463,1770749725.710735,123,CRITICAL
464,1770749725.7299335,111,ALERT
465,1770749725.7518866,88,NORMAL
466,1770749725.7760177,69,NORMAL
467,1770749725.8013794,82,NORMAL
468,1770749725.8255682,61,NORMAL
469,1770749725.846507,76,NORMAL
470,1770749725.8705394,81,NORMAL
471,1770749725.8926234,75,NORMAL
472,1770749725.9135473,78,NORMAL
473,1770749725.9347155,123,CRITICAL
474,1770749725.9574294,116,ALERT
475,1770749725.9782202,118,ALERT
476,1770749725.9987028,120,ALERT
477,1770749726.0188773,111,ALERT
478,1770749726.040889,128,CRITICAL
479,1770749726.0622869,121,CRITICAL
480,1770749726.0808995,122,CRITICAL
481,1770749726.1024728,127,CRITICAL
482,1770749726.125016,126,CRITICAL
483,1770749726.144654,118,ALERT
484,1770749726.1664593,127,CRITICAL
485,1770749726.1846979,117,ALERT
486,1770749726.203262,121,CRITICAL
487,1770749726.2254982,129,CRITICAL
488,1770749726.2457607,114,ALERT
489,1770749726.2661808,118,ALERT
490,1770749726.286104,118,ALERT
491,1770749726.3042712,112,ALERT
492,1770749726.3239741,128,CRITICAL
493,1770749726.3427095,118,ALERT
494,1770749726.3650074,117,ALERT
495,1770749726.386677,114,ALERT
496,1770749726.4096692,129,CRITICAL
497,1770749726.426961,111,ALERT
498,1770749726.447487,125,CRITICAL
499,1770749726.469114,116,ALERT
500,1770749726.4888816,129,CRITICAL
501,1770749726.5105083,112,ALERT
502,1770749726.5346417,126,CRITICAL
503,1770749726.558986,118,ALERT
504,1770749726.583721,127,CRITICAL
505,1770749726.6061387,125,CRITICAL
506,1770749726.6315653,115,ALERT
507,1770749726.652907,111,ALERT
508,1770749726.6763697,124,CRITICAL
509,1770749726.6963124,115,ALERT
510,1770749726.7178214,123,CRITICAL
511,1770749726.7339966,126,CRITICAL
512,1770749726.7558935,128,CRITICAL
513,1770749726.7760696,127,CRITICAL
514,1770749726.7949278,114,ALERT
515,1770749726.8144953,129,CRITICAL
516,1770749726.8375783,115,ALERT
517,1770749726.8613036,110,ALERT
518,1770749726.8838055,118,ALERT
519,1770749726.9088058,122,CRITICAL
520,1770749726.9321332,113,ALERT
521,1770749726.9592137,123,CRITICAL
522,1770749726.9853637,122,CRITICAL
523,1770749727.011648,121,CRITICAL
524,1770749727.0373645,116,ALERT
525,1770749727.0636487,113,ALERT
526,1770749727.0908241,111,ALERT
527,1770749727.1135557,111,ALERT
528,1770749727.134885,121,CRITICAL
529,1770749727.16201,115,ALERT
530,1770749727.1817737,116,ALERT
531,1770749727.2037625,110,ALERT
532,1770749727.221081,112,ALERT
533,1770749727.245767,127,CRITICAL
534,1770749727.2694,116,ALERT
535,1770749727.289485,112,ALERT
536,1770749727.3112137,129,CRITICAL
537,1770749727.330698,120,ALERT
538,1770749727.3480256,117,ALERT
539,1770749727.370413,120,ALERT
540,1770749727.394534,126,CRITICAL
541,1770749727.41792,126,CRITICAL
542,1770749727.4374695,129,CRITICAL
543,1770749727.4601195,113,ALERT
544,1770749727.4839947,128,CRITICAL
545,1770749727.5098107,110,ALERT
546,1770749727.5455635,117,ALERT
547,1770749727.5691671,111,ALERT
548,1770749727.5882823,111,ALERT
549,1770749727.6066382,124,CRITICAL
550,1770749727.6250284,121,CRITICAL
551,1770749727.6448438,129,CRITICAL
552,1770749727.6664019,119,ALERT
553,1770749727.6845942,126,CRITICAL
554,1770749727.7046988,114,ALERT
555,1770749727.724486,124,CRITICAL
556,1770749727.7447808,117,ALERT
557,1770749727.7650883,123,CRITICAL
558,1770749727.7861316,116,ALERT
559,1770749727.8060467,117,ALERT
560,1770749727.8241208,125,CRITICAL
561,1770749727.8407736,115,ALERT
562,1770749727.8600287,127,CRITICAL
563,1770749727.8778136,121,CRITICAL
564,1770749727.897687,118,ALERT
565,1770749727.9182932,115,ALERT
566,1770749727.9395108,121,CRITICAL
567,1770749727.9627166,111,ALERT
568,1770749727.9825132,116,ALERT
569,1770749728.0004818,117,ALERT
570,1770749728.023404,116,ALERT
571,1770749728.0410204,130,CRITICAL
572,1770749728.0599823,110,ALERT
573,1770749728.0800478,124,CRITICAL
574,1770749728.0996644,125,CRITICAL
575,1770749728.121362,123,CRITICAL
576,1770749728.1427195,121,CRITICAL
577,1770749728.164528,123,CRITICAL
578,1770749728.1867378,112,ALERT
579,1770749728.2090027,128,CRITICAL
580,1770749728.2301612,124,CRITICAL
581,1770749728.2502434,122,CRITICAL
582,1770749728.2706707,124,CRITICAL
583,1770749728.2904212,121,CRITICAL
584,1770749728.313607,116,ALERT
585,1770749728.336424,110,ALERT
586,1770749728.3586462,112,ALERT
587,1770749728.3786721,127,CRITICAL
588,1770749728.4000564,130,CRITICAL
589,1770749728.4200575,124,CRITICAL
590,1770749728.4422257,128,CRITICAL
591,1770749728.4669292,113,ALERT
592,1770749728.4919178,114,ALERT
593,1770749728.5192702,121,CRITICAL
594,1770749728.5421517,113,ALERT
595,1770749728.5706244,115,ALERT
596,1770749728.59629,113,ALERT
597,1770749728.6252124,121,CRITICAL
598,1770749728.6499262,126,CRITICAL
599,1770749728.673034,111,ALERT
600,1770749728.698759,129,CRITICAL
601,1770749728.7209494,126,CRITICAL
602,1770749728.7452588,112,ALERT
603,1770749728.7704866,125,CRITICAL
604,1770749728.7960627,124,CRITICAL
605,1770749728.82173,118,ALERT
606,1770749728.8506484,126,CRITICAL
607,1770749728.8745255,124,CRITICAL
608,1770749728.9011154,110,ALERT
609,1770749728.9288244,119,ALERT
610,1770749728.9553661,119,ALERT
611,1770749728.9725094,126,CRITICAL
612,1770749728.9918895,129,CRITICAL
613,1770749729.013989,118,ALERT
614,1770749729.0389414,127,CRITICAL
615,1770749729.0642126,113,ALERT
616,1770749729.0868995,117,ALERT
617,1770749729.1122375,123,CRITICAL
618,1770749729.1373067,113,ALERT
619,1770749729.160708,125,CRITICAL
620,1770749729.186761,122,CRITICAL
621,1770749729.2042964,114,ALERT
622,1770749729.2199047,122,CRITICAL
623,1770749729.2444015,112,ALERT
624,1770749729.2690816,115,ALERT
625,1770749729.2926452,121,CRITICAL
626,1770749729.315211,125,CRITICAL
627,1770749729.338069,111,ALERT
628,1770749729.364374,120,ALERT
629,1770749729.3884223,110,ALERT
630,1770749729.407963,128,CRITICAL
631,1770749729.430816,123,CRITICAL
632,1770749729.4545267,116,ALERT
633,1770749729.4707518,123,CRITICAL
634,1770749729.4960377,127,CRITICAL
635,1770749729.5146573,117,ALERT
636,1770749729.5356483,111,ALERT
637,1770749729.5615792,129,CRITICAL
638,1770749729.5873344,111,ALERT
639,1770749729.615798,114,ALERT
640,1770749729.6412103,112,ALERT
641,1770749729.6682518,126,CRITICAL
642,1770749729.698691,129,CRITICAL
643,1770749729.7265658,111,ALERT
644,1770749729.751179,125,CRITICAL
645,1770749729.7751038,127,CRITICAL
646,1770749729.7965956,111,ALERT
647,1770749729.8203595,111,ALERT
648,1770749729.841561,127,CRITICAL
649,1770749729.8628068,116,ALERT
650,1770749729.885691,126,CRITICAL
651,1770749729.907428,127,CRITICAL
652,1770749729.9316103,124,CRITICAL
653,1770749729.9521654,122,CRITICAL
654,1770749729.9778528,114,ALERT
655,1770749730.0052795,116,ALERT
656,1770749730.0270205,121,CRITICAL
657,1770749730.052366,130,CRITICAL
658,1770749730.0707572,113,ALERT
659,1770749730.0948756,121,CRITICAL
660,1770749730.121784,112,ALERT
661,1770749730.1471045,114,ALERT
662,1770749730.1756625,116,ALERT
663,1770749730.203411,125,CRITICAL
664,1770749730.2293682,115,ALERT
665,1770749730.2551522,112,ALERT
666,1770749730.2832997,127,CRITICAL
667,1770749730.3103726,112,ALERT
668,1770749730.3386414,116,ALERT
669,1770749730.3610988,114,ALERT
670,1770749730.3806226,111,ALERT
671,1770749730.4022477,128,CRITICAL
672,1770749730.4227686,111,ALERT
673,1770749730.4434333,116,ALERT
674,1770749730.4661014,124,CRITICAL
675,1770749730.4875984,126,CRITICAL
676,1770749730.5128722,113,ALERT
677,1770749730.538967,118,ALERT
678,1770749730.5592575,128,CRITICAL
679,1770749730.581365,113,ALERT
680,1770749730.603677,130,CRITICAL
681,1770749730.628115,122,CRITICAL
682,1770749730.6453094,112,ALERT
683,1770749730.67234,117,ALERT
684,1770749730.6964347,122,CRITICAL
685,1770749730.7196856,123,CRITICAL
686,1770749730.748322,121,CRITICAL
687,1770749730.7758071,116,ALERT
688,1770749730.801398,113,ALERT
689,1770749730.8281653,112,ALERT
690,1770749730.8531897,127,CRITICAL
691,1770749730.878333,130,CRITICAL
692,1770749730.904402,110,ALERT
693,1770749730.932769,111,ALERT
694,1770749730.9586637,119,ALERT
695,1770749730.9867103,67,NORMAL
696,1770749731.012334,64,NORMAL
697,1770749731.0357676,76,NORMAL
698,1770749731.0607684,63,NORMAL
699,1770749731.089814,76,NORMAL
700,1770749731.118654,72,NORMAL
701,1770749731.136742,79,NORMAL
702,1770749731.1565099,72,NORMAL
703,1770749731.173392,87,NORMAL
704,1770749731.1958084,84,NORMAL
705,1770749731.2212563,70,NORMAL
706,1770749731.2472117,83,NORMAL
707,1770749731.2747195,82,NORMAL
708,1770749731.2976902,84,NORMAL
709,1770749731.3218744,73,NORMAL
710,1770749731.3478036,62,NORMAL
711,1770749731.3750205,84,NORMAL
712,1770749731.3983867,86,NORMAL
713,1770749731.4195833,79,NORMAL
714,1770749731.4446971,60,NORMAL
715,1770749731.4658222,83,NORMAL
716,1770749731.4929447,69,NORMAL
717,1770749731.516569,82,NORMAL
718,1770749731.5403216,70,NORMAL
719,1770749731.5639508,62,NORMAL
720,1770749731.5827029,78,NORMAL
721,1770749731.6086082,70,NORMAL
722,1770749731.634354,87,NORMAL
723,1770749731.6663713,63,NORMAL
724,1770749731.686766,69,NORMAL
725,1770749731.7140331,74,NORMAL
726,1770749731.7279587,83,NORMAL
727,1770749731.752282,75,NORMAL
728,1770749731.7746956,85,NORMAL
729,1770749731.8002517,77,NORMAL
730,1770749731.8226676,66,NORMAL
731,1770749731.8467326,83,NORMAL
732,1770749731.8699827,85,NORMAL
733,1770749731.8946629,88,NORMAL
734,1770749731.9182673,62,NORMAL
735,1770749731.9440022,88,NORMAL
736,1770749731.9734783,84,NORMAL
737,1770749732.0009701,75,NORMAL
738,1770749732.0230787,80,NORMAL
739,1770749732.0491252,114,ALERT
740,1770749732.072847,119,ALERT
741,1770749732.100645,121,CRITICAL
742,1770749732.1237884,115,ALERT
743,1770749732.1479213,125,CRITICAL
744,1770749732.1676853,118,ALERT
745,1770749732.1881275,110,ALERT
746,1770749732.212697,113,ALERT
747,1770749732.2321067,122,CRITICAL
748,1770749732.2539918,127,CRITICAL
749,1770749732.276135,118,ALERT
750,1770749732.3007958,111,ALERT
751,1770749732.3229337,121,CRITICAL
752,1770749732.3494897,115,ALERT
753,1770749732.3763237,121,CRITICAL
754,1770749732.4026532,112,ALERT
755,1770749732.4268837,126,CRITICAL
756,1770749732.4535987,122,CRITICAL
757,1770749732.475208,113,ALERT
758,1770749732.5017204,116,ALERT
759,1770749732.5253122,113,ALERT
760,1770749732.5490038,126,CRITICAL
761,1770749732.5734828,113,ALERT
762,1770749732.5994515,120,ALERT
763,1770749732.622986,119,ALERT
764,1770749732.6465755,128,CRITICAL
765,1770749732.6678634,117,ALERT
766,1770749732.692029,128,CRITICAL
767,1770749732.717834,119,ALERT
768,1770749732.742177,121,CRITICAL
769,1770749732.7685657,123,CRITICAL
770,1770749732.7853677,111,ALERT
771,1770749732.8099186,118,ALERT
772,1770749732.8309114,116,ALERT
773,1770749732.8547843,129,CRITICAL
774,1770749732.8764656,129,CRITICAL
775,1770749732.8986545,117,ALERT
776,1770749732.9191444,124,CRITICAL
777,1770749732.9418023,120,ALERT
778,1770749732.9650476,118,ALERT
779,1770749732.9925992,116,ALERT
780,1770749733.0152328,122,CRITICAL
781,1770749733.0366738,110,ALERT
782,1770749733.059295,111,ALERT
783,1770749733.0815933,116,ALERT
784,1770749733.10279,113,ALERT
785,1770749733.129037,120,ALERT
786,1770749733.1511695,114,ALERT
787,1770749733.17459,110,ALERT
788,1770749733.1994996,122,CRITICAL
789,1770749733.222734,114,ALERT
790,1770749733.2486165,120,ALERT
791,1770749733.2718372,117,ALERT
792,1770749733.2977428,112,ALERT
793,1770749733.3200521,125,CRITICAL
794,1770749733.3440356,118,ALERT
795,1770749733.3661234,123,CRITICAL
796,1770749733.389812,114,ALERT
797,1770749733.4068289,125,CRITICAL
798,1770749733.4308813,121,CRITICAL
799,1770749733.4541621,119,ALERT
800,1770749733.4756043,115,ALERT
801,1770749733.5016375,127,CRITICAL
802,1770749733.544377,117,ALERT
803,1770749733.5803506,125,CRITICAL
804,1770749733.6105165,123,CRITICAL
805,1770749733.6292942,120,ALERT
806,1770749733.6507335,128,CRITICAL
807,1770749733.6732755,121,CRITICAL
808,1770749733.6926134,119,ALERT
809,1770749733.7147188,119,ALERT
810,1770749733.7376416,116,ALERT
811,1770749733.7627552,126,CRITICAL
812,1770749733.7878323,116,ALERT
813,1770749733.8102021,127,CRITICAL
814,1770749733.830778,126,CRITICAL
815,1770749733.850115,113,ALERT
816,1770749733.8710313,124,CRITICAL
817,1770749733.8906658,126,CRITICAL
818,1770749733.9089334,130,CRITICAL
819,1770749733.9315903,119,ALERT
820,1770749733.9506884,124,CRITICAL
821,1770749733.9734128,126,CRITICAL
822,1770749733.9968626,122,CRITICAL
823,1770749734.022836,120,ALERT
824,1770749734.0473359,110,ALERT
825,1770749734.0708401,121,CRITICAL
826,1770749734.1004515,115,ALERT
827,1770749734.1259599,111,ALERT
828,1770749734.150561,130,CRITICAL
829,1770749734.1736803,116,ALERT
830,1770749734.2032826,112,ALERT
831,1770749734.2301962,119,ALERT
832,1770749734.2532432,118,ALERT
833,1770749734.2775965,122,CRITICAL
834,1770749734.3034766,116,ALERT
835,1770749734.3275805,117,ALERT
836,1770749734.3523977,123,CRITICAL
837,1770749734.3767457,120,ALERT
838,1770749734.4003735,113,ALERT
839,1770749734.4199553,125,CRITICAL
840,1770749734.4388943,118,ALERT
841,1770749734.4632156,120,ALERT
842,1770749734.4864595,116,ALERT
843,1770749734.5061796,110,ALERT
844,1770749734.5312185,127,CRITICAL
845,1770749734.554823,110,ALERT
846,1770749734.5766704,118,ALERT
847,1770749734.603395,112,ALERT
848,1770749734.6269782,116,ALERT
849,1770749734.6515763,116,ALERT
850,1770749734.6693451,119,ALERT
851,1770749734.6956522,122,CRITICAL
852,1770749734.72303,117,ALERT
853,1770749734.7511268,128,CRITICAL
854,1770749734.7789464,121,CRITICAL
855,1770749734.8054323,117,ALERT
856,1770749734.8317575,122,CRITICAL
857,1770749734.8536859,117,ALERT
858,1770749734.8761828,116,ALERT
859,1770749734.8986971,112,ALERT
860,1770749734.9204953,121,CRITICAL
861,1770749734.9437602,123,CRITICAL
862,1770749734.9676478,111,ALERT
863,1770749734.9873338,111,ALERT
864,1770749735.0132763,120,ALERT
865,1770749735.0324295,116,ALERT
866,1770749735.0558634,112,ALERT
867,1770749735.0797274,128,CRITICAL
868,1770749735.1053863,123,CRITICAL
869,1770749735.1296065,125,CRITICAL
870,1770749735.1518462,114,ALERT
871,1770749735.1756015,127,CRITICAL
872,1770749735.2015069,128,CRITICAL
873,1770749735.2271993,116,ALERT
874,1770749735.269465,110,ALERT
875,1770749735.2905958,110,ALERT
876,1770749735.3147438,123,CRITICAL
877,1770749735.3387148,129,CRITICAL
878,1770749735.3667119,117,ALERT
879,1770749735.3962748,128,CRITICAL
880,1770749735.4242282,126,CRITICAL
881,1770749735.4507325,120,ALERT
882,1770749735.474771,123,CRITICAL
883,1770749735.4947731,111,ALERT
884,1770749735.514047,125,CRITICAL
885,1770749735.5417242,110,ALERT
886,1770749735.567818,128,CRITICAL
887,1770749735.5859716,112,ALERT
888,1770749735.6097684,115,ALERT
889,1770749735.6348317,117,ALERT
890,1770749735.6607072,125,CRITICAL
891,1770749735.690994,121,CRITICAL
892,1770749735.7166808,116,ALERT
893,1770749735.7397,121,CRITICAL
894,1770749735.7627847,113,ALERT
895,1770749735.7866144,115,ALERT
896,1770749735.8064473,116,ALERT
897,1770749735.830696,125,CRITICAL
898,1770749735.8507192,124,CRITICAL
899,1770749735.8758714,112,ALERT
900,1770749735.9000325,116,ALERT
901,1770749735.9198272,129,CRITICAL
902,1770749735.9425914,116,ALERT
903,1770749735.9658325,110,ALERT
904,1770749735.9893088,116,ALERT
905,1770749736.0109408,124,CRITICAL
906,1770749736.0307143,118,ALERT
907,1770749736.05392,117,ALERT
908,1770749736.0737433,114,ALERT
909,1770749736.097168,121,CRITICAL
910,1770749736.1149983,122,CRITICAL
911,1770749736.1381443,117,ALERT
912,1770749736.1598325,124,CRITICAL
913,1770749736.184795,113,ALERT
914,1770749736.2100103,124,CRITICAL
915,1770749736.233808,120,ALERT
916,1770749736.2573223,121,CRITICAL
917,1770749736.2867785,117,ALERT
918,1770749736.311094,127,CRITICAL
919,1770749736.3358893,116,ALERT
920,1770749736.3588989,114,ALERT
921,1770749736.385081,118,ALERT
922,1770749736.4095879,110,ALERT
923,1770749736.4344745,110,ALERT
924,1770749736.455025,128,CRITICAL
925,1770749736.4811382,114,ALERT
926,1770749736.5038059,115,ALERT
927,1770749736.5287669,110,ALERT
928,1770749736.5523756,129,CRITICAL
929,1770749736.5753655,110,ALERT
930,1770749736.597762,127,CRITICAL
931,1770749736.6177723,123,CRITICAL
932,1770749736.6374152,130,CRITICAL
933,1770749736.6651232,119,ALERT
934,1770749736.6914022,117,ALERT
935,1770749736.7151775,126,CRITICAL
936,1770749736.7361298,113,ALERT
937,1770749736.759568,126,CRITICAL
938,1770749736.7862692,119,ALERT
939,1770749736.8141057,112,ALERT
940,1770749736.833782,121,CRITICAL
941,1770749736.855997,111,ALERT
942,1770749736.8763134,127,CRITICAL
943,1770749736.8985062,130,CRITICAL
944,1770749736.923521,115,ALERT
945,1770749736.9489772,122,CRITICAL
946,1770749736.9730718,125,CRITICAL
947,1770749736.9970868,124,CRITICAL
948,1770749737.0229335,130,CRITICAL
949,1770749737.0474231,120,ALERT
950,1770749737.0709517,114,ALERT
951,1770749737.0957391,60,NORMAL
952,1770749737.1186812,86,NORMAL
953,1770749737.142773,85,NORMAL
954,1770749737.1635537,67,NORMAL
955,1770749737.1867163,75,NORMAL
956,1770749737.2069464,61,NORMAL
957,1770749737.232049,73,NORMAL
958,1770749737.2492526,60,NORMAL
959,1770749737.2707677,65,NORMAL
960,1770749737.2919667,80,NORMAL
961,1770749737.3143787,128,CRITICAL
962,1770749737.3353436,124,CRITICAL
963,1770749737.3583727,125,CRITICAL
964,1770749737.3864276,116,ALERT
965,1770749737.4124873,114,ALERT
966,1770749737.4366217,123,CRITICAL
967,1770749737.4622219,122,CRITICAL
968,1770749737.4856682,124,CRITICAL
969,1770749737.5106778,111,ALERT
970,1770749737.534747,111,ALERT
971,1770749737.5585027,126,CRITICAL
972,1770749737.5832088,118,ALERT
973,1770749737.606675,112,ALERT
974,1770749737.6290004,124,CRITICAL
975,1770749737.6528633,112,ALERT
976,1770749737.680226,122,CRITICAL
977,1770749737.701565,127,CRITICAL
978,1770749737.7254968,113,ALERT
979,1770749737.752819,122,CRITICAL
980,1770749737.7757692,120,ALERT
981,1770749737.7985106,117,ALERT
982,1770749737.8186553,117,ALERT
983,1770749737.8427052,113,ALERT
984,1770749737.866251,122,CRITICAL
985,1770749737.8906937,122,CRITICAL
986,1770749737.9133542,129,CRITICAL
987,1770749737.9397113,128,CRITICAL
988,1770749737.9627266,121,CRITICAL
989,1770749737.98719,113,ALERT
990,1770749738.0112717,125,CRITICAL
991,1770749738.0365803,128,CRITICAL
992,1770749738.059411,126,CRITICAL
993,1770749738.082661,126,CRITICAL
994,1770749738.1127915,122,CRITICAL
995,1770749738.1346343,124,CRITICAL
996,1770749738.1584918,126,CRITICAL
997,1770749738.182826,114,ALERT
998,1770749738.2118726,115,ALERT
999,1770749738.2418883,117,ALERT
1000,1770749738.2664895,124,CRITICAL
1001,1770749738.2874463,112,ALERT
1002,1770749738.311471,110,ALERT
1003,1770749738.3306186,127,CRITICAL
1004,1770749738.3527298,115,ALERT
1005,1770749738.3769119,119,ALERT
1006,1770749738.401797,130,CRITICAL
1007,1770749738.4276288,124,CRITICAL
1008,1770749738.4535098,115,ALERT
1009,1770749738.4816341,125,CRITICAL
1010,1770749738.5085838,121,CRITICAL
1011,1770749738.535205,126,CRITICAL
1012,1770749738.5611627,119,ALERT
1013,1770749738.5867047,115,ALERT
1014,1770749738.6124535,128,CRITICAL
1015,1770749738.6368206,129,CRITICAL
1016,1770749738.662612,124,CRITICAL
1017,1770749738.6819081,116,ALERT
1018,1770749738.7057717,117,ALERT
1019,1770749738.7268858,130,CRITICAL
1020,1770749738.748354,121,CRITICAL
1021,1770749738.7677445,130,CRITICAL
1022,1770749738.7908442,110,ALERT
1023,1770749738.8130133,129,CRITICAL
1024,1770749738.829554,121,CRITICAL
1025,1770749738.852003,116,ALERT
1026,1770749738.875361,123,CRITICAL
1027,1770749738.893506,114,ALERT
1028,1770749738.9159572,123,CRITICAL
1029,1770749738.9370155,111,ALERT
1030,1770749738.9586782,125,CRITICAL
1031,1770749738.9812996,127,CRITICAL
1032,1770749739.001881,115,ALERT
1033,1770749739.025407,120,ALERT
1034,1770749739.046497,128,CRITICAL
1035,1770749739.0667417,119,ALERT
1036,1770749739.0892186,116,ALERT
1037,1770749739.1105282,122,CRITICAL
1038,1770749739.1331577,125,CRITICAL
1039,1770749739.1570148,130,CRITICAL
1040,1770749739.1802893,125,CRITICAL
1041,1770749739.2022293,128,CRITICAL
1042,1770749739.222605,123,CRITICAL
1043,1770749739.2442474,122,CRITICAL
1044,1770749739.2640734,122,CRITICAL
1045,1770749739.2851386,118,ALERT
1046,1770749739.3077326,112,ALERT
1047,1770749739.3316286,127,CRITICAL
1048,1770749739.3565273,118,ALERT
1049,1770749739.3802292,112,ALERT
1050,1770749739.399822,120,ALERT
1051,1770749739.4223893,112,ALERT
1052,1770749739.4377124,118,ALERT
1053,1770749739.4586992,122,CRITICAL
1054,1770749739.4826531,121,CRITICAL
1055,1770749739.505994,126,CRITICAL
1056,1770749739.530933,117,ALERT
1057,1770749739.5579164,124,CRITICAL
1058,1770749739.5823774,117,ALERT
1059,1770749739.6043344,117,ALERT
1060,1770749739.6306472,112,ALERT
1061,1770749739.656315,113,ALERT
1062,1770749739.6801782,121,CRITICAL
1063,1770749739.7010312,126,CRITICAL
1064,1770749739.7260222,111,ALERT
1065,1770749739.753994,130,CRITICAL
1066,1770749739.7906911,110,ALERT
1067,1770749739.8146577,110,ALERT
1068,1770749739.839764,129,CRITICAL
1069,1770749739.8650858,129,CRITICAL
1070,1770749739.8880274,124,CRITICAL
1071,1770749739.9117827,121,CRITICAL
1072,1770749739.9321277,130,CRITICAL
1073,1770749739.9568193,114,ALERT
1074,1770749739.9754114,130,CRITICAL
1075,1770749740.0014489,129,CRITICAL
1076,1770749740.028484,123,CRITICAL
1077,1770749740.0517607,117,ALERT
1078,1770749740.080521,123,CRITICAL
1079,1770749740.1060493,124,CRITICAL
1080,1770749740.1294024,111,ALERT
1081,1770749740.1530542,112,ALERT
1082,1770749740.1753113,125,CRITICAL
1083,1770749740.2013793,121,CRITICAL
1084,1770749740.225728,122,CRITICAL
1085,1770749740.2474382,118,ALERT
1086,1770749740.271089,129,CRITICAL
1087,1770749740.2979212,128,CRITICAL
1088,1770749740.3286078,114,ALERT
1089,1770749740.3539386,125,CRITICAL
1090,1770749740.3830853,124,CRITICAL
1091,1770749740.4113145,130,CRITICAL
1092,1770749740.436532,117,ALERT
1093,1770749740.4605598,120,ALERT
1094,1770749740.483049,115,ALERT
1095,1770749740.507934,122,CRITICAL
1096,1770749740.5279155,127,CRITICAL
1097,1770749740.5507784,112,ALERT
1098,1770749740.5731862,117,ALERT
1099,1770749740.5991209,121,CRITICAL
1100,1770749740.6249979,116,ALERT
1101,1770749740.6504254,130,CRITICAL
1102,1770749740.6734984,116,ALERT
1103,1770749740.6986809,113,ALERT
1104,1770749740.7265038,122,CRITICAL
1105,1770749740.753044,118,ALERT
1106,1770749740.7814782,120,ALERT
1107,1770749740.8095179,114,ALERT
1108,1770749740.8341875,127,CRITICAL
1109,1770749740.8587058,126,CRITICAL
1110,1770749740.8812394,130,CRITICAL
1111,1770749740.9053607,127,CRITICAL
1112,1770749740.9300234,120,ALERT
1113,1770749740.9493763,114,ALERT
1114,1770749740.9755738,115,ALERT
1115,1770749741.0025873,119,ALERT
1116,1770749741.0210314,114,ALERT
1117,1770749741.0472755,124,CRITICAL
1118,1770749741.0652351,114,ALERT
1119,1770749741.0876746,125,CRITICAL
1120,1770749741.11282,128,CRITICAL
1121,1770749741.1374424,118,ALERT
1122,1770749741.167852,115,ALERT
1123,1770749741.1882741,111,ALERT
1124,1770749741.2120166,125,CRITICAL
1125,1770749741.237579,113,ALERT
1126,1770749741.2631876,118,ALERT
1127,1770749741.2879019,123,CRITICAL
1128,1770749741.3107967,127,CRITICAL
1129,1770749741.3346903,130,CRITICAL
1130,1770749741.3583264,110,ALERT
1131,1770749741.3832796,116,ALERT
1132,1770749741.4105449,127,CRITICAL
1133,1770749741.4375095,125,CRITICAL
1134,1770749741.46094,122,CRITICAL
1135,1770749741.489383,117,ALERT
1136,1770749741.5156982,130,CRITICAL
1137,1770749741.5451596,126,CRITICAL
1138,1770749741.5643165,122,CRITICAL
1139,1770749741.5910878,124,CRITICAL
1140,1770749739.1518426,119,ALERT
1141,1770749739.1778452,121,CRITICAL
1142,1770749739.2047658,126,CRITICAL
1143,1770749739.2290967,117,ALERT
1144,1770749739.2553155,120,ALERT
1145,1770749739.2847083,119,ALERT
1146,1770749739.3090544,129,CRITICAL
1147,1770749739.3336685,122,CRITICAL
1148,1770749739.3607457,113,ALERT
1149,1770749739.385317,124,CRITICAL
1150,1770749739.4025812,114,ALERT
1151,1770749739.427473,127,CRITICAL
1152,1770749739.4526865,130,CRITICAL
1153,1770749739.478069,117,ALERT
1154,1770749739.5031347,113,ALERT
1155,1770749739.5224664,119,ALERT
1156,1770749739.548498,123,CRITICAL
1157,1770749739.5713854,125,CRITICAL
1158,1770749739.5932744,120,ALERT
1159,1770749739.6193788,115,ALERT
1160,1770749739.6429682,116,ALERT
1161,1770749739.6579525,119,ALERT
1162,1770749739.6838293,112,ALERT
1163,1770749739.7040038,114,ALERT
1164,1770749739.7280254,116,ALERT
1165,1770749739.7511475,113,ALERT
1166,1770749739.7769237,118,ALERT
1167,1770749739.8035312,121,CRITICAL
1168,1770749739.8273365,113,ALERT
1169,1770749739.8588204,130,CRITICAL
1170,1770749739.8825939,110,ALERT
1171,1770749739.90829,112,ALERT
1172,1770749739.936143,127,CRITICAL
1173,1770749739.9590497,129,CRITICAL
1174,1770749739.9868824,125,CRITICAL
1175,1770749740.0111578,114,ALERT
1176,1770749740.036053,117,ALERT
1177,1770749740.0635748,129,CRITICAL
1178,1770749740.088537,122,CRITICAL
1179,1770749740.1169274,117,ALERT
1180,1770749740.145086,115,ALERT
1181,1770749740.1717794,130,CRITICAL
1182,1770749740.1959834,130,CRITICAL
1183,1770749740.2214472,127,CRITICAL
1184,1770749740.246285,125,CRITICAL
1185,1770749740.263895,127,CRITICAL
1186,1770749740.2845328,129,CRITICAL
1187,1770749740.3089333,125,CRITICAL
1188,1770749740.333582,119,ALERT
1189,1770749740.3592806,122,CRITICAL
1190,1770749740.383807,117,ALERT
1191,1770749740.4051127,117,ALERT
1192,1770749740.4347563,115,ALERT
1193,1770749740.462551,121,CRITICAL
1194,1770749740.4880176,117,ALERT
1195,1770749740.5159028,113,ALERT
1196,1770749740.540067,129,CRITICAL
1197,1770749740.5650063,126,CRITICAL
1198,1770749740.590469,128,CRITICAL
1199,1770749740.615532,119,ALERT
1200,1770749740.6417086,124,CRITICAL
1201,1770749740.666325,124,CRITICAL
1202,1770749740.6893225,112,ALERT
1203,1770749740.7132866,128,CRITICAL
1204,1770749740.7395537,119,ALERT
1205,1770749740.762734,124,CRITICAL
1206,1770749740.7860658,122,CRITICAL
1207,1770749740.8138235,127,CRITICAL
1208,1770749740.8354142,126,CRITICAL
1209,1770749740.861244,124,CRITICAL
1210,1770749740.88568,121,CRITICAL
1211,1770749740.9127464,127,CRITICAL
1212,1770749740.9384606,124,CRITICAL
1213,1770749740.963916,113,ALERT
1214,1770749740.9914677,126,CRITICAL
1215,1770749741.018047,114,ALERT
1216,1770749741.0368605,111,ALERT
1217,1770749741.0632515,118,ALERT
1218,1770749741.0881686,111,ALERT
1219,1770749741.1139781,123,CRITICAL
1220,1770749741.1395495,128,CRITICAL
1221,1770749741.165801,120,ALERT
1222,1770749741.190184,129,CRITICAL
1223,1770749741.2169704,124,CRITICAL
1224,1770749741.2410262,127,CRITICAL
1225,1770749741.268044,112,ALERT
1226,1770749741.2923398,119,ALERT
1227,1770749741.3168206,127,CRITICAL
1228,1770749741.342751,123,CRITICAL
1229,1770749741.3662844,112,ALERT
1230,1770749741.384944,119,ALERT
1231,1770749741.4074059,119,ALERT
1232,1770749741.4281685,111,ALERT
1233,1770749741.454385,110,ALERT
1234,1770749741.4773555,112,ALERT
1235,1770749741.5000167,128,CRITICAL
1236,1770749741.5266433,127,CRITICAL
1237,1770749741.5511293,130,CRITICAL
1238,1770749741.5774503,113,ALERT
1239,1770749741.6051385,128,CRITICAL
1240,1770749741.6317658,120,ALERT
1241,1770749741.6629565,128,CRITICAL
1242,1770749741.6878774,128,CRITICAL
1243,1770749741.713102,128,CRITICAL
1244,1770749741.7368793,114,ALERT
1245,1770749741.7525675,111,ALERT
1246,1770749741.777065,117,ALERT
1247,1770749741.797903,118,ALERT
1248,1770749741.8214808,126,CRITICAL
1249,1770749741.8468747,124,CRITICAL
1250,1770749741.8697517,120,ALERT
1251,1770749741.891198,113,ALERT
1252,1770749741.9163833,129,CRITICAL
1253,1770749741.9366083,126,CRITICAL
1254,1770749741.9595828,125,CRITICAL
1255,1770749741.9839559,124,CRITICAL
1256,1770749742.0112734,110,ALERT
1257,1770749742.0407782,115,ALERT
1258,1770749742.0632868,129,CRITICAL
1259,1770749742.0857198,129,CRITICAL
1260,1770749742.1119452,115,ALERT
1261,1770749742.134764,112,ALERT
1262,1770749742.1598268,130,CRITICAL
1263,1770749742.183402,116,ALERT
1264,1770749742.207415,120,ALERT
1265,1770749742.2352865,120,ALERT
1266,1770749742.2634165,127,CRITICAL
1267,1770749742.2918494,120,ALERT
1268,1770749742.3218486,117,ALERT
1269,1770749742.3480256,67,NORMAL
1270,1770749742.3752546,75,NORMAL
1271,1770749742.399976,60,NORMAL
1272,1770749742.425597,88,NORMAL
1273,1770749742.4411278,65,NORMAL
1274,1770749742.464995,66,NORMAL
1275,1770749742.4833813,84,NORMAL
1276,1770749742.5077367,89,NORMAL
1277,1770749742.5348763,90,NORMAL
1278,1770749742.5629582,66,NORMAL
1279,1770749742.5877876,73,NORMAL
1280,1770749742.6125739,61,NORMAL
1281,1770749742.6420696,118,ALERT
1282,1770749742.6679318,117,ALERT
1283,1770749742.6943822,127,CRITICAL
1284,1770749742.7221603,118,ALERT
1285,1770749742.7504768,117,ALERT
1286,1770749742.7750986,116,ALERT
1287,1770749742.801238,111,ALERT
1288,1770749742.8272405,128,CRITICAL
1289,1770749742.8448236,114,ALERT
1290,1770749742.8731606,129,CRITICAL
1291,1770749742.8979888,110,ALERT
1292,1770749742.9261765,114,ALERT
1293,1770749742.9562485,125,CRITICAL
1294,1770749742.9874666,113,ALERT
1295,1770749743.0055864,112,ALERT
1296,1770749743.0310106,119,ALERT
1297,1770749743.0558798,120,ALERT
1298,1770749743.0753114,115,ALERT
1299,1770749743.0993488,111,ALERT
1300,1770749743.122427,113,ALERT
1301,1770749743.143456,115,ALERT
1302,1770749743.1581554,110,ALERT
1303,1770749743.173131,128,CRITICAL
1304,1770749743.1887274,122,CRITICAL
1305,1770749743.213438,127,CRITICAL
1306,1770749743.2372067,115,ALERT
1307,1770749743.2599962,110,ALERT
1308,1770749743.287431,117,ALERT
1309,1770749743.3155274,117,ALERT
1310,1770749743.3367217,115,ALERT
1311,1770749743.3641853,130,CRITICAL
1312,1770749743.3899784,129,CRITICAL
1313,1770749743.417798,113,ALERT
1314,1770749743.4474113,117,ALERT
1315,1770749743.473819,117,ALERT
1316,1770749743.498378,129,CRITICAL
1317,1770749743.5262241,124,CRITICAL
1318,1770749743.5499454,122,CRITICAL
1319,1770749743.575734,111,ALERT
1320,1770749743.6027153,117,ALERT
1321,1770749743.6171649,123,CRITICAL
1322,1770749743.640709,113,ALERT
1323,1770749743.6672802,116,ALERT
1324,1770749743.6929748,114,ALERT
1325,1770749743.7223167,117,ALERT
1326,1770749743.7480867,112,ALERT
1327,1770749743.7739081,116,ALERT
1328,1770749743.797817,129,CRITICAL
1329,1770749743.8217385,110,ALERT
1330,1770749743.8478072,120,ALERT
1331,1770749743.875184,115,ALERT
1332,1770749743.9007819,118,ALERT
1333,1770749743.9233384,112,ALERT
1334,1770749743.9462333,121,CRITICAL
1335,1770749743.9722028,117,ALERT
1336,1770749743.9979928,111,ALERT
1337,1770749744.0251622,112,ALERT
1338,1770749744.0528543,113,ALERT
1339,1770749744.0777564,128,CRITICAL
1340,1770749744.1064389,116,ALERT
1341,1770749744.1292028,111,ALERT
1342,1770749744.1477802,126,CRITICAL
1343,1770749744.1722548,122,CRITICAL
1344,1770749744.197813,124,CRITICAL
1345,1770749744.2212305,112,ALERT
1346,1770749744.2512598,120,ALERT
1347,1770749744.282322,117,ALERT
1348,1770749744.3080277,113,ALERT
1349,1770749744.3325675,117,ALERT
1350,1770749744.3578591,119,ALERT
1351,1770749744.3832974,121,CRITICAL
1352,1770749744.4093957,111,ALERT
1353,1770749744.4360712,128,CRITICAL
1354,1770749744.4611804,111,ALERT
1355,1770749744.4879153,127,CRITICAL
1356,1770749744.5140257,120,ALERT
1357,1770749744.539641,124,CRITICAL
1358,1770749744.5634246,113,ALERT
1359,1770749744.5942833,116,ALERT
1360,1770749744.6193984,114,ALERT
1361,1770749744.6419876,127,CRITICAL
1362,1770749744.666266,122,CRITICAL
1363,1770749744.690623,122,CRITICAL
1364,1770749744.7113597,122,CRITICAL
1365,1770749744.736137,130,CRITICAL
1366,1770749744.7636526,111,ALERT
1367,1770749744.7927353,124,CRITICAL
1368,1770749744.8193185,117,ALERT
1369,1770749744.843764,116,ALERT
1370,1770749744.8692133,128,CRITICAL
1371,1770749744.8943644,116,ALERT
1372,1770749744.9203866,121,CRITICAL
1373,1770749744.9480145,116,ALERT
1374,1770749744.9715157,113,ALERT
1375,1770749744.9954245,121,CRITICAL
1376,1770749745.0113819,121,CRITICAL
1377,1770749745.0353615,118,ALERT
1378,1770749745.0609524,117,ALERT
1379,1770749745.085872,128,CRITICAL
1380,1770749745.1121047,121,CRITICAL
1381,1770749745.1411366,124,CRITICAL
1382,1770749745.1675436,117,ALERT
1383,1770749745.1878703,126,CRITICAL
1384,1770749745.2160554,114,ALERT
1385,1770749745.2404923,128,CRITICAL
1386,1770749745.2652154,117,ALERT
1387,1770749745.286393,130,CRITICAL
1388,1770749745.311441,116,ALERT
1389,1770749745.3392537,130,CRITICAL
1390,1770749745.3662796,110,ALERT
1391,1770749745.3920739,128,CRITICAL
1392,1770749745.4159806,112,ALERT
1393,1770749745.4429123,121,CRITICAL
1394,1770749745.4697902,129,CRITICAL
1395,1770749745.4924219,119,ALERT
1396,1770749745.520787,113,ALERT
1397,1770749745.5505118,118,ALERT
1398,1770749745.576601,125,CRITICAL
1399,1770749745.5990262,113,ALERT
1400,1770749745.6280258,125,CRITICAL
1401,1770749745.6517563,130,CRITICAL
1402,1770749745.6797514,126,CRITICAL
1403,1770749745.7035263,127,CRITICAL
1404,1770749745.7281888,129,CRITICAL
1405,1770749745.746116,126,CRITICAL
1406,1770749745.7695274,126,CRITICAL
1407,1770749745.7977471,119,ALERT
1408,1770749745.818006,127,CRITICAL
1409,1770749745.8429325,125,CRITICAL
1410,1770749745.8701482,117,ALERT
1411,1770749745.8959098,122,CRITICAL
1412,1770749745.9244516,111,ALERT
1413,1770749745.9551587,122,CRITICAL
1414,1770749745.9833207,112,ALERT
1415,1770749746.011474,119,ALERT
1416,1770749746.0380266,125,CRITICAL
1417,1770749746.0635774,117,ALERT
1418,1770749746.093022,120,ALERT
1419,1770749746.1169229,129,CRITICAL
1420,1770749746.1421535,112,ALERT
1421,1770749746.1686225,129,CRITICAL
1422,1770749746.1958082,111,ALERT
1423,1770749746.2230542,120,ALERT
1424,1770749746.2491827,124,CRITICAL
1425,1770749746.2767098,125,CRITICAL
1426,1770749746.2970812,124,CRITICAL
1427,1770749746.3242173,110,ALERT
1428,1770749746.351448,128,CRITICAL
1429,1770749746.3697722,119,ALERT
1430,1770749746.3943613,128,CRITICAL
1431,1770749746.4209163,121,CRITICAL
1432,1770749746.4472654,124,CRITICAL
1433,1770749746.4672182,114,ALERT
1434,1770749746.493669,117,ALERT
1435,1770749746.5203404,112,ALERT
1436,1770749746.5490317,125,CRITICAL
1437,1770749746.57046,126,CRITICAL
1438,1770749746.5908444,120,ALERT
1439,1770749746.6161385,126,CRITICAL
1440,1770749746.6435835,114,ALERT
1441,1770749746.671718,115,ALERT
1442,1770749746.6935813,123,CRITICAL
1443,1770749746.7159128,118,ALERT
1444,1770749746.7409928,118,ALERT
1445,1770749746.7681236,113,ALERT
1446,1770749746.791104,120,ALERT
1447,1770749746.8182158,122,CRITICAL
1448,1770749746.8373964,119,ALERT
1449,1770749746.86225,130,CRITICAL
1450,1770749746.8788774,129,CRITICAL
1451,1770749746.899056,129,CRITICAL
1452,1770749746.9227998,110,ALERT
1453,1770749746.9501312,128,CRITICAL
1454,1770749746.9746873,121,CRITICAL
1455,1770749746.996317,113,ALERT
1456,1770749747.0241349,124,CRITICAL
1457,1770749747.0490022,118,ALERT
1458,1770749747.0766757,125,CRITICAL
1459,1770749747.0978417,129,CRITICAL
1460,1770749747.1201243,124,CRITICAL
1461,1770749747.1446567,124,CRITICAL
1462,1770749747.1673496,129,CRITICAL
1463,1770749747.189886,110,ALERT
1464,1770749747.2142909,111,ALERT
1465,1770749747.2419162,129,CRITICAL
1466,1770749747.2673576,115,ALERT
1467,1770749747.2970443,122,CRITICAL
1468,1770749747.3209329,115,ALERT
1469,1770749747.3480725,123,CRITICAL
1470,1770749747.3697984,113,ALERT
1471,1770749747.3911045,126,CRITICAL
1472,1770749747.4087143,129,CRITICAL
1473,1770749747.4368632,114,ALERT
1474,1770749747.4673896,118,ALERT
1475,1770749747.4942684,110,ALERT
1476,1770749747.5198317,118,ALERT
1477,1770749747.542302,127,CRITICAL
1478,1770749747.5709033,130,CRITICAL
1479,1770749747.6003249,113,ALERT
1480,1770749747.624396,129,CRITICAL
1481,1770749747.6518428,112,ALERT
1482,1770749747.6811278,79,NORMAL
1483,1770749747.709298,69,NORMAL
1484,1770749747.7390912,88,NORMAL
1485,1770749747.7628734,64,NORMAL
1486,1770749747.7878404,72,NORMAL
1487,1770749747.8124013,77,NORMAL
1488,1770749747.8339665,60,NORMAL
1489,1770749747.855907,72,NORMAL
1490,1770749747.8807306,72,NORMAL
1491,1770749747.9089212,85,NORMAL
1492,1770749747.936907,121,CRITICAL
1493,1770749747.9627059,117,ALERT
1494,1770749747.97946,112,ALERT
1495,1770749747.9985142,130,CRITICAL
1496,1770749748.0205736,110,ALERT
1497,1770749748.0462716,126,CRITICAL
1498,1770749748.0712667,122,CRITICAL
1499,1770749748.09524,123,CRITICAL
1500,1770749748.122924,114,ALERT
1501,1770749748.1470563,117,ALERT
1502,1770749748.1715865,113,ALERT
1503,1770749748.1979346,117,ALERT
1504,1770749748.2230444,119,ALERT
1505,1770749748.24443,122,CRITICAL
1506,1770749748.2670562,116,ALERT
1507,1770749748.2917287,111,ALERT
1508,1770749748.31726,118,ALERT
1509,1770749748.3460789,113,ALERT
1510,1770749748.371662,121,CRITICAL
1511,1770749748.4009192,111,ALERT
1512,1770749748.4290943,121,CRITICAL
1513,1770749748.4551592,124,CRITICAL
1514,1770749748.4697616,124,CRITICAL
1515,1770749748.488589,126,CRITICAL
1516,1770749748.5064886,113,ALERT
1517,1770749748.5298693,116,ALERT
1518,1770749748.5544424,129,CRITICAL
1519,1770749748.5812297,119,ALERT
1520,1770749748.5952208,115,ALERT
1521,1770749748.6088297,130,CRITICAL
1522,1770749748.6278768,110,ALERT
1523,1770749748.6527262,124,CRITICAL
1524,1770749748.681327,121,CRITICAL
1525,1770749748.707003,116,ALERT
1526,1770749748.7319703,130,CRITICAL
1527,1770749748.7618356,121,CRITICAL
1528,1770749748.7916474,127,CRITICAL
1529,1770749748.8192246,126,CRITICAL
1530,1770749748.8452897,117,ALERT
1531,1770749748.8759813,126,CRITICAL
1532,1770749748.901012,113,ALERT
1533,1770749748.9256878,118,ALERT
1534,1770749748.95127,121,CRITICAL
1535,1770749748.9765625,116,ALERT
1536,1770749749.0073123,125,CRITICAL
1537,1770749749.028507,115,ALERT
1538,1770749749.052188,126,CRITICAL
1539,1770749749.0775173,119,ALERT
1540,1770749749.1042154,112,ALERT
1541,1770749749.130687,123,CRITICAL
1542,1770749749.156602,127,CRITICAL
1543,1770749749.182018,123,CRITICAL
1544,1770749749.2077708,122,CRITICAL
1545,1770749749.2338166,118,ALERT
1546,1770749749.2570372,114,ALERT
1547,1770749749.2846632,121,CRITICAL
1548,1770749749.3110955,114,ALERT
1549,1770749749.3291898,113,ALERT
1550,1770749749.3512723,129,CRITICAL
1551,1770749749.3766375,122,CRITICAL
1552,1770749749.4031823,123,CRITICAL
1553,1770749749.4304214,121,CRITICAL
1554,1770749749.4564269,125,CRITICAL
1555,1770749749.4815621,113,ALERT
1556,1770749749.508722,119,ALERT
1557,1770749749.5387356,124,CRITICAL
1558,1770749749.5682468,124,CRITICAL
1559,1770749749.5843444,123,CRITICAL
1560,1770749749.6090477,123,CRITICAL
1561,1770749749.638019,125,CRITICAL
1562,1770749749.6617227,123,CRITICAL
1563,1770749749.6856685,124,CRITICAL
1564,1770749749.7106843,121,CRITICAL
1565,1770749749.7344909,126,CRITICAL
1566,1770749749.758905,120,ALERT
1567,1770749749.7800121,116,ALERT
1568,1770749749.8087842,129,CRITICAL
1569,1770749749.8384268,127,CRITICAL
1570,1770749749.8673632,124,CRITICAL
1571,1770749749.8933122,121,CRITICAL
1572,1770749749.9191637,117,ALERT
1573,1770749749.9470851,129,CRITICAL
1574,1770749749.9753942,126,CRITICAL
1575,1770749750.0014682,114,ALERT
1576,1770749750.0272827,121,CRITICAL
1577,1770749750.0541768,122,CRITICAL
1578,1770749750.0804164,124,CRITICAL
1579,1770749750.1051571,121,CRITICAL
1580,1770749750.1296458,122,CRITICAL
1581,1770749750.1509051,123,CRITICAL
1582,1770749750.1783059,114,ALERT
1583,1770749750.1993465,112,ALERT
1584,1770749750.2241452,121,CRITICAL
1585,1770749750.2487862,119,ALERT
1586,1770749750.275852,125,CRITICAL
1587,1770749750.3034263,112,ALERT
1588,1770749750.3265095,128,CRITICAL
1589,1770749750.3506682,130,CRITICAL
1590,1770749750.378311,119,ALERT
1591,1770749750.4048116,115,ALERT
1592,1770749750.4273472,125,CRITICAL
1593,1770749750.4563196,114,ALERT
1594,1770749750.48075,111,ALERT
1595,1770749750.5074315,116,ALERT
1596,1770749750.5342429,124,CRITICAL
1597,1770749750.5555007,113,ALERT
1598,1770749750.5826383,115,ALERT
1599,1770749750.6114614,117,ALERT
1600,1770749750.636342,118,ALERT
1601,1770749750.6602812,113,ALERT
1602,1770749750.6833487,128,CRITICAL
1603,1770749750.7110093,117,ALERT
1604,1770749750.7351463,114,ALERT
1605,1770749750.7592115,124,CRITICAL
1606,1770749750.7846696,126,CRITICAL
1607,1770749750.8074841,117,ALERT
1608,1770749750.8340638,112,ALERT
1609,1770749750.8593426,123,CRITICAL
1610,1770749750.8842683,123,CRITICAL
1611,1770749750.9108818,115,ALERT
1612,1770749750.9382682,121,CRITICAL
1613,1770749750.9608543,126,CRITICAL
1614,1770749750.983378,116,ALERT
1615,1770749751.0074172,119,ALERT
1616,1770749751.0333269,116,ALERT
1617,1770749751.0598075,126,CRITICAL
1618,1770749751.0878527,113,ALERT
1619,1770749751.1126103,117,ALERT
1620,1770749751.1376314,127,CRITICAL
1621,1770749751.1603975,129,CRITICAL
1622,1770749751.1822643,119,ALERT
1623,1770749751.2013621,118,ALERT
1624,1770749751.2248948,126,CRITICAL
1625,1770749751.2440982,126,CRITICAL
1626,1770749751.26343,124,CRITICAL
1627,1770749751.2868533,114,ALERT
1628,1770749751.3035924,112,ALERT
1629,1770749751.320137,126,CRITICAL
1630,1770749751.3397152,117,ALERT
1631,1770749751.3595529,115,ALERT
1632,1770749751.3801742,124,CRITICAL
1633,1770749751.411491,112,ALERT
1634,1770749751.4326391,128,CRITICAL
1635,1770749751.450249,114,ALERT
1636,1770749751.4688575,117,ALERT
1637,1770749751.4919336,115,ALERT
1638,1770749751.511018,112,ALERT
1639,1770749751.528981,116,ALERT
1640,1770749751.5502205,114,ALERT
1641,1770749751.5689616,113,ALERT
1642,1770749751.587958,118,ALERT
1643,1770749751.6067681,112,ALERT
1644,1770749751.626439,125,CRITICAL
1645,1770749751.645841,119,ALERT
1646,1770749751.6640923,111,ALERT
1647,1770749751.6842475,111,ALERT
1648,1770749751.7077665,121,CRITICAL
1649,1770749751.7314196,113,ALERT
1650,1770749751.74872,123,CRITICAL
1651,1770749751.7661862,117,ALERT
1652,1770749751.785546,112,ALERT
1653,1770749751.7992272,120,ALERT
1654,1770749751.8248086,124,CRITICAL
1655,1770749751.8435185,120,ALERT
1656,1770749751.8676882,116,ALERT
1657,1770749751.8915446,110,ALERT
1658,1770749751.9147375,129,CRITICAL
1659,1770749751.9315393,111,ALERT
1660,1770749751.9535565,110,ALERT
1661,1770749751.9740953,110,ALERT
1662,1770749751.992371,123,CRITICAL
1663,1770749752.0127196,116,ALERT
1664,1770749752.03125,129,CRITICAL
1665,1770749752.049019,114,ALERT
1666,1770749752.067761,120,ALERT
1667,1770749752.0868216,123,CRITICAL
1668,1770749752.1033537,119,ALERT
1669,1770749752.1240518,127,CRITICAL
1670,1770749752.1419344,127,CRITICAL
1671,1770749752.16569,119,ALERT
1672,1770749752.1906903,124,CRITICAL
1673,1770749752.2110145,113,ALERT
1674,1770749752.226884,122,CRITICAL
1675,1770749752.2432532,111,ALERT
1676,1770749752.2594223,112,ALERT
1677,1770749752.273907,127,CRITICAL
1678,1770749752.2913778,114,ALERT
1679,1770749752.3074033,119,ALERT
1680,1770749752.3228962,125,CRITICAL
1681,1770749752.342738,120,ALERT
1682,1770749752.3635147,121,CRITICAL
1683,1770749752.3801355,120,ALERT
1684,1770749752.39919,125,CRITICAL
1685,1770749752.4174562,120,ALERT
1686,1770749752.4339926,119,ALERT
1687,1770749752.454858,130,CRITICAL
1688,1770749752.473917,121,CRITICAL
1689,1770749752.4924047,110,ALERT
1690,1770749752.5102482,127,CRITICAL
1691,1770749752.528044,113,ALERT
1692,1770749752.5460296,127,CRITICAL
1693,1770749752.5632775,112,ALERT
1694,1770749752.5804572,125,CRITICAL
1695,1770749752.5978665,129,CRITICAL
1696,1770749752.6165316,113,ALERT
1697,1770749752.6337698,123,CRITICAL
1698,1770749752.6533735,110,ALERT
1699,1770749752.6753755,122,CRITICAL
1700,1770749752.6965818,120,ALERT
1701,1770749752.717747,113,ALERT
1702,1770749752.7408888,117,ALERT
1703,1770749752.7676227,128,CRITICAL
1704,1770749752.796679,111,ALERT
1705,1770749752.8206313,121,CRITICAL
1706,1770749752.8380167,114,ALERT
1707,1770749752.8579931,116,ALERT
1708,1770749752.8784451,127,CRITICAL
1709,1770749752.9018242,129,CRITICAL
1710,1770749752.9190454,124,CRITICAL
1711,1770749752.9417934,111,ALERT
1712,1770749752.9570053,83,NORMAL
1713,1770749752.9825492,72,NORMAL
1714,1770749753.0061781,61,NORMAL
1715,1770749753.033695,85,NORMAL
1716,1770749753.051451,63,NORMAL
1717,1770749753.0698426,73,NORMAL
1718,1770749753.0890427,65,NORMAL
1719,1770749753.1048908,75,NORMAL
1720,1770749753.1221015,62,NORMAL
1721,1770749753.1394136,90,NORMAL
1722,1770749753.1593847,90,NORMAL
1723,1770749753.1785016,75,NORMAL
1724,1770749753.1948147,86,NORMAL
1725,1770749753.2125213,83,NORMAL
1726,1770749753.2341332,87,NORMAL
1727,1770749753.257604,72,NORMAL
1728,1770749753.2816515,90,NORMAL
1729,1770749753.3013675,72,NORMAL
1730,1770749753.3251789,74,NORMAL
1731,1770749753.3510942,70,NORMAL
1732,1770749753.3724277,70,NORMAL
1733,1770749753.3939734,81,NORMAL
1734,1770749753.4167724,72,NORMAL
1735,1770749753.4353995,66,NORMAL
1736,1770749753.4513762,83,NORMAL
1737,1770749753.4688332,68,NORMAL
1738,1770749753.4872038,66,NORMAL
1739,1770749753.50594,74,NORMAL
1740,1770749753.5242493,63,NORMAL
1741,1770749753.5399418,81,NORMAL
1742,1770749753.5569117,76,NORMAL
1743,1770749753.5737183,73,NORMAL
1744,1770749753.59306,89,NORMAL
1745,1770749753.610122,83,NORMAL
1746,1770749753.6272593,62,NORMAL
1747,1770749753.6434307,86,NORMAL
1748,1770749753.6616106,83,NORMAL
1749,1770749753.677992,60,NORMAL
1750,1770749753.694792,69,NORMAL
1751,1770749753.7131684,83,NORMAL
1752,1770749753.7293913,64,NORMAL
1753,1770749753.7459702,77,NORMAL
1754,1770749753.7646625,73,NORMAL
1755,1770749753.7834723,81,NORMAL
1756,1770749753.802716,73,NORMAL
1757,1770749753.81989,64,NORMAL
1758,1770749753.8371327,111,ALERT
1759,1770749753.8578012,123,CRITICAL
1760,1770749753.8799975,114,ALERT
1761,1770749753.9046023,122,CRITICAL
1762,1770749753.929441,117,ALERT
1763,1770749753.9538703,127,CRITICAL
1764,1770749753.978849,127,CRITICAL
1765,1770749753.9953506,124,CRITICAL
1766,1770749754.014449,121,CRITICAL
1767,1770749754.04021,120,ALERT
1768,1770749754.0566359,123,CRITICAL
1769,1770749754.0714083,124,CRITICAL
1770,1770749754.0878906,120,ALERT
1771,1770749754.1151354,119,ALERT
1772,1770749754.1384895,115,ALERT
1773,1770749754.1553562,117,ALERT
1774,1770749754.173565,120,ALERT
1775,1770749754.2022984,113,ALERT
1776,1770749754.22594,115,ALERT
1777,1770749754.248944,114,ALERT
1778,1770749754.270923,123,CRITICAL
1779,1770749754.2986598,114,ALERT
1780,1770749754.3243918,121,CRITICAL
1781,1770749754.3527122,116,ALERT
1782,1770749754.379616,126,CRITICAL
1783,1770749754.3987963,113,ALERT
1784,1770749754.4153848,122,CRITICAL
1785,1770749754.432987,128,CRITICAL
1786,1770749754.4523318,110,ALERT
1787,1770749754.4689088,118,ALERT
1788,1770749754.4868085,118,ALERT
1789,1770749754.504934,122,CRITICAL
1790,1770749754.53248,120,ALERT
1791,1770749754.5555527,111,ALERT
1792,1770749754.5760968,126,CRITICAL
1793,1770749754.5925763,126,CRITICAL
1794,1770749754.6126728,125,CRITICAL
1795,1770749754.6338286,112,ALERT
1796,1770749754.654304,117,ALERT
1797,1770749754.6714282,115,ALERT
1798,1770749754.6900928,118,ALERT
1799,1770749754.7072022,116,ALERT
1800,1770749754.7227902,120,ALERT
1801,1770749754.740972,117,ALERT
1802,1770749754.7574134,126,CRITICAL
1803,1770749754.7764194,113,ALERT
1804,1770749754.7946255,123,CRITICAL
1805,1770749754.8160381,112,ALERT
1806,1770749754.8366127,112,ALERT
1807,1770749754.853809,110,ALERT
1808,1770749754.876765,111,ALERT
1809,1770749754.897536,114,ALERT
1810,1770749754.9203165,124,CRITICAL
1811,1770749754.9402394,121,CRITICAL
1812,1770749754.9572449,123,CRITICAL
1813,1770749754.979999,125,CRITICAL
1814,1770749754.9996634,119,ALERT
1815,1770749755.0196347,125,CRITICAL
1816,1770749755.0473752,128,CRITICAL
1817,1770749755.0682242,126,CRITICAL
1818,1770749755.091997,128,CRITICAL
1819,1770749755.1128304,110,ALERT
1820,1770749755.137992,119,ALERT
1821,1770749755.165785,117,ALERT
1822,1770749755.1946776,120,ALERT
1823,1770749755.219347,128,CRITICAL
1824,1770749755.2434015,112,ALERT
1825,1770749755.267284,126,CRITICAL
1826,1770749755.287813,124,CRITICAL
1827,1770749755.3132124,120,ALERT
1828,1770749755.341411,122,CRITICAL
1829,1770749755.368139,126,CRITICAL
1830,1770749755.3992913,115,ALERT
1831,1770749755.4233696,129,CRITICAL
1832,1770749755.4511778,111,ALERT
1833,1770749755.473614,116,ALERT
1834,1770749755.4886467,122,CRITICAL
1835,1770749755.504444,122,CRITICAL
1836,1770749755.5196626,122,CRITICAL
1837,1770749755.5352879,124,CRITICAL
1838,1770749755.5505204,113,ALERT
1839,1770749755.57878,115,ALERT
1840,1770749755.6031966,111,ALERT
1841,1770749755.6316674,110,ALERT
1842,1770749755.654572,121,CRITICAL
1843,1770749755.6799974,122,CRITICAL
1844,1770749755.706704,113,ALERT
1845,1770749755.7321708,130,CRITICAL
1846,1770749755.756674,122,CRITICAL
1847,1770749755.7785747,126,CRITICAL
1848,1770749755.8037038,123,CRITICAL
1849,1770749755.8288107,125,CRITICAL
1850,1770749755.847148,119,ALERT
1851,1770749755.8738215,127,CRITICAL
1852,1770749755.8974528,122,CRITICAL
1853,1770749755.92497,124,CRITICAL
1854,1770749755.952092,128,CRITICAL
1855,1770749755.9777439,119,ALERT
1856,1770749756.0071094,115,ALERT
1857,1770749756.0333266,117,ALERT
1858,1770749756.0581896,118,ALERT
1859,1770749756.0837517,110,ALERT
1860,1770749756.103869,121,CRITICAL
1861,1770749756.1234136,114,ALERT
1862,1770749756.1465607,116,ALERT
1863,1770749756.1656322,126,CRITICAL
1864,1770749756.1800156,115,ALERT
1865,1770749756.2053819,112,ALERT
1866,1770749756.2246325,119,ALERT
1867,1770749756.2466402,115,ALERT
1868,1770749756.2710612,118,ALERT
1869,1770749756.2937994,115,ALERT
1870,1770749756.3176863,110,ALERT
1871,1770749756.339949,111,ALERT
1872,1770749756.3592591,122,CRITICAL
1873,1770749756.3819177,113,ALERT
1874,1770749756.4025705,111,ALERT
1875,1770749756.425299,113,ALERT
1876,1770749756.4494064,111,ALERT
1877,1770749756.4724169,110,ALERT
1878,1770749756.4939666,129,CRITICAL
1879,1770749756.5154479,113,ALERT
1880,1770749756.5356772,119,ALERT
1881,1770749756.5556152,115,ALERT
1882,1770749756.5751984,119,ALERT
1883,1770749756.5950248,127,CRITICAL
1884,1770749756.6180325,127,CRITICAL
1885,1770749756.637023,125,CRITICAL
1886,1770749756.6600509,113,ALERT
1887,1770749756.680882,116,ALERT
1888,1770749756.6977215,117,ALERT
1889,1770749756.7197814,120,ALERT
1890,1770749756.7391505,116,ALERT
1891,1770749756.7582648,127,CRITICAL
1892,1770749756.7769675,129,CRITICAL
1893,1770749756.7954016,113,ALERT
1894,1770749756.8155427,128,CRITICAL
1895,1770749756.8337102,122,CRITICAL
1896,1770749756.8524778,121,CRITICAL
1897,1770749756.8717537,122,CRITICAL
1898,1770749756.897367,117,ALERT
1899,1770749756.9182441,123,CRITICAL
1900,1770749756.939377,126,CRITICAL
1901,1770749756.9636657,124,CRITICAL
1902,1770749756.9929767,130,CRITICAL
1903,1770749757.0181298,115,ALERT
1904,1770749757.045309,110,ALERT
1905,1770749757.0674694,124,CRITICAL
1906,1770749757.0932944,118,ALERT
1907,1770749757.1189535,111,ALERT
1908,1770749757.1417036,119,ALERT
1909,1770749757.1615481,123,CRITICAL
1910,1770749757.1808205,113,ALERT
1911,1770749757.1955209,117,ALERT
1912,1770749757.2155235,110,ALERT
1913,1770749757.2359269,120,ALERT
1914,1770749757.2532265,127,CRITICAL
1915,1770749757.2767706,122,CRITICAL
1916,1770749757.296754,116,ALERT
1917,1770749757.3166356,130,CRITICAL
1918,1770749757.3361633,110,ALERT
1919,1770749757.3576605,130,CRITICAL
1920,1770749757.3799982,114,ALERT
1921,1770749757.4008713,129,CRITICAL
1922,1770749757.42423,127,CRITICAL
1923,1770749757.4415045,113,ALERT
1924,1770749757.464095,114,ALERT
1925,1770749757.488545,120,ALERT
1926,1770749757.5146484,127,CRITICAL
1927,1770749757.5354373,116,ALERT
1928,1770749757.5589237,126,CRITICAL
1929,1770749757.5832202,125,CRITICAL
1930,1770749757.6076539,130,CRITICAL
1931,1770749757.6284237,129,CRITICAL
1932,1770749757.646754,128,CRITICAL
1933,1770749757.6656425,115,ALERT
1934,1770749757.6846437,123,CRITICAL
1935,1770749757.704784,114,ALERT
1936,1770749757.7259245,125,CRITICAL
1937,1770749757.7447982,115,ALERT
1938,1770749757.766331,124,CRITICAL
1939,1770749757.7946322,111,ALERT
1940,1770749757.814715,127,CRITICAL
1941,1770749757.8347254,114,ALERT
1942,1770749757.8507829,119,ALERT
1943,1770749757.867461,118,ALERT
1944,1770749757.883566,112,ALERT
1945,1770749757.90318,122,CRITICAL
1946,1770749757.9267375,111,ALERT
1947,1770749757.9497948,119,ALERT
1948,1770749757.9755337,111,ALERT
1949,1770749757.99706,129,CRITICAL
1950,1770749758.0209332,111,ALERT
1951,1770749758.0463164,115,ALERT
1952,1770749758.0713742,110,ALERT
1953,1770749758.0967448,114,ALERT
1954,1770749758.1185477,120,ALERT
1955,1770749758.1427674,117,ALERT
1956,1770749758.1712246,122,CRITICAL
1957,1770749758.2006423,127,CRITICAL
1958,1770749758.2216878,110,ALERT
1959,1770749758.245393,121,CRITICAL
1960,1770749758.271362,130,CRITICAL
1961,1770749758.2947364,122,CRITICAL
1962,1770749758.3138168,125,CRITICAL
1963,1770749758.3332646,112,ALERT
1964,1770749758.353429,115,ALERT
1965,1770749758.3750153,123,CRITICAL
1966,1770749758.3911088,120,ALERT
1967,1770749758.4133134,128,CRITICAL
1968,1770749758.4350724,127,CRITICAL
1969,1770749758.4623911,113,ALERT
1970,1770749758.4894986,123,CRITICAL
1971,1770749758.5124676,129,CRITICAL
1972,1770749758.53449,112,ALERT
1973,1770749758.5603397,127,CRITICAL
1974,1770749758.5870943,130,CRITICAL
1975,1770749758.612032,123,CRITICAL
1976,1770749758.6395433,112,ALERT
1977,1770749758.6621652,124,CRITICAL
1978,1770749758.6827526,116,ALERT
1979,1770749758.707402,128,CRITICAL
1980,1770749758.7335615,130,CRITICAL
1981,1770749758.759171,120,ALERT
1982,1770749758.7840445,122,CRITICAL
1983,1770749758.8103924,110,ALERT
1984,1770749758.8393915,123,CRITICAL
1985,1770749758.865944,89,NORMAL
1986,1770749758.8922193,68,NORMAL
1987,1770749758.9164536,71,NORMAL
1988,1770749758.938649,63,NORMAL
1989,1770749758.9628966,64,NORMAL
1990,1770749758.9890869,66,NORMAL
1991,1770749759.0170171,81,NORMAL
1992,1770749759.0446582,87,NORMAL
1993,1770749759.0646815,83,NORMAL
1994,1770749759.0889945,70,NORMAL
1995,1770749759.1136513,79,NORMAL
1996,1770749759.1369653,87,NORMAL
1997,1770749759.167096,76,NORMAL
1998,1770749759.1918209,85,NORMAL
1999,1770749759.2130299,125,CRITICAL
2000,1770749759.2364542,123,CRITICAL
2001,1770749759.26485,114,ALERT
2002,1770749759.289581,117,ALERT
2003,1770749759.307364,111,ALERT
2004,1770749759.3265913,130,CRITICAL
2005,1770749759.34374,114,ALERT
2006,1770749759.3625603,119,ALERT
2007,1770749759.3798609,123,CRITICAL
2008,1770749759.4000006,116,ALERT
2009,1770749759.4210498,111,ALERT
2010,1770749759.443636,129,CRITICAL
2011,1770749759.464837,122,CRITICAL
2012,1770749759.4862232,120,ALERT
2013,1770749759.506425,116,ALERT
2014,1770749759.521901,127,CRITICAL
2015,1770749759.5388613,117,ALERT
2016,1770749759.558061,125,CRITICAL
2017,1770749759.5771492,128,CRITICAL
2018,1770749759.5948622,113,ALERT
2019,1770749759.6132581,118,ALERT
2020,1770749759.629498,121,CRITICAL
2021,1770749759.6499856,121,CRITICAL
2022,1770749759.6693816,128,CRITICAL
2023,1770749759.6873999,110,ALERT
2024,1770749759.7094746,129,CRITICAL
2025,1770749759.7317967,122,CRITICAL
2026,1770749759.7548952,113,ALERT
2027,1770749759.7724667,115,ALERT
2028,1770749759.7931445,126,CRITICAL
2029,1770749759.8131819,126,CRITICAL
2030,1770749759.8308432,124,CRITICAL
2031,1770749759.8529415,114,ALERT
2032,1770749759.8755124,128,CRITICAL
2033,1770749759.900156,124,CRITICAL
2034,1770749759.9263196,112,ALERT
2035,1770749759.9539022,110,ALERT
2036,1770749759.9800012,122,CRITICAL
2037,1770749760.0035572,120,ALERT
2038,1770749760.028527,129,CRITICAL
2039,1770749760.0574074,116,ALERT
2040,1770749760.074885,126,CRITICAL
2041,1770749760.095465,111,ALERT
2042,1770749760.1191065,127,CRITICAL
2043,1770749760.1412134,114,ALERT
2044,1770749760.1612668,117,ALERT
2045,1770749760.1816375,127,CRITICAL
2046,1770749760.20188,125,CRITICAL
2047,1770749760.2250965,112,ALERT
2048,1770749760.2508476,112,ALERT
2049,1770749760.267188,123,CRITICAL
2050,1770749760.2903745,130,CRITICAL
2051,1770749760.3162007,128,CRITICAL
2052,1770749760.340676,129,CRITICAL
2053,1770749760.3677967,129,CRITICAL
2054,1770749760.3910422,118,ALERT
2055,1770749760.410502,112,ALERT
2056,1770749760.4313402,121,CRITICAL
2057,1770749760.4508317,123,CRITICAL
2058,1770749760.4728448,112,ALERT
2059,1770749760.4993825,130,CRITICAL
2060,1770749760.5231986,116,ALERT
2061,1770749760.547237,130,CRITICAL
2062,1770749760.5661578,121,CRITICAL
2063,1770749760.5841136,110,ALERT
2064,1770749760.6072783,118,ALERT
2065,1770749760.6241288,118,ALERT
2066,1770749760.6482174,120,ALERT
2067,1770749760.673052,124,CRITICAL
2068,1770749760.6981306,112,ALERT
2069,1770749760.7214906,116,ALERT
2070,1770749760.7465801,129,CRITICAL
2071,1770749760.7744362,124,CRITICAL
2072,1770749760.8011625,129,CRITICAL
2073,1770749760.8278983,111,ALERT
2074,1770749760.8553874,117,ALERT
2075,1770749760.8815851,111,ALERT
2076,1770749760.9093337,117,ALERT
2077,1770749760.9319599,122,CRITICAL
2078,1770749760.9563248,110,ALERT
2079,1770749760.9813244,114,ALERT
2080,1770749761.0067778,110,ALERT
2081,1770749761.028959,113,ALERT
2082,1770749761.057065,123,CRITICAL
2083,1770749761.0874796,118,ALERT
2084,1770749761.1117406,130,CRITICAL
2085,1770749761.1357894,129,CRITICAL
2086,1770749761.1560981,114,ALERT
2087,1770749761.1758144,115,ALERT
2088,1770749761.1931014,128,CRITICAL
2089,1770749761.215391,119,ALERT
2090,1770749761.2321622,115,ALERT
2091,1770749761.2512784,125,CRITICAL
2092,1770749761.2701116,120,ALERT
2093,1770749761.2989066,121,CRITICAL
2094,1770749761.327418,121,CRITICAL
2095,1770749761.3453374,115,ALERT
2096,1770749761.3694978,128,CRITICAL
2097,1770749761.391922,114,ALERT
2098,1770749761.4140878,114,ALERT
2099,1770749761.4306788,126,CRITICAL
2100,1770749761.4554172,123,CRITICAL
2101,1770749761.4788828,121,CRITICAL
2102,1770749761.500496,114,ALERT
2103,1770749761.5243795,127,CRITICAL
2104,1770749761.5466776,125,CRITICAL
2105,1770749761.5718248,118,ALERT
2106,1770749761.595414,130,CRITICAL
2107,1770749761.6193776,129,CRITICAL
2108,1770749761.644397,120,ALERT
2109,1770749761.663643,116,ALERT
2110,1770749761.6873531,117,ALERT
2111,1770749761.703361,120,ALERT
2112,1770749761.7271583,113,ALERT
2113,1770749761.7494524,116,ALERT
2114,1770749761.7754364,119,ALERT
2115,1770749761.800948,126,CRITICAL
2116,1770749761.82355,117,ALERT
2117,1770749761.8485827,110,ALERT
2118,1770749761.8752258,114,ALERT
2119,1770749761.901876,115,ALERT
2120,1770749761.9287295,111,ALERT
2121,1770749761.9593716,125,CRITICAL
2122,1770749761.9873984,127,CRITICAL
2123,1770749762.0095396,116,ALERT
2124,1770749762.0354805,121,CRITICAL
2125,1770749762.063863,117,ALERT
2126,1770749762.0915234,122,CRITICAL
2127,1770749762.1187022,113,ALERT
2128,1770749762.1473384,114,ALERT
2129,1770749762.1776483,128,CRITICAL
2130,1770749762.1926236,115,ALERT
2131,1770749762.2144818,125,CRITICAL
2132,1770749762.2349331,116,ALERT
2133,1770749762.251643,122,CRITICAL
2134,1770749762.2748811,120,ALERT
2135,1770749762.2953858,127,CRITICAL
2136,1770749762.3194025,120,ALERT
2137,1770749762.3446922,113,ALERT
2138,1770749762.369406,122,CRITICAL
2139,1770749762.3877,122,CRITICAL
2140,1770749762.4112055,122,CRITICAL
2141,1770749762.4385831,119,ALERT
2142,1770749762.4647284,117,ALERT
2143,1770749762.495379,127,CRITICAL
2144,1770749762.523941,113,ALERT
2145,1770749762.5528212,120,ALERT
2146,1770749762.5776443,117,ALERT
2147,1770749762.6033008,125,CRITICAL
2148,1770749762.6317806,113,ALERT
2149,1770749762.6593676,128,CRITICAL
2150,1770749762.6883466,119,ALERT
2151,1770749762.7165627,128,CRITICAL
2152,1770749762.7353446,115,ALERT
2153,1770749762.7603374,117,ALERT
2154,1770749762.7782407,127,CRITICAL
2155,1770749762.8022354,111,ALERT
2156,1770749762.8292713,122,CRITICAL
2157,1770749762.8558826,117,ALERT
2158,1770749762.881512,125,CRITICAL
2159,1770749762.9070904,126,CRITICAL
2160,1770749762.9315436,123,CRITICAL
2161,1770749762.954942,128,CRITICAL
2162,1770749762.9783819,121,CRITICAL
2163,1770749763.0019886,126,CRITICAL
2164,1770749763.028615,115,ALERT
2165,1770749763.0515904,129,CRITICAL
2166,1770749763.0728803,115,ALERT
2167,1770749763.0954614,112,ALERT
2168,1770749763.1223176,128,CRITICAL
2169,1770749763.1448214,116,ALERT
2170,1770749763.167401,122,CRITICAL
2171,1770749763.190245,126,CRITICAL
2172,1770749763.2147548,117,ALERT
2173,1770749763.239222,119,ALERT
2174,1770749763.270199,122,CRITICAL
2175,1770749763.2851942,122,CRITICAL
2176,1770749763.3083892,129,CRITICAL
2177,1770749763.323275,113,ALERT
2178,1770749763.3502297,118,ALERT
2179,1770749763.371358,111,ALERT
2180,1770749763.4005284,116,ALERT
2181,1770749763.4268262,127,CRITICAL
2182,1770749763.4532895,118,ALERT
2183,1770749763.4772553,130,CRITICAL
2184,1770749763.5033844,112,ALERT
2185,1770749763.5274537,111,ALERT
2186,1770749763.5585966,128,CRITICAL
2187,1770749763.585105,127,CRITICAL
2188,1770749763.6093345,120,ALERT
2189,1770749763.6256268,127,CRITICAL
2190,1770749763.644332,118,ALERT
2191,1770749763.6651747,111,ALERT
2192,1770749763.6855354,126,CRITICAL
2193,1770749763.708272,120,ALERT
2194,1770749763.7322774,111,ALERT
2195,1770749763.7537653,120,ALERT
2196,1770749763.7718654,128,CRITICAL
2197,1770749763.791401,117,ALERT
2198,1770749763.8104649,118,ALERT
2199,1770749763.829652,129,CRITICAL
2200,1770749763.851325,124,CRITICAL
2201,1770749763.8724582,119,ALERT
2202,1770749763.8886583,121,CRITICAL
2203,1770749763.9129865,121,CRITICAL
2204,1770749763.932522,117,ALERT
2205,1770749763.955003,112,ALERT
2206,1770749763.9784908,122,CRITICAL
2207,1770749763.9960673,124,CRITICAL
2208,1770749764.0161808,127,CRITICAL
2209,1770749764.0377061,111,ALERT
2210,1770749764.0566576,126,CRITICAL
2211,1770749764.0758512,124,CRITICAL
2212,1770749764.0960238,110,ALERT
2213,1770749764.1154544,126,CRITICAL
2214,1770749764.134646,113,ALERT
2215,1770749764.153644,114,ALERT
2216,1770749764.1754012,130,CRITICAL
2217,1770749764.1937048,125,CRITICAL
2218,1770749764.2099378,123,CRITICAL
2219,1770749764.22678,124,CRITICAL
2220,1770749764.2442505,90,NORMAL
2221,1770749764.2649295,89,NORMAL
2222,1770749764.282146,72,NORMAL
2223,1770749764.2981896,64,NORMAL
2224,1770749764.3157291,88,NORMAL
2225,1770749764.3364449,71,NORMAL
2226,1770749764.3525636,69,NORMAL
2227,1770749764.3716264,90,NORMAL
2228,1770749764.3890018,87,NORMAL
2229,1770749764.4061284,75,NORMAL
2230,1770749764.4252431,77,NORMAL
2231,1770749764.4429512,88,NORMAL
2232,1770749764.4599469,89,NORMAL
2233,1770749764.477907,68,NORMAL
2234,1770749764.497656,110,ALERT
2235,1770749764.5189273,115,ALERT
2236,1770749764.5453362,116,ALERT
2237,1770749764.564813,128,CRITICAL
2238,1770749764.5895894,111,ALERT
2239,1770749764.6177118,116,ALERT
2240,1770749764.6458223,117,ALERT
2241,1770749764.6734133,120,ALERT
2242,1770749764.699446,129,CRITICAL
2243,1770749764.719732,113,ALERT
2244,1770749764.7411082,129,CRITICAL
2245,1770749764.767918,119,ALERT
2246,1770749764.7914133,128,CRITICAL
2247,1770749764.8091838,128,CRITICAL
2248,1770749764.8258529,119,ALERT
2249,1770749764.8420944,119,ALERT
2250,1770749764.8588192,116,ALERT
2251,1770749764.8775103,129,CRITICAL
2252,1770749764.89439,120,ALERT
2253,1770749764.9121892,111,ALERT
2254,1770749764.931409,129,CRITICAL
2255,1770749764.9495814,128,CRITICAL
2256,1770749764.9674213,119,ALERT
2257,1770749764.987478,126,CRITICAL
2258,1770749765.0027115,128,CRITICAL
2259,1770749765.0191834,114,ALERT
2260,1770749765.0405514,130,CRITICAL
2261,1770749765.061336,126,CRITICAL
2262,1770749765.0835257,125,CRITICAL
2263,1770749765.1012938,123,CRITICAL
2264,1770749765.1193957,123,CRITICAL
2265,1770749765.1386316,117,ALERT
2266,1770749765.156912,122,CRITICAL
2267,1770749765.1793864,129,CRITICAL
2268,1770749765.201055,129,CRITICAL
2269,1770749765.226469,127,CRITICAL
2270,1770749765.2459722,112,ALERT
2271,1770749765.2684405,121,CRITICAL
2272,1770749765.2932725,129,CRITICAL
2273,1770749765.3097358,122,CRITICAL
2274,1770749765.3267922,125,CRITICAL
2275,1770749765.3449254,127,CRITICAL
2276,1770749765.3617282,127,CRITICAL
2277,1770749765.3759604,126,CRITICAL
2278,1770749765.4006834,114,ALERT
2279,1770749765.4226902,128,CRITICAL
2280,1770749765.444512,126,CRITICAL
2281,1770749765.4612198,116,ALERT
2282,1770749765.4791331,113,ALERT
2283,1770749765.4969416,118,ALERT
2284,1770749765.5141406,118,ALERT
2285,1770749765.5312223,111,ALERT
2286,1770749765.5472622,113,ALERT
2287,1770749765.5643272,114,ALERT
2288,1770749765.5817685,111,ALERT
2289,1770749765.6001568,123,CRITICAL
2290,1770749765.6200063,122,CRITICAL
2291,1770749765.6387806,112,ALERT
2292,1770749765.6599216,126,CRITICAL
2293,1770749765.6774077,127,CRITICAL
2294,1770749765.7032933,123,CRITICAL
2295,1770749765.7244494,121,CRITICAL
2296,1770749765.7444417,127,CRITICAL
2297,1770749765.7619812,120,ALERT
2298,1770749765.7815905,126,CRITICAL
2299,1770749765.8002222,129,CRITICAL
2300,1770749765.8202076,124,CRITICAL
2301,1770749765.8402736,120,ALERT
2302,1770749765.8623934,119,ALERT
2303,1770749765.8833835,122,CRITICAL
2304,1770749765.901629,110,ALERT
2305,1770749765.9240477,117,ALERT
2306,1770749765.9488008,129,CRITICAL
2307,1770749765.970993,122,CRITICAL
2308,1770749765.9934354,127,CRITICAL
2309,1770749766.011744,115,ALERT
2310,1770749766.030833,126,CRITICAL
2311,1770749766.0473793,113,ALERT
2312,1770749766.0656555,123,CRITICAL
2313,1770749766.0824459,128,CRITICAL
2314,1770749766.1015933,130,CRITICAL
2315,1770749766.1217763,124,CRITICAL
2316,1770749766.1422575,120,ALERT
2317,1770749766.163446,112,ALERT
2318,1770749766.186327,122,CRITICAL
2319,1770749766.2088742,124,CRITICAL
2320,1770749766.2333622,128,CRITICAL
2321,1770749766.2553508,128,CRITICAL
2322,1770749766.2814112,123,CRITICAL
2323,1770749766.3061662,119,ALERT
2324,1770749766.330003,117,ALERT
2325,1770749766.3552957,118,ALERT
2326,1770749766.380956,126,CRITICAL
2327,1770749766.4071343,123,CRITICAL
2328,1770749766.4298463,113,ALERT
2329,1770749766.4553783,125,CRITICAL
2330,1770749766.4753652,115,ALERT
2331,1770749766.4945562,129,CRITICAL
2332,1770749766.5157962,128,CRITICAL
2333,1770749766.5344853,117,ALERT
2334,1770749766.5515428,112,ALERT
2335,1770749766.5685296,113,ALERT
2336,1770749766.585523,121,CRITICAL
2337,1770749766.6031682,120,ALERT
2338,1770749766.6223397,113,ALERT
2339,1770749766.6387799,121,CRITICAL
2340,1770749766.6551664,116,ALERT
2341,1770749766.6701252,123,CRITICAL
2342,1770749766.7340229,126,CRITICAL
2343,1770749766.776772,116,ALERT
2344,1770749766.7990687,119,ALERT
2345,1770749766.8218102,125,CRITICAL
2346,1770749766.839751,113,ALERT
2347,1770749766.8611882,112,ALERT
2348,1770749766.8875704,122,CRITICAL
2349,1770749766.9093163,130,CRITICAL
2350,1770749766.9360769,117,ALERT
2351,1770749766.9631212,128,CRITICAL
2352,1770749766.989237,123,CRITICAL
2353,1770749767.0122812,123,CRITICAL
2354,1770749767.0387368,111,ALERT
2355,1770749767.063383,111,ALERT
2356,1770749767.08626,127,CRITICAL
2357,1770749767.1143012,115,ALERT
2358,1770749767.1387331,122,CRITICAL
2359,1770749767.1586003,129,CRITICAL
2360,1770749767.182967,116,ALERT
2361,1770749767.202212,116,ALERT
2362,1770749767.2227275,129,CRITICAL
2363,1770749767.2381885,117,ALERT
2364,1770749767.2593772,124,CRITICAL
2365,1770749767.2793734,112,ALERT
2366,1770749767.300472,118,ALERT
2367,1770749767.3226051,122,CRITICAL
2368,1770749767.3442042,119,ALERT
2369,1770749767.367873,114,ALERT
2370,1770749767.3941162,119,ALERT
2371,1770749767.4189968,130,CRITICAL
2372,1770749767.4486961,130,CRITICAL
2373,1770749767.4751427,110,ALERT
2374,1770749767.4974496,118,ALERT
2375,1770749767.5166078,125,CRITICAL
2376,1770749767.539565,123,CRITICAL
2377,1770749767.5616403,114,ALERT
2378,1770749767.5834703,117,ALERT
2379,1770749767.6064959,113,ALERT
2380,1770749767.6345334,125,CRITICAL
2381,1770749767.6549714,120,ALERT
2382,1770749767.679334,120,ALERT
2383,1770749767.6993291,121,CRITICAL
2384,1770749767.7195895,123,CRITICAL
2385,1770749767.741046,130,CRITICAL
2386,1770749767.7597213,112,ALERT
2387,1770749767.7839003,121,CRITICAL
2388,1770749767.806272,115,ALERT
2389,1770749767.827047,123,CRITICAL
2390,1770749767.849395,115,ALERT
2391,1770749767.8751569,110,ALERT
2392,1770749767.9018807,125,CRITICAL
2393,1770749767.9295988,110,ALERT
2394,1770749767.9548645,125,CRITICAL
2395,1770749767.9747653,120,ALERT
2396,1770749767.996962,119,ALERT
2397,1770749768.0181966,128,CRITICAL
2398,1770749768.043405,113,ALERT
2399,1770749768.0660732,117,ALERT
2400,1770749768.0905771,117,ALERT
2401,1770749768.1157758,124,CRITICAL
2402,1770749768.1405048,126,CRITICAL
2403,1770749768.167497,114,ALERT
2404,1770749768.1939638,117,ALERT
2405,1770749768.2230093,119,ALERT
2406,1770749768.2460783,112,ALERT
2407,1770749768.27234,128,CRITICAL
2408,1770749768.2899551,115,ALERT
2409,1770749768.3117843,120,ALERT
2410,1770749768.3370457,112,ALERT
2411,1770749768.3636172,118,ALERT
2412,1770749768.386824,122,CRITICAL
2413,1770749768.409971,120,ALERT
2414,1770749768.4344423,116,ALERT
2415,1770749768.4579723,120,ALERT
2416,1770749768.4823775,128,CRITICAL
2417,1770749768.5016506,118,ALERT
2418,1770749768.5254567,129,CRITICAL
2419,1770749768.550155,116,ALERT
2420,1770749768.5748556,129,CRITICAL
2421,1770749768.5969784,122,CRITICAL
2422,1770749768.6225426,113,ALERT
2423,1770749768.650114,111,ALERT
2424,1770749768.6726933,121,CRITICAL
2425,1770749768.6913872,129,CRITICAL
2426,1770749768.711402,111,ALERT
2427,1770749768.731391,117,ALERT
2428,1770749768.7537916,112,ALERT
2429,1770749768.7781353,118,ALERT
2430,1770749768.8005354,122,CRITICAL
2431,1770749768.8229525,128,CRITICAL
2432,1770749768.8460512,114,ALERT
2433,1770749768.8634043,116,ALERT
2434,1770749768.8861873,125,CRITICAL
2435,1770749768.9086034,116,ALERT
2436,1770749768.9299114,120,ALERT
2437,1770749768.95451,120,ALERT
2438,1770749768.9794023,111,ALERT
2439,1770749769.0026243,114,ALERT
2440,1770749769.0287595,123,CRITICAL
2441,1770749769.0535412,113,ALERT
2442,1770749769.0753858,111,ALERT
2443,1770749769.0976489,119,ALERT
2444,1770749769.123813,110,ALERT
2445,1770749769.146832,110,ALERT
2446,1770749769.1726553,114,ALERT
2447,1770749769.1949303,120,ALERT
2448,1770749769.2166262,129,CRITICAL
2449,1770749769.2371821,116,ALERT
2450,1770749769.2566383,124,CRITICAL
2451,1770749769.281845,128,CRITICAL
2452,1770749769.3040648,114,ALERT
2453,1770749769.3288243,119,ALERT
2454,1770749769.3460495,124,CRITICAL
2455,1770749769.3661964,127,CRITICAL
2456,1770749769.387968,121,CRITICAL
2457,1770749769.4109974,126,CRITICAL
2458,1770749769.4345758,121,CRITICAL
2459,1770749769.4607747,124,CRITICAL
2460,1770749769.4824715,116,ALERT
2461,1770749769.5047517,118,ALERT
2462,1770749769.528605,78,NORMAL
2463,1770749769.5525262,68,NORMAL
2464,1770749769.5739558,81,NORMAL
2465,1770749769.5959294,65,NORMAL
2466,1770749769.6191347,83,NORMAL
2467,1770749769.6415477,62,NORMAL
2468,1770749769.6660728,74,NORMAL
2469,1770749769.6890545,84,NORMAL
2470,1770749769.7141879,90,NORMAL
2471,1770749769.73614,75,NORMAL
2472,1770749769.761212,60,NORMAL
2473,1770749769.7842915,78,NORMAL
2474,1770749769.8119009,83,NORMAL
2475,1770749769.839417,65,NORMAL
2476,1770749769.8640494,75,NORMAL
2477,1770749769.8874297,69,NORMAL
2478,1770749769.9076064,64,NORMAL
2479,1770749769.9306984,76,NORMAL
2480,1770749769.949456,61,NORMAL
2481,1770749769.975324,67,NORMAL
2482,1770749770.001843,77,NORMAL
2483,1770749770.0241501,69,NORMAL
2484,1770749770.05146,71,NORMAL
2485,1770749770.0766845,79,NORMAL
2486,1770749770.103081,66,NORMAL
2487,1770749770.131467,129,CRITICAL
2488,1770749770.156593,118,ALERT
2489,1770749770.1830919,118,ALERT
2490,1770749770.1993473,112,ALERT
2491,1770749770.225727,117,ALERT
2492,1770749770.2514796,114,ALERT
2493,1770749770.2799368,117,ALERT
2494,1770749770.3046012,122,CRITICAL
2495,1770749770.3297715,121,CRITICAL
2496,1770749770.3564613,112,ALERT
2497,1770749770.3815467,120,ALERT
2498,1770749770.4082322,120,ALERT
2499,1770749770.4393582,113,ALERT
2500,1770749770.454652,119,ALERT
2501,1770749770.4695275,123,CRITICAL
2502,1770749770.4846265,116,ALERT
2503,1770749770.5069327,122,CRITICAL
2504,1770749770.5338583,127,CRITICAL
2505,1770749770.5512,114,ALERT
2506,1770749770.5919988,129,CRITICAL
2507,1770749770.6103508,127,CRITICAL
2508,1770749770.63523,126,CRITICAL
2509,1770749770.6564767,129,CRITICAL
2510,1770749770.676841,130,CRITICAL
2511,1770749770.6984928,128,CRITICAL
2512,1770749770.718507,120,ALERT
2513,1770749770.7387803,118,ALERT
2514,1770749770.76091,124,CRITICAL
2515,1770749770.7827735,118,ALERT
2516,1770749770.8035555,119,ALERT
2517,1770749770.8231466,127,CRITICAL
2518,1770749770.8414102,112,ALERT
2519,1770749770.860009,128,CRITICAL
2520,1770749770.881484,130,CRITICAL
2521,1770749770.9006093,120,ALERT
2522,1770749770.919946,130,CRITICAL
2523,1770749770.94129,115,ALERT
2524,1770749770.9586673,122,CRITICAL
2525,1770749770.9906728,124,CRITICAL
2526,1770749771.0093129,124,CRITICAL
2527,1770749771.0277429,119,ALERT
2528,1770749771.0505102,130,CRITICAL
2529,1770749771.0711093,117,ALERT
2530,1770749771.0859363,125,CRITICAL
2531,1770749771.109579,115,ALERT
2532,1770749771.1325963,130,CRITICAL
2533,1770749771.1508968,121,CRITICAL
2534,1770749771.175277,121,CRITICAL
2535,1770749771.2036211,113,ALERT
2536,1770749771.2282543,127,CRITICAL
2537,1770749771.2571044,119,ALERT
2538,1770749771.283142,113,ALERT
2539,1770749771.3052142,116,ALERT
2540,1770749771.3264234,129,CRITICAL
2541,1770749771.3473616,127,CRITICAL
2542,1770749771.368744,124,CRITICAL
2543,1770749769.0091088,122,CRITICAL
2544,1770749769.036867,119,ALERT
2545,1770749769.0651414,110,ALERT
2546,1770749769.0904596,114,ALERT
2547,1770749769.1109796,113,ALERT
2548,1770749769.1355643,124,CRITICAL
2549,1770749769.156091,122,CRITICAL
2550,1770749769.1767907,120,ALERT
2551,1770749769.2018073,127,CRITICAL
2552,1770749769.2225037,121,CRITICAL
2553,1770749769.246451,124,CRITICAL
2554,1770749769.2692704,120,ALERT
2555,1770749769.2947853,115,ALERT
2556,1770749769.3209577,119,ALERT
2557,1770749769.348767,121,CRITICAL
2558,1770749769.3775592,120,ALERT
2559,1770749769.4026732,123,CRITICAL
2560,1770749769.4294765,110,ALERT
2561,1770749769.4560997,128,CRITICAL
2562,1770749769.4862504,114,ALERT
2563,1770749769.5158198,112,ALERT
2564,1770749769.5411456,126,CRITICAL
2565,1770749769.5653267,130,CRITICAL
2566,1770749769.5885665,129,CRITICAL
2567,1770749769.6121595,121,CRITICAL
2568,1770749769.6343772,112,ALERT
2569,1770749769.7492604,120,ALERT
2570,1770749769.7637653,121,CRITICAL
2571,1770749769.784414,126,CRITICAL
2572,1770749769.801498,114,ALERT
2573,1770749769.8218398,119,ALERT
2574,1770749769.845951,127,CRITICAL
2575,1770749769.8674955,117,ALERT
2576,1770749769.8909676,110,ALERT
2577,1770749769.9105406,117,ALERT
2578,1770749769.9300542,118,ALERT
2579,1770749769.9509957,111,ALERT
2580,1770749769.9692307,115,ALERT
2581,1770749769.9861856,127,CRITICAL
2582,1770749770.0037556,110,ALERT
2583,1770749770.021325,126,CRITICAL
2584,1770749770.0386975,111,ALERT
2585,1770749770.0552952,113,ALERT
2586,1770749770.0712953,111,ALERT
2587,1770749770.0887368,119,ALERT
2588,1770749770.1142168,122,CRITICAL
2589,1770749770.135679,123,CRITICAL
2590,1770749770.1555033,120,ALERT
2591,1770749770.1793625,113,ALERT
2592,1770749770.2039275,111,ALERT
2593,1770749770.2257133,126,CRITICAL
2594,1770749770.2405374,123,CRITICAL
2595,1770749770.260951,125,CRITICAL
2596,1770749770.2807446,129,CRITICAL
2597,1770749770.295998,117,ALERT
2598,1770749770.3143065,111,ALERT
2599,1770749770.3348541,118,ALERT
2600,1770749770.3558948,116,ALERT
2601,1770749770.37771,119,ALERT
2602,1770749770.4001575,124,CRITICAL
2603,1770749770.422082,113,ALERT
2604,1770749770.4435728,111,ALERT
2605,1770749770.466422,126,CRITICAL
2606,1770749770.4904537,121,CRITICAL
2607,1770749770.5103726,129,CRITICAL
2608,1770749770.5323272,129,CRITICAL
2609,1770749770.5540307,111,ALERT
2610,1770749770.5760207,126,CRITICAL
2611,1770749770.603201,112,ALERT
2612,1770749770.6249084,110,ALERT
2613,1770749770.6468184,116,ALERT
2614,1770749770.6663294,127,CRITICAL
2615,1770749770.6939187,124,CRITICAL
2616,1770749770.722244,110,ALERT
2617,1770749770.7522438,123,CRITICAL
2618,1770749770.776689,130,CRITICAL
2619,1770749770.8003948,116,ALERT
2620,1770749770.8201458,130,CRITICAL
2621,1770749770.841007,114,ALERT
2622,1770749770.8586931,129,CRITICAL
2623,1770749770.8805654,129,CRITICAL
2624,1770749770.9026885,114,ALERT
2625,1770749770.9273806,123,CRITICAL
2626,1770749770.9527197,130,CRITICAL
2627,1770749770.975411,126,CRITICAL
2628,1770749771.0023692,118,ALERT
2629,1770749771.0274148,116,ALERT
2630,1770749771.0574272,130,CRITICAL
2631,1770749771.0828032,113,ALERT
2632,1770749771.1127403,112,ALERT
2633,1770749771.1396155,116,ALERT
2634,1770749771.1588738,121,CRITICAL
2635,1770749771.1827881,110,ALERT
2636,1770749771.2055278,124,CRITICAL
2637,1770749771.2290125,129,CRITICAL
2638,1770749771.247535,110,ALERT
2639,1770749771.2658832,112,ALERT
2640,1770749771.2842548,130,CRITICAL
2641,1770749771.3011994,124,CRITICAL
2642,1770749771.3179681,112,ALERT
2643,1770749771.3414996,110,ALERT
2644,1770749771.3608243,127,CRITICAL
2645,1770749771.3798647,129,CRITICAL
2646,1770749771.4113922,122,CRITICAL
2647,1770749771.4313278,119,ALERT
2648,1770749771.455545,119,ALERT
2649,1770749771.4728258,129,CRITICAL
2650,1770749771.498964,113,ALERT
2651,1770749771.5275726,111,ALERT
2652,1770749771.550555,128,CRITICAL
2653,1770749771.5703893,128,CRITICAL
2654,1770749771.5880938,123,CRITICAL
2655,1770749771.6075363,113,ALERT
2656,1770749771.6279087,119,ALERT
2657,1770749771.6477058,118,ALERT
2658,1770749771.6648357,113,ALERT
2659,1770749771.681068,119,ALERT
2660,1770749771.700319,116,ALERT
2661,1770749771.7192361,113,ALERT
2662,1770749771.7390268,130,CRITICAL
2663,1770749771.7571769,119,ALERT
2664,1770749771.7850304,122,CRITICAL
2665,1770749771.811555,129,CRITICAL
2666,1770749771.828003,127,CRITICAL
2667,1770749771.851406,115,ALERT
2668,1770749771.8742101,125,CRITICAL
2669,1770749771.8961415,124,CRITICAL
2670,1770749771.9219594,128,CRITICAL
2671,1770749771.943768,114,ALERT
2672,1770749771.9746115,121,CRITICAL
2673,1770749771.9990313,114,ALERT
2674,1770749772.0197628,123,CRITICAL
2675,1770749772.0437338,123,CRITICAL
2676,1770749772.072646,129,CRITICAL
2677,1770749772.0946863,125,CRITICAL
2678,1770749772.1156387,111,ALERT
2679,1770749772.1407537,110,ALERT
2680,1770749772.1677432,113,ALERT
2681,1770749772.1915917,126,CRITICAL
2682,1770749772.2172198,122,CRITICAL
2683,1770749772.239533,124,CRITICAL
2684,1770749772.259145,115,ALERT
2685,1770749772.2820601,126,CRITICAL
2686,1770749772.302835,110,ALERT
2687,1770749772.3292422,117,ALERT
2688,1770749772.3532968,113,ALERT
2689,1770749772.3744934,122,CRITICAL
2690,1770749772.3991277,128,CRITICAL
2691,1770749772.4228196,117,ALERT
2692,1770749772.447894,115,ALERT
2693,1770749772.476215,123,CRITICAL
2694,1770749772.507555,113,ALERT
2695,1770749772.528957,112,ALERT
2696,1770749772.5536754,117,ALERT
2697,1770749772.5716228,112,ALERT
2698,1770749772.6000533,122,CRITICAL
2699,1770749772.6292603,112,ALERT
2700,1770749772.6575997,119,ALERT
2701,1770749772.6875563,117,ALERT
2702,1770749772.7208729,111,ALERT
2703,1770749772.7545183,115,ALERT
2704,1770749772.7775655,128,CRITICAL
2705,1770749772.8026195,126,CRITICAL
2706,1770749772.8348875,127,CRITICAL
2707,1770749772.8694208,117,ALERT
2708,1770749772.9034264,112,ALERT
2709,1770749772.9243653,127,CRITICAL
2710,1770749772.9495928,124,CRITICAL
2711,1770749772.9716294,123,CRITICAL
2712,1770749773.003969,129,CRITICAL
2713,1770749773.0287595,128,CRITICAL
2714,1770749773.0486434,117,ALERT
2715,1770749773.0739021,124,CRITICAL
2716,1770749773.0957887,124,CRITICAL
2717,1770749773.1192865,125,CRITICAL
2718,1770749773.1462567,127,CRITICAL
2719,1770749773.1716213,127,CRITICAL
2720,1770749773.2010949,126,CRITICAL
2721,1770749773.229808,110,ALERT
2722,1770749773.2530923,116,ALERT
2723,1770749773.287626,123,CRITICAL
2724,1770749773.3121736,126,CRITICAL
2725,1770749773.3310068,125,CRITICAL
2726,1770749773.3555336,119,ALERT
2727,1770749773.3817348,123,CRITICAL
2728,1770749773.3996181,110,ALERT
2729,1770749773.4237392,111,ALERT
2730,1770749773.4440255,116,ALERT
2731,1770749773.4592714,129,CRITICAL
2732,1770749773.483565,113,ALERT
2733,1770749773.5066762,126,CRITICAL
2734,1770749773.5263407,120,ALERT
2735,1770749773.543314,114,ALERT
2736,1770749773.5630076,126,CRITICAL
2737,1770749773.5835183,112,ALERT
2738,1770749773.6015515,125,CRITICAL
2739,1770749773.6185167,120,ALERT
2740,1770749773.6462812,110,ALERT
2741,1770749773.6662672,116,ALERT
2742,1770749773.694152,119,ALERT
2743,1770749773.7189193,117,ALERT
2744,1770749773.7444868,126,CRITICAL
2745,1770749773.7691646,127,CRITICAL
2746,1770749773.7875016,120,ALERT
2747,1770749773.8170304,130,CRITICAL
2748,1770749773.8393464,125,CRITICAL
2749,1770749773.8651657,115,ALERT
2750,1770749773.8896968,119,ALERT
2751,1770749773.91946,115,ALERT
2752,1770749773.9495902,123,CRITICAL
2753,1770749773.9761126,126,CRITICAL
2754,1770749774.0069919,119,ALERT
2755,1770749774.037263,124,CRITICAL
2756,1770749774.0652993,121,CRITICAL
2757,1770749774.087623,117,ALERT
2758,1770749774.11368,129,CRITICAL
2759,1770749774.1398907,124,CRITICAL
2760,1770749774.1563206,124,CRITICAL
2761,1770749774.1834846,130,CRITICAL
2762,1770749774.205335,113,ALERT
2763,1770749774.2212198,117,ALERT
2764,1770749774.2513328,126,CRITICAL
2765,1770749774.2788239,125,CRITICAL
2766,1770749774.3086317,114,ALERT
2767,1770749774.337683,113,ALERT
2768,1770749774.3690195,117,ALERT
2769,1770749774.40144,118,ALERT
2770,1770749774.4315197,124,CRITICAL
2771,1770749774.4636388,127,CRITICAL
2772,1770749774.4971974,128,CRITICAL
2773,1770749774.529169,125,CRITICAL
2774,1770749774.5595593,111,ALERT
2775,1770749774.5929992,110,ALERT
2776,1770749774.6259043,117,ALERT
2777,1770749774.6561084,124,CRITICAL
2778,1770749774.6892347,120,ALERT
2779,1770749774.7064538,127,CRITICAL
2780,1770749774.7348511,117,ALERT
2781,1770749774.7506394,119,ALERT
2782,1770749774.7780666,113,ALERT
2783,1770749774.8021789,122,CRITICAL
2784,1770749774.8317003,120,ALERT
2785,1770749774.8588376,122,CRITICAL
2786,1770749774.887632,112,ALERT
2787,1770749774.9181406,124,CRITICAL
1,1770750249.7364283,83,NORMAL
2,1770750249.7547638,77,NORMAL
3,1770750249.778998,78,NORMAL
4,1770750249.8051262,72,NORMAL
5,1770750249.8297453,67,NORMAL
6,1770750249.8562253,62,NORMAL
7,1770750249.8794675,89,NORMAL
8,1770750249.9034524,73,NORMAL
9,1770750249.927802,60,NORMAL
10,1770750249.9517345,74,NORMAL
11,1770750249.976965,76,NORMAL
12,1770750250.002367,88,NORMAL
13,1770750250.0292742,72,NORMAL
14,1770750250.0517256,83,NORMAL
15,1770750250.0787246,83,NORMAL
16,1770750250.102103,72,NORMAL
17,1770750250.1227586,81,NORMAL
18,1770750250.148306,62,NORMAL
19,1770750250.1713665,73,NORMAL
20,1770750250.196985,87,NORMAL
21,1770750250.2212894,73,NORMAL
22,1770750250.2454693,67,NORMAL
23,1770750250.2655165,74,NORMAL
24,1770750250.2927349,87,NORMAL
25,1770750250.3153424,80,NORMAL
26,1770750250.3445995,74,NORMAL
27,1770750250.3721595,74,NORMAL
28,1770750250.39164,77,NORMAL
29,1770750250.4159977,90,NORMAL
30,1770750250.4411519,66,NORMAL
31,1770750250.4689057,89,NORMAL
32,1770750250.4939446,85,NORMAL
33,1770750250.5218174,89,NORMAL
34,1770750250.5465739,67,NORMAL
35,1770750250.5703187,70,NORMAL
36,1770750250.5946345,90,NORMAL
37,1770750250.6154664,87,NORMAL
38,1770750250.6345437,88,NORMAL
39,1770750250.658512,71,NORMAL
40,1770750250.6819096,88,NORMAL
41,1770750250.7013836,82,NORMAL
42,1770750250.7237248,70,NORMAL
43,1770750250.7456095,63,NORMAL
44,1770750250.7698503,62,NORMAL
45,1770750250.7917495,61,NORMAL
46,1770750250.8150544,83,NORMAL
47,1770750250.838589,63,NORMAL
48,1770750250.858654,81,NORMAL
49,1770750250.8786192,85,NORMAL
50,1770750250.9045026,82,NORMAL
51,1770750250.9218273,69,NORMAL
52,1770750250.9389281,123,CRITICAL
53,1770750250.959561,120,ALERT
54,1770750250.9888134,129,CRITICAL
55,1770750251.0144987,116,ALERT
56,1770750251.0413697,117,ALERT
57,1770750251.071302,127,CRITICAL
58,1770750251.0972984,118,ALERT
59,1770750251.1249268,127,CRITICAL
60,1770750251.150453,120,ALERT
61,1770750251.1732876,121,CRITICAL
62,1770750251.2016635,116,ALERT
63,1770750251.2296555,112,ALERT
64,1770750251.2545307,121,CRITICAL
65,1770750251.2841527,126,CRITICAL
66,1770750251.3095324,123,CRITICAL
67,1770750251.3348346,119,ALERT
68,1770750251.3531032,123,CRITICAL
69,1770750251.378105,121,CRITICAL
70,1770750251.405865,123,CRITICAL
71,1770750251.4441943,116,ALERT
72,1770750251.464483,118,ALERT
73,1770750251.4797137,119,ALERT
74,1770750251.5007222,111,ALERT
75,1770750251.5262773,118,ALERT
76,1770750251.547484,110,ALERT
77,1770750251.572208,130,CRITICAL
78,1770750251.5946915,115,ALERT
79,1770750251.6167605,125,CRITICAL
80,1770750251.6409068,119,ALERT
81,1770750251.661632,130,CRITICAL
82,1770750251.6826332,124,CRITICAL
83,1770750251.7045555,122,CRITICAL
84,1770750251.7261264,119,ALERT
85,1770750251.7479975,129,CRITICAL
86,1770750251.771858,121,CRITICAL
87,1770750251.7951875,112,ALERT
88,1770750251.8170667,120,ALERT
89,1770750251.8426647,115,ALERT
90,1770750251.865528,119,ALERT
91,1770750251.8911085,130,CRITICAL
92,1770750251.914552,121,CRITICAL
93,1770750251.9386017,119,ALERT
94,1770750251.9592357,114,ALERT
95,1770750251.9802017,122,CRITICAL
96,1770750252.002766,117,ALERT
97,1770750252.0247169,118,ALERT
98,1770750252.0419614,117,ALERT
99,1770750252.0575058,117,ALERT
100,1770750252.07511,123,CRITICAL
101,1770750252.1019692,129,CRITICAL
102,1770750252.122572,118,ALERT
103,1770750252.1461816,118,ALERT
104,1770750252.1745012,115,ALERT
105,1770750252.2004318,115,ALERT
106,1770750252.2231553,117,ALERT
107,1770750252.2486012,127,CRITICAL
108,1770750252.2726011,124,CRITICAL
109,1770750252.3028615,120,ALERT
110,1770750252.3254595,115,ALERT
111,1770750252.3520758,128,CRITICAL
112,1770750252.3797393,118,ALERT
113,1770750252.4059803,123,CRITICAL
114,1770750252.4289668,128,CRITICAL
115,1770750252.4546454,110,ALERT
116,1770750252.4818084,116,ALERT
117,1770750252.5058725,124,CRITICAL
118,1770750252.5244038,130,CRITICAL
119,1770750252.5418274,114,ALERT
120,1770750252.5662186,129,CRITICAL
121,1770750252.5839455,120,ALERT
122,1770750252.6062703,118,ALERT
123,1770750252.6317048,118,ALERT
124,1770750252.658877,110,ALERT
125,1770750252.6850598,123,CRITICAL
126,1770750252.7127593,124,CRITICAL
127,1770750252.735819,124,CRITICAL
128,1770750252.7568417,116,ALERT
129,1770750252.7842011,116,ALERT
130,1770750252.8077004,129,CRITICAL
131,1770750252.833183,127,CRITICAL
132,1770750252.8551047,119,ALERT
133,1770750252.8817747,118,ALERT
134,1770750252.9045773,111,ALERT
135,1770750252.9257085,126,CRITICAL
136,1770750252.9503727,123,CRITICAL
137,1770750252.9759696,112,ALERT
138,1770750253.0048823,124,CRITICAL
139,1770750253.032663,111,ALERT
140,1770750253.0615788,120,ALERT
141,1770750253.0837054,122,CRITICAL
142,1770750253.1034014,113,ALERT
143,1770750253.128511,118,ALERT
144,1770750253.1486583,117,ALERT
145,1770750253.1639369,126,CRITICAL
146,1770750253.1782613,127,CRITICAL
147,1770750253.1934218,115,ALERT
148,1770750253.218809,118,ALERT
149,1770750253.2413087,119,ALERT
150,1770750253.267963,130,CRITICAL
151,1770750253.2937624,116,ALERT
152,1770750253.3199353,117,ALERT
153,1770750253.3440204,130,CRITICAL
154,1770750253.366659,118,ALERT
155,1770750253.3908818,120,ALERT
156,1770750253.4172385,111,ALERT
157,1770750253.4416525,125,CRITICAL
158,1770750253.4564433,122,CRITICAL
159,1770750253.4715579,126,CRITICAL
160,1770750253.4864829,126,CRITICAL
161,1770750253.5066864,115,ALERT
162,1770750253.5305817,113,ALERT
163,1770750253.5555093,110,ALERT
164,1770750253.5799732,130,CRITICAL
165,1770750253.6058733,115,ALERT
166,1770750253.63043,128,CRITICAL
167,1770750253.646171,119,ALERT
168,1770750253.6732378,113,ALERT
169,1770750253.6906412,113,ALERT
170,1770750253.7058775,121,CRITICAL
171,1770750253.7268293,120,ALERT
172,1770750253.7515535,125,CRITICAL
173,1770750253.7780066,111,ALERT
174,1770750253.8047087,118,ALERT
175,1770750253.831139,121,CRITICAL
176,1770750253.8629444,114,ALERT
177,1770750253.8965418,116,ALERT
178,1770750253.9141722,126,CRITICAL
179,1770750253.9414961,120,ALERT
180,1770750253.9692824,125,CRITICAL
181,1770750253.9950845,110,ALERT
182,1770750254.0237095,126,CRITICAL
183,1770750254.052641,130,CRITICAL
184,1770750254.0793087,116,ALERT
185,1770750254.1066127,118,ALERT
186,1770750254.1334827,119,ALERT
187,1770750254.1565833,111,ALERT
188,1770750254.1794846,122,CRITICAL
189,1770750254.201161,118,ALERT
190,1770750254.2174706,121,CRITICAL
191,1770750254.2356343,118,ALERT
192,1770750254.2585785,115,ALERT
193,1770750254.2774193,124,CRITICAL
194,1770750254.292175,120,ALERT
195,1770750254.306455,114,ALERT
196,1770750254.321394,125,CRITICAL
197,1770750254.339076,124,CRITICAL
198,1770750254.361455,130,CRITICAL
199,1770750254.3843467,118,ALERT
200,1770750254.4112477,129,CRITICAL
201,1770750254.4313571,121,CRITICAL
202,1770750254.478151,123,CRITICAL
203,1770750254.508049,130,CRITICAL
204,1770750254.5301216,124,CRITICAL
205,1770750254.5533187,127,CRITICAL
206,1770750254.5766006,112,ALERT
207,1770750254.595188,117,ALERT
208,1770750254.6141093,115,ALERT
209,1770750254.63598,118,ALERT
210,1770750254.6556764,124,CRITICAL
211,1770750254.677041,113,ALERT
1,1770750297.3660588,66,NORMAL
2,1770750297.382799,65,NORMAL
3,1770750297.400134,73,NORMAL
4,1770750297.4236958,63,NORMAL
5,1770750297.4500532,127,CRITICAL
6,1770750297.4764647,130,CRITICAL
7,1770750297.494712,126,CRITICAL
8,1770750297.527103,114,ALERT
9,1770750297.5501134,116,ALERT
10,1770750297.5671954,115,ALERT
11,1770750297.582619,116,ALERT
12,1770750297.5991576,124,CRITICAL
13,1770750297.6244245,118,ALERT
14,1770750297.6439302,115,ALERT
15,1770750297.6663165,130,CRITICAL
16,1770750297.6837199,116,ALERT
17,1770750297.7077909,113,ALERT
18,1770750297.7317107,121,CRITICAL
19,1770750297.7547498,119,ALERT
20,1770750297.7797093,113,ALERT
21,1770750297.8036945,129,CRITICAL
22,1770750297.8277457,119,ALERT
23,1770750297.857765,119,ALERT
24,1770750297.8781166,111,ALERT
25,1770750297.9031475,111,ALERT
26,1770750297.9246666,127,CRITICAL
27,1770750297.954296,113,ALERT
28,1770750297.9750984,123,CRITICAL
29,1770750297.9956455,112,ALERT
30,1770750298.0216694,110,ALERT
31,1770750298.0464616,117,ALERT
32,1770750298.0685523,124,CRITICAL
33,1770750298.0926764,130,CRITICAL
34,1770750298.1181872,128,CRITICAL
35,1770750298.1428316,116,ALERT
36,1770750298.1646035,118,ALERT
37,1770750298.189866,121,CRITICAL
38,1770750298.2157423,112,ALERT
39,1770750298.2455423,121,CRITICAL
40,1770750298.2688847,122,CRITICAL
41,1770750298.295815,123,CRITICAL
42,1770750298.3207808,124,CRITICAL
43,1770750298.344619,122,CRITICAL
44,1770750298.3681355,117,ALERT
45,1770750298.3890657,126,CRITICAL
46,1770750298.4077127,118,ALERT
47,1770750298.4295435,119,ALERT
48,1770750298.454504,126,CRITICAL
49,1770750298.4755788,110,ALERT
50,1770750298.4996865,126,CRITICAL
51,1770750298.5143013,111,ALERT
52,1770750298.5405903,125,CRITICAL
53,1770750298.5597951,120,ALERT
54,1770750298.5768538,123,CRITICAL
55,1770750298.5920248,124,CRITICAL
56,1770750298.6158028,123,CRITICAL
57,1770750298.6442988,111,ALERT
58,1770750298.6717107,129,CRITICAL
59,1770750298.699681,116,ALERT
60,1770750298.7273366,128,CRITICAL
61,1770750298.7572317,114,ALERT
62,1770750298.7882457,122,CRITICAL
63,1770750298.8169193,117,ALERT
64,1770750298.843705,119,ALERT
65,1770750298.873743,111,ALERT
66,1770750298.8999798,127,CRITICAL
67,1770750298.9276514,118,ALERT
68,1770750298.9557745,119,ALERT
69,1770750298.98445,110,ALERT
70,1770750299.0109289,121,CRITICAL
71,1770750299.0397613,116,ALERT
72,1770750299.063034,111,ALERT
73,1770750299.0810516,124,CRITICAL
74,1770750299.0956993,130,CRITICAL
75,1770750299.1214259,122,CRITICAL
76,1770750299.1380103,116,ALERT
77,1770750299.1549735,126,CRITICAL
78,1770750299.1804624,128,CRITICAL
79,1770750299.20633,127,CRITICAL
80,1770750299.2315269,118,ALERT
81,1770750299.2569895,111,ALERT
82,1770750299.2819686,114,ALERT
83,1770750299.3080924,110,ALERT
84,1770750299.332977,123,CRITICAL
85,1770750299.3571107,125,CRITICAL
86,1770750299.3822367,129,CRITICAL
87,1770750299.4074147,126,CRITICAL
88,1770750299.4281392,124,CRITICAL
89,1770750299.4539523,121,CRITICAL
90,1770750299.4795449,125,CRITICAL
91,1770750299.5049949,116,ALERT
92,1770750299.528561,126,CRITICAL
93,1770750299.5542252,116,ALERT
94,1770750299.5740952,110,ALERT
95,1770750299.599764,114,ALERT
96,1770750299.6251636,126,CRITICAL
97,1770750299.6418076,127,CRITICAL
98,1770750299.6620293,116,ALERT
99,1770750299.6844683,115,ALERT
100,1770750299.7007768,117,ALERT
101,1770750299.7310379,110,ALERT
102,1770750299.755165,118,ALERT
103,1770750299.7782984,124,CRITICAL
104,1770750299.8020668,130,CRITICAL
105,1770750299.827708,129,CRITICAL
106,1770750299.8544412,126,CRITICAL
107,1770750299.8785045,116,ALERT
108,1770750299.9043224,129,CRITICAL
109,1770750299.9244218,128,CRITICAL
110,1770750299.9506285,126,CRITICAL
111,1770750299.9774482,129,CRITICAL
112,1770750299.9985704,127,CRITICAL
113,1770750300.0196986,125,CRITICAL
114,1770750300.0449543,121,CRITICAL
115,1770750300.0679028,118,ALERT
116,1770750300.0947168,118,ALERT
117,1770750300.1212633,122,CRITICAL
118,1770750300.1475823,127,CRITICAL
119,1770750300.1717494,128,CRITICAL
120,1770750300.198497,127,CRITICAL
121,1770750300.22365,129,CRITICAL
122,1770750300.248327,118,ALERT
123,1770750300.2637117,110,ALERT
124,1770750300.2797441,122,CRITICAL
125,1770750300.3064814,117,ALERT
126,1770750300.3298116,121,CRITICAL
127,1770750300.3541517,120,ALERT
128,1770750300.3826208,125,CRITICAL
129,1770750300.4088624,118,ALERT
130,1770750300.4369762,123,CRITICAL
131,1770750300.4634728,129,CRITICAL
132,1770750300.4879303,129,CRITICAL
133,1770750300.5112028,116,ALERT
134,1770750300.5376496,120,ALERT
135,1770750300.55763,121,CRITICAL
136,1770750300.5853543,121,CRITICAL
137,1770750300.6121876,129,CRITICAL
138,1770750300.6388395,125,CRITICAL
139,1770750300.6650536,122,CRITICAL
140,1770750300.687241,111,ALERT
141,1770750300.7077045,114,ALERT
142,1770750300.7350698,122,CRITICAL
143,1770750300.7576494,124,CRITICAL
144,1770750300.771006,118,ALERT
145,1770750300.7901142,115,ALERT
146,1770750300.8156939,129,CRITICAL
147,1770750300.840286,126,CRITICAL
148,1770750300.8560479,129,CRITICAL
149,1770750300.870619,128,CRITICAL
150,1770750300.894249,117,ALERT
151,1770750300.9137106,114,ALERT
152,1770750300.9397984,130,CRITICAL
153,1770750300.9656801,117,ALERT
154,1770750300.9910748,118,ALERT
155,1770750301.0170534,121,CRITICAL
156,1770750301.0422456,127,CRITICAL
157,1770750301.0691702,127,CRITICAL
158,1770750301.0993671,125,CRITICAL
159,1770750301.1196191,121,CRITICAL
160,1770750301.142573,110,ALERT
161,1770750301.1637366,126,CRITICAL
162,1770750301.1903484,128,CRITICAL
163,1770750301.2149813,113,ALERT
164,1770750301.2394612,119,ALERT
165,1770750301.266484,116,ALERT
166,1770750301.291649,114,ALERT
167,1770750301.3179219,116,ALERT
168,1770750301.3349843,119,ALERT
169,1770750301.3575373,118,ALERT
170,1770750301.383691,113,ALERT
171,1770750301.4018593,128,CRITICAL
172,1770750301.419771,124,CRITICAL
173,1770750301.4378755,129,CRITICAL
174,1770750301.4556944,120,ALERT
175,1770750301.4783268,123,CRITICAL
176,1770750301.5027955,116,ALERT
177,1770750301.530866,120,ALERT
178,1770750301.5553272,116,ALERT
179,1770750301.5801952,118,ALERT
180,1770750301.6066003,121,CRITICAL
181,1770750301.6289148,115,ALERT
182,1770750301.6558444,118,ALERT
183,1770750301.6782794,110,ALERT
184,1770750301.7032523,117,ALERT
185,1770750301.7250974,128,CRITICAL
186,1770750301.7458813,112,ALERT
187,1770750301.7704506,110,ALERT
188,1770750301.796748,110,ALERT
189,1770750301.819823,130,CRITICAL
190,1770750301.8498898,113,ALERT
191,1770750301.8763003,111,ALERT
192,1770750301.8993826,117,ALERT
193,1770750301.9145648,125,CRITICAL
194,1770750301.9296863,120,ALERT
195,1770750301.9571595,115,ALERT
196,1770750301.9760704,124,CRITICAL
197,1770750301.9916928,130,CRITICAL
198,1770750302.014187,125,CRITICAL
199,1770750302.04051,117,ALERT
200,1770750302.0586808,128,CRITICAL
201,1770750302.0820372,121,CRITICAL
202,1770750302.1091015,126,CRITICAL
203,1770750302.1369672,110,ALERT
204,1770750302.1611116,123,CRITICAL
205,1770750302.1836748,114,ALERT
206,1770750302.2000513,119,ALERT
207,1770750302.2246742,110,ALERT
208,1770750302.2544293,116,ALERT
209,1770750302.2822514,130,CRITICAL
1,1770750678.0131085,61,NORMAL
2,1770750678.0280893,62,NORMAL
3,1770750678.055367,73,NORMAL
4,1770750678.0771244,79,NORMAL
5,1770750678.1075237,120,ALERT
6,1770750678.1274858,111,ALERT
7,1770750678.1551933,117,ALERT
8,1770750678.1781485,123,CRITICAL
9,1770750678.1968737,122,CRITICAL
10,1770750678.2163782,113,ALERT
11,1770750678.2378888,110,ALERT
12,1770750678.2591937,112,ALERT
13,1770750678.2833667,122,CRITICAL
14,1770750678.307674,112,ALERT
15,1770750678.3307288,123,CRITICAL
16,1770750678.3572981,116,ALERT
17,1770750678.379179,117,ALERT
18,1770750678.402606,112,ALERT
19,1770750678.4270942,115,ALERT
20,1770750678.4519815,119,ALERT
21,1770750678.479036,110,ALERT
22,1770750678.5028987,122,CRITICAL
23,1770750678.524229,116,ALERT
24,1770750678.5488489,119,ALERT
25,1770750678.5732868,115,ALERT
26,1770750678.5922,128,CRITICAL
27,1770750678.6142473,118,ALERT
28,1770750678.63513,128,CRITICAL
29,1770750678.6583307,113,ALERT
30,1770750678.6833048,115,ALERT
31,1770750678.7062852,125,CRITICAL
32,1770750678.7302153,122,CRITICAL
33,1770750678.7506034,127,CRITICAL
34,1770750678.7731714,112,ALERT
35,1770750678.7991323,123,CRITICAL
36,1770750678.8232665,110,ALERT
37,1770750678.8491492,118,ALERT
38,1770750678.8747704,128,CRITICAL
39,1770750678.899003,114,ALERT
40,1770750678.9250846,119,ALERT
41,1770750678.9547067,114,ALERT
42,1770750678.9820368,111,ALERT
43,1770750679.0077806,126,CRITICAL
44,1770750679.0375636,112,ALERT
45,1770750679.06234,128,CRITICAL
46,1770750679.084071,118,ALERT
47,1770750679.1040359,117,ALERT
48,1770750679.1311724,128,CRITICAL
49,1770750679.156251,124,CRITICAL
50,1770750679.1720045,129,CRITICAL
51,1770750679.1937816,129,CRITICAL
52,1770750679.211982,118,ALERT
53,1770750679.2297447,119,ALERT
54,1770750679.2444305,122,CRITICAL
55,1770750679.2710044,123,CRITICAL
56,1770750679.299212,121,CRITICAL
57,1770750679.3248248,124,CRITICAL
58,1770750679.3510444,116,ALERT
59,1770750679.3706946,118,ALERT
60,1770750679.393495,125,CRITICAL
61,1770750679.4201818,120,ALERT
62,1770750679.448583,125,CRITICAL
63,1770750679.4758124,116,ALERT
64,1770750679.5071688,113,ALERT
65,1770750679.5315707,119,ALERT
66,1770750679.557944,124,CRITICAL
67,1770750679.5827405,112,ALERT
68,1770750679.6090372,119,ALERT
69,1770750679.6311243,118,ALERT
70,1770750679.6562002,120,ALERT
71,1770750679.6792986,118,ALERT
72,1770750679.7067287,110,ALERT
73,1770750679.731683,118,ALERT
74,1770750679.7533457,118,ALERT
75,1770750679.780073,116,ALERT
76,1770750679.7988145,111,ALERT
77,1770750679.815959,126,CRITICAL
78,1770750679.832672,126,CRITICAL
79,1770750679.859165,125,CRITICAL
80,1770750679.8858294,127,CRITICAL
81,1770750679.90523,110,ALERT
82,1770750679.9273014,111,ALERT
83,1770750679.9484267,120,ALERT
84,1770750679.9742234,118,ALERT
85,1770750680.0010028,119,ALERT
86,1770750680.0303733,121,CRITICAL
87,1770750680.0564225,123,CRITICAL
88,1770750680.0843356,112,ALERT
89,1770750680.1113005,110,ALERT
90,1770750680.1380775,117,ALERT
91,1770750680.1656475,115,ALERT
92,1770750680.181901,110,ALERT
93,1770750680.2048995,110,ALERT
94,1770750680.233591,110,ALERT
95,1770750680.2607403,110,ALERT
96,1770750680.28671,110,ALERT
97,1770750680.3103209,112,ALERT
98,1770750680.3308203,125,CRITICAL
99,1770750680.3490236,118,ALERT
100,1770750680.3750746,125,CRITICAL
101,1770750680.3911235,120,ALERT
102,1770750680.409605,116,ALERT
103,1770750680.4327197,125,CRITICAL
104,1770750680.4622464,126,CRITICAL
105,1770750680.4921494,121,CRITICAL
106,1770750680.5180914,116,ALERT
107,1770750680.5420883,113,ALERT
108,1770750680.5632582,123,CRITICAL
109,1770750680.5879788,124,CRITICAL
110,1770750680.612747,113,ALERT
111,1770750680.6386855,112,ALERT
112,1770750680.6654801,130,CRITICAL
113,1770750680.6912787,130,CRITICAL
114,1770750680.7138214,110,ALERT
115,1770750680.7351866,110,ALERT
116,1770750680.7632332,113,ALERT
117,1770750680.7884102,112,ALERT
118,1770750680.8117597,122,CRITICAL
119,1770750680.8358164,128,CRITICAL
120,1770750680.8616066,119,ALERT
121,1770750680.882154,113,ALERT
122,1770750680.9067128,121,CRITICAL
123,1770750680.9198878,117,ALERT
124,1770750680.936901,115,ALERT
125,1770750680.9613833,119,ALERT
126,1770750680.9823737,124,CRITICAL
127,1770750680.9991915,114,ALERT
128,1770750681.0172174,125,CRITICAL
129,1770750681.043414,121,CRITICAL
130,1770750681.0688782,126,CRITICAL
131,1770750681.0954332,111,ALERT
132,1770750681.121893,123,CRITICAL
133,1770750681.1451547,111,ALERT
134,1770750681.1674926,113,ALERT
135,1770750681.197405,125,CRITICAL
136,1770750681.2233925,130,CRITICAL
137,1770750681.2512891,117,ALERT
138,1770750681.2751222,130,CRITICAL
139,1770750681.2992792,128,CRITICAL
140,1770750681.3256607,117,ALERT
141,1770750681.3526657,128,CRITICAL
142,1770750681.3792095,112,ALERT
143,1770750681.4060535,124,CRITICAL
144,1770750681.432693,124,CRITICAL
145,1770750681.454397,110,ALERT
146,1770750681.477816,120,ALERT
147,1770750681.5008864,125,CRITICAL
148,1770750681.5179157,122,CRITICAL
149,1770750681.5432036,128,CRITICAL
150,1770750681.567179,113,ALERT
151,1770750681.582288,123,CRITICAL
152,1770750681.6027262,111,ALERT
153,1770750681.6287682,124,CRITICAL
154,1770750681.6552176,113,ALERT
155,1770750681.6825943,118,ALERT
156,1770750681.7079256,114,ALERT
157,1770750681.732882,110,ALERT
158,1770750681.7591074,120,ALERT
159,1770750681.7840927,128,CRITICAL
160,1770750681.8083978,119,ALERT
161,1770750681.8316908,130,CRITICAL
162,1770750681.8549216,123,CRITICAL
163,1770750681.8789818,125,CRITICAL
164,1770750681.90389,113,ALERT
165,1770750681.9289234,117,ALERT
166,1770750681.9543025,125,CRITICAL
167,1770750681.9791548,124,CRITICAL
168,1770750682.0039089,124,CRITICAL
169,1770750682.027113,119,ALERT
170,1770750682.0520594,119,ALERT
171,1770750682.079266,110,ALERT
172,1770750682.1004763,115,ALERT
173,1770750682.1260633,117,ALERT
174,1770750682.1495194,122,CRITICAL
175,1770750682.163922,119,ALERT
176,1770750682.181159,117,ALERT
177,1770750682.200917,126,CRITICAL
178,1770750682.2271934,117,ALERT
179,1770750682.2532866,113,ALERT
180,1770750682.2794402,120,ALERT
181,1770750682.3076143,128,CRITICAL
182,1770750682.3322153,130,CRITICAL
183,1770750682.3552055,119,ALERT
184,1770750682.3766384,114,ALERT
185,1770750682.3904083,128,CRITICAL
186,1770750682.4152272,116,ALERT
187,1770750682.437473,119,ALERT
188,1770750682.4655933,125,CRITICAL
189,1770750682.4933581,122,CRITICAL
190,1770750682.5183465,128,CRITICAL
191,1770750682.5374572,121,CRITICAL
192,1770750682.5568318,120,ALERT
193,1770750682.582022,124,CRITICAL
194,1770750682.6091557,114,ALERT
195,1770750682.6385508,115,ALERT
196,1770750682.6619658,124,CRITICAL
197,1770750682.6808958,121,CRITICAL
198,1770750682.6989665,118,ALERT
199,1770750682.7265728,130,CRITICAL
200,1770750682.7470167,126,CRITICAL
201,1770750682.7618225,125,CRITICAL
202,1770750682.7797635,122,CRITICAL
203,1770750682.8028421,117,ALERT
204,1770750682.827558,122,CRITICAL
205,1770750682.8526075,118,ALERT
206,1770750682.8769078,116,ALERT
207,1770750682.8976114,125,CRITICAL
208,1770750682.9271598,126,CRITICAL
209,1770750682.9566586,122,CRITICAL
210,1770750682.9795492,114,ALERT
211,1770750680.5395935,111,ALERT
212,1770750680.5649064,112,ALERT
213,1770750680.5909414,128,CRITICAL
1,1770750753.814876,68,NORMAL
2,1770750753.829221,78,NORMAL
3,1770750753.8520482,76,NORMAL
4,1770750753.8735728,128,CRITICAL
5,1770750753.8976896,120,ALERT
6,1770750753.919667,121,CRITICAL
7,1770750753.9397795,120,ALERT
8,1770750753.9567704,112,ALERT
9,1770750753.9805808,115,ALERT
10,1770750754.004777,130,CRITICAL
11,1770750754.0281382,118,ALERT
12,1770750754.052126,126,CRITICAL
13,1770750754.0728695,118,ALERT
14,1770750754.089566,129,CRITICAL
15,1770750754.1095462,126,CRITICAL
16,1770750754.1276402,114,ALERT
17,1770750754.1461284,118,ALERT
18,1770750754.1642663,110,ALERT
19,1770750754.183223,113,ALERT
20,1770750754.1988137,129,CRITICAL
21,1770750754.2195387,110,ALERT
22,1770750754.2377698,116,ALERT
23,1770750754.2612643,111,ALERT
24,1770750754.2830484,118,ALERT
25,1770750754.3080268,122,CRITICAL
26,1770750754.337293,127,CRITICAL
27,1770750754.362685,127,CRITICAL
28,1770750754.3837652,113,ALERT
29,1770750754.413596,110,ALERT
30,1770750754.4350746,127,CRITICAL
31,1770750754.4561882,125,CRITICAL
32,1770750754.4759383,110,ALERT
33,1770750754.4996426,125,CRITICAL
34,1770750754.5213287,112,ALERT
35,1770750754.5451243,129,CRITICAL
36,1770750754.5681562,129,CRITICAL
37,1770750754.589109,116,ALERT
38,1770750754.6077216,118,ALERT
39,1770750754.6237414,118,ALERT
40,1770750754.6417756,127,CRITICAL
41,1770750754.661332,110,ALERT
42,1770750754.6807659,121,CRITICAL
43,1770750754.7014668,113,ALERT
44,1770750754.7233322,114,ALERT
45,1770750754.742664,118,ALERT
46,1770750754.7630281,128,CRITICAL
47,1770750754.778587,127,CRITICAL
48,1770750754.8013632,116,ALERT
49,1770750754.8224294,112,ALERT
50,1770750754.8366702,119,ALERT
51,1770750754.8558242,115,ALERT
52,1770750754.8706415,126,CRITICAL
53,1770750754.8949072,125,CRITICAL
54,1770750754.9124017,120,ALERT
55,1770750754.9325442,126,CRITICAL
56,1770750754.9499252,123,CRITICAL
57,1770750754.9661264,115,ALERT
58,1770750754.9839253,119,ALERT
59,1770750755.000112,115,ALERT
60,1770750755.017438,127,CRITICAL
61,1770750755.0372047,130,CRITICAL
62,1770750755.061271,121,CRITICAL
63,1770750755.0834148,126,CRITICAL
64,1770750755.1039076,121,CRITICAL
65,1770750755.124927,124,CRITICAL
66,1770750755.1445696,113,ALERT
67,1770750755.1643682,119,ALERT
68,1770750755.1849017,128,CRITICAL
69,1770750755.2062585,122,CRITICAL
70,1770750755.2302096,114,ALERT
71,1770750755.2518544,118,ALERT
72,1770750755.27677,119,ALERT
73,1770750755.298289,116,ALERT
74,1770750755.3201401,129,CRITICAL
75,1770750755.3447897,125,CRITICAL
76,1770750755.3642998,121,CRITICAL
77,1770750755.3832135,124,CRITICAL
78,1770750755.4036403,117,ALERT
79,1770750755.4244862,127,CRITICAL
80,1770750755.4471834,115,ALERT
81,1770750755.4704752,123,CRITICAL
82,1770750755.494643,116,ALERT
83,1770750755.5158277,110,ALERT
84,1770750755.5380797,117,ALERT
85,1770750755.5567172,116,ALERT
86,1770750755.5767415,110,ALERT
87,1770750755.5981297,125,CRITICAL
88,1770750755.620969,113,ALERT
89,1770750755.6377406,129,CRITICAL
90,1770750755.6555755,126,CRITICAL
91,1770750755.6727,125,CRITICAL
92,1770750755.6917882,120,ALERT
93,1770750755.7092624,130,CRITICAL
94,1770750755.7281199,124,CRITICAL
95,1770750755.7476609,123,CRITICAL
96,1770750755.7689126,121,CRITICAL
97,1770750755.7912414,117,ALERT
98,1770750755.813484,124,CRITICAL
99,1770750755.8324218,126,CRITICAL
100,1770750755.8514183,119,ALERT
101,1770750755.8744574,115,ALERT
102,1770750755.894358,123,CRITICAL
103,1770750755.9147298,120,ALERT
104,1770750755.936814,112,ALERT
105,1770750755.9566019,120,ALERT
106,1770750755.9810445,123,CRITICAL
107,1770750756.0007741,126,CRITICAL
108,1770750756.0237834,121,CRITICAL
109,1770750756.0474505,127,CRITICAL
110,1770750756.0687635,125,CRITICAL
111,1770750756.0894783,122,CRITICAL
112,1770750756.1102028,124,CRITICAL
113,1770750756.1310978,130,CRITICAL
114,1770750756.151555,112,ALERT
115,1770750756.1813698,126,CRITICAL
116,1770750756.20416,129,CRITICAL
117,1770750756.2263348,110,ALERT
118,1770750756.2446897,120,ALERT
119,1770750756.2626941,116,ALERT
120,1770750756.2841606,128,CRITICAL
121,1770750756.3034234,130,CRITICAL
122,1770750756.325283,117,ALERT
123,1770750756.3522038,128,CRITICAL
124,1770750756.3751361,118,ALERT
125,1770750756.3997226,121,CRITICAL
126,1770750756.4234197,130,CRITICAL
127,1770750756.4425914,114,ALERT
128,1770750756.4627752,124,CRITICAL
129,1770750756.4857185,129,CRITICAL
130,1770750756.5049167,125,CRITICAL
131,1770750756.5250685,111,ALERT
132,1770750756.5761185,123,CRITICAL
133,1770750756.6008413,114,ALERT
134,1770750756.6212337,119,ALERT
135,1770750756.6463015,122,CRITICAL
136,1770750756.6690702,123,CRITICAL
137,1770750756.691869,124,CRITICAL
138,1770750756.708797,111,ALERT
139,1770750756.724191,113,ALERT
140,1770750756.7380598,123,CRITICAL
141,1770750756.757411,118,ALERT
142,1770750756.7771132,117,ALERT
143,1770750756.8030078,113,ALERT
144,1770750756.819212,130,CRITICAL
145,1770750756.8382862,124,CRITICAL
146,1770750756.8578923,113,ALERT
147,1770750756.874802,125,CRITICAL
148,1770750756.8988302,112,ALERT
149,1770750756.9242096,120,ALERT
150,1770750756.9488325,112,ALERT
151,1770750756.9687603,110,ALERT
152,1770750756.9914105,122,CRITICAL
153,1770750757.012271,122,CRITICAL
154,1770750757.0365567,119,ALERT
155,1770750757.0605102,128,CRITICAL
156,1770750757.0816672,114,ALERT
157,1770750757.1023004,126,CRITICAL
158,1770750757.123601,115,ALERT
159,1770750757.1482954,123,CRITICAL
160,1770750757.1714294,128,CRITICAL
161,1770750757.1957583,122,CRITICAL
162,1770750757.219734,121,CRITICAL
163,1770750757.2345805,114,ALERT
164,1770750757.2572773,116,ALERT
165,1770750757.2781866,121,CRITICAL
166,1770750757.3007853,116,ALERT
167,1770750757.3145351,112,ALERT
168,1770750757.330878,110,ALERT
169,1770750757.3489618,124,CRITICAL
170,1770750757.367511,130,CRITICAL
171,1770750757.3875763,114,ALERT
172,1770750757.4030604,114,ALERT
173,1770750757.4188666,124,CRITICAL
174,1770750757.4390404,114,ALERT
175,1770750757.4613152,125,CRITICAL
176,1770750757.4833224,111,ALERT
177,1770750757.5021422,130,CRITICAL
178,1770750757.5262706,130,CRITICAL
179,1770750757.546423,119,ALERT
180,1770750757.5711873,110,ALERT
181,1770750757.5915072,119,ALERT
182,1770750757.608729,117,ALERT
183,1770750757.632749,130,CRITICAL
184,1770750757.6539075,116,ALERT
185,1770750757.6791182,122,CRITICAL
186,1770750757.7014287,127,CRITICAL
187,1770750757.7203383,116,ALERT
188,1770750757.7414825,117,ALERT
189,1770750757.764777,127,CRITICAL
190,1770750757.7899573,130,CRITICAL
191,1770750757.8062084,112,ALERT
192,1770750757.8306904,124,CRITICAL
193,1770750757.8519452,127,CRITICAL
194,1770750757.8727725,123,CRITICAL
195,1770750757.896776,128,CRITICAL
196,1770750757.9150784,123,CRITICAL
197,1770750757.9315066,120,ALERT
198,1770750757.954628,121,CRITICAL
199,1770750757.9801497,120,ALERT
200,1770750758.0016732,121,CRITICAL
201,1770750758.0211985,113,ALERT
202,1770750758.0459752,125,CRITICAL
203,1770750758.0743,110,ALERT
204,1770750758.0960312,125,CRITICAL
205,1770750758.1166794,118,ALERT
206,1770750758.1368747,121,CRITICAL
207,1770750758.1613884,116,ALERT
208,1770750758.1809032,121,CRITICAL
209,1770750758.2027736,129,CRITICAL
210,1770750758.2261992,114,ALERT
211,1770750758.249563,128,CRITICAL
212,1770750758.2758923,111,ALERT
213,1770750758.300016,126,CRITICAL
214,1770750758.3240583,110,ALERT
215,1770750758.3482099,127,CRITICAL
216,1770750758.3757482,129,CRITICAL
217,1770750758.3951488,129,CRITICAL
218,1770750758.4158597,127,CRITICAL
219,1770750758.442953,128,CRITICAL
220,1770750758.4631586,125,CRITICAL
221,1770750758.4823859,115,ALERT
222,1770750758.4955428,113,ALERT
223,1770750758.514692,115,ALERT
224,1770750758.5347874,114,ALERT
225,1770750758.5569973,123,CRITICAL
226,1770750758.5748541,127,CRITICAL
227,1770750758.588022,112,ALERT
228,1770750758.6050053,114,ALERT
229,1770750758.6252599,118,ALERT
230,1770750758.6482363,114,ALERT
231,1770750758.6661813,123,CRITICAL
232,1770750758.6925464,129,CRITICAL
233,1770750758.7216418,119,ALERT
234,1770750758.7467391,125,CRITICAL
235,1770750758.7703395,118,ALERT
236,1770750758.791654,129,CRITICAL
237,1770750758.8103545,110,ALERT
238,1770750758.8306007,114,ALERT
239,1770750758.8467865,120,ALERT
240,1770750758.8637416,130,CRITICAL
241,1770750758.8834956,130,CRITICAL
242,1770750758.9008121,76,NORMAL
243,1770750758.9194813,69,NORMAL
244,1770750758.9394093,64,NORMAL
245,1770750758.957597,74,NORMAL
246,1770750758.978173,68,NORMAL
247,1770750759.0005877,89,NORMAL
248,1770750759.0167253,62,NORMAL
249,1770750759.0391455,67,NORMAL
250,1770750759.0630236,64,NORMAL
251,1770750759.0838587,73,NORMAL
252,1770750759.102348,68,NORMAL
253,1770750759.1226218,66,NORMAL
254,1770750759.1460502,78,NORMAL
255,1770750759.162431,68,NORMAL
256,1770750759.1808813,69,NORMAL
257,1770750759.2005067,64,NORMAL
258,1770750759.2189724,77,NORMAL
259,1770750759.2368338,67,NORMAL
260,1770750759.2604673,68,NORMAL
261,1770750759.27696,66,NORMAL
262,1770750759.2981613,88,NORMAL
263,1770750759.3193722,73,NORMAL
264,1770750759.3483725,66,NORMAL
265,1770750759.3729136,71,NORMAL
266,1770750759.3948624,73,NORMAL
267,1770750759.432995,61,NORMAL
268,1770750759.4609077,67,NORMAL
269,1770750759.4829137,68,NORMAL
270,1770750759.507009,70,NORMAL
271,1770750759.5331488,84,NORMAL
272,1770750759.562883,89,NORMAL
273,1770750759.5850003,67,NORMAL
274,1770750759.6086893,69,NORMAL
275,1770750759.631689,87,NORMAL
276,1770750759.6556792,87,NORMAL
277,1770750759.678611,61,NORMAL
278,1770750759.6985054,65,NORMAL
279,1770750759.721221,78,NORMAL
280,1770750759.740718,66,NORMAL
281,1770750759.7578564,60,NORMAL
282,1770750759.7751231,65,NORMAL
283,1770750759.7940626,66,NORMAL
284,1770750759.8127959,76,NORMAL
285,1770750759.8326528,83,NORMAL
286,1770750759.8529606,80,NORMAL
287,1770750759.8735197,74,NORMAL
288,1770750759.8954947,81,NORMAL
289,1770750759.917756,84,NORMAL
290,1770750759.939731,81,NORMAL
291,1770750759.959099,90,NORMAL
292,1770750759.9808128,79,NORMAL
293,1770750760.0044441,64,NORMAL
294,1770750760.0245762,65,NORMAL
295,1770750760.0407174,79,NORMAL
296,1770750760.0605593,76,NORMAL
297,1770750760.0772252,71,NORMAL
298,1770750760.097649,71,NORMAL
299,1770750760.116519,66,NORMAL
300,1770750760.1382856,74,NORMAL
301,1770750760.1641788,85,NORMAL
302,1770750760.1838775,86,NORMAL
303,1770750760.2074509,70,NORMAL
304,1770750760.2312438,127,CRITICAL
305,1770750760.247171,119,ALERT
306,1770750760.2639933,124,CRITICAL
307,1770750760.2852666,116,ALERT
308,1770750760.3069777,123,CRITICAL
309,1770750760.322932,112,ALERT
310,1770750760.3380036,121,CRITICAL
311,1770750760.3536005,116,ALERT
312,1770750760.366604,118,ALERT
313,1770750760.388512,128,CRITICAL
314,1770750760.410232,121,CRITICAL
315,1770750760.435034,124,CRITICAL
316,1770750760.4601512,129,CRITICAL
317,1770750760.4828303,129,CRITICAL
318,1770750760.5060334,129,CRITICAL
319,1770750760.534872,129,CRITICAL
320,1770750760.5626698,124,CRITICAL
321,1770750760.5860212,126,CRITICAL
322,1770750760.606477,111,ALERT
323,1770750760.6288342,116,ALERT
324,1770750760.6490638,122,CRITICAL
325,1770750760.671767,129,CRITICAL
326,1770750760.6936595,128,CRITICAL
327,1770750760.7162983,114,ALERT
328,1770750760.7371976,114,ALERT
329,1770750760.7560124,126,CRITICAL
330,1770750760.7748744,130,CRITICAL
331,1770750760.7951858,118,ALERT
332,1770750760.8119297,121,CRITICAL
333,1770750760.8287885,115,ALERT
334,1770750760.8429816,118,ALERT
335,1770750760.8659701,118,ALERT
336,1770750760.8872313,119,ALERT
337,1770750760.9033508,127,CRITICAL
338,1770750760.924269,129,CRITICAL
339,1770750760.9456306,130,CRITICAL
340,1770750760.970654,126,CRITICAL
341,1770750760.9909222,122,CRITICAL
342,1770750761.0171256,114,ALERT
343,1770750761.0421026,110,ALERT
344,1770750761.0650437,128,CRITICAL
345,1770750761.0895646,122,CRITICAL
346,1770750761.116726,125,CRITICAL
347,1770750761.1422594,126,CRITICAL
348,1770750761.1652367,118,ALERT
349,1770750761.193237,129,CRITICAL
350,1770750761.2144036,120,ALERT
351,1770750761.2382503,112,ALERT
352,1770750761.257287,115,ALERT
353,1770750761.2791831,128,CRITICAL
354,1770750761.2967947,129,CRITICAL
355,1770750761.316762,111,ALERT
356,1770750761.3406541,119,ALERT
357,1770750761.3580134,110,ALERT
358,1770750761.3794024,129,CRITICAL
359,1770750761.395113,119,ALERT
360,1770750761.4135664,119,ALERT
361,1770750761.4327238,124,CRITICAL
362,1770750761.4544775,121,CRITICAL
363,1770750761.472044,125,CRITICAL
364,1770750761.4845417,112,ALERT
365,1770750761.501413,122,CRITICAL
366,1770750761.5182261,111,ALERT
367,1770750761.5403564,129,CRITICAL
368,1770750761.5580745,116,ALERT
369,1770750761.5780451,123,CRITICAL
370,1770750761.5969715,114,ALERT
371,1770750761.6130304,111,ALERT
372,1770750761.6312025,111,ALERT
373,1770750761.6517289,130,CRITICAL
374,1770750761.6729672,130,CRITICAL
375,1770750761.6961186,117,ALERT
376,1770750761.714259,121,CRITICAL
377,1770750761.7328165,128,CRITICAL
378,1770750761.7609348,129,CRITICAL
379,1770750761.7826545,110,ALERT
380,1770750761.8076613,115,ALERT
381,1770750761.8313823,123,CRITICAL
382,1770750761.8592658,129,CRITICAL
383,1770750761.8847985,124,CRITICAL
384,1770750761.914479,121,CRITICAL
385,1770750761.941781,113,ALERT
386,1770750761.9649901,115,ALERT
387,1770750761.9861324,112,ALERT
388,1770750762.0060797,125,CRITICAL
389,1770750762.0193963,110,ALERT
390,1770750762.0386522,114,ALERT
391,1770750762.060789,125,CRITICAL
392,1770750762.0764265,118,ALERT
393,1770750762.0923147,110,ALERT
394,1770750762.109106,110,ALERT
395,1770750762.128853,112,ALERT
396,1770750762.155553,112,ALERT
397,1770750762.1805403,122,CRITICAL
398,1770750762.2010424,113,ALERT
399,1770750762.2248015,115,ALERT
400,1770750762.2477624,116,ALERT
401,1770750762.2684531,112,ALERT
402,1770750762.292496,121,CRITICAL
403,1770750762.3128326,112,ALERT
404,1770750762.328934,114,ALERT
405,1770750762.351869,116,ALERT
406,1770750762.3761213,129,CRITICAL
407,1770750762.3948634,126,CRITICAL
408,1770750762.4126735,117,ALERT
409,1770750762.4372199,125,CRITICAL
410,1770750762.4561284,113,ALERT
411,1770750762.4785767,130,CRITICAL
412,1770750762.500765,120,ALERT
413,1770750762.5184944,113,ALERT
414,1770750762.5400465,129,CRITICAL
415,1770750762.5607395,130,CRITICAL
416,1770750762.5811698,128,CRITICAL
417,1770750762.5985293,115,ALERT
418,1770750762.6165998,118,ALERT
419,1770750762.6354587,121,CRITICAL
420,1770750762.6532943,117,ALERT
421,1770750762.673229,111,ALERT
422,1770750762.7047243,126,CRITICAL
423,1770750762.7264354,129,CRITICAL
424,1770750762.7490935,125,CRITICAL
425,1770750762.7708242,121,CRITICAL
426,1770750762.790578,111,ALERT
427,1770750762.8129172,112,ALERT
428,1770750762.8343797,130,CRITICAL
429,1770750762.8581924,119,ALERT
430,1770750762.8808317,129,CRITICAL
431,1770750762.9052143,125,CRITICAL
432,1770750762.9256742,117,ALERT
433,1770750762.9461908,129,CRITICAL
434,1770750762.9663336,127,CRITICAL
435,1770750762.987408,125,CRITICAL
436,1770750763.005444,123,CRITICAL
437,1770750763.0248823,114,ALERT
438,1770750763.0417278,128,CRITICAL
439,1770750763.0636876,128,CRITICAL
440,1770750763.0842545,120,ALERT
441,1770750763.1047845,129,CRITICAL
442,1770750763.1281383,113,ALERT
443,1770750763.1515546,112,ALERT
444,1770750763.1727953,118,ALERT
445,1770750763.1949086,114,ALERT
446,1770750763.2114542,110,ALERT
447,1770750763.2295957,110,ALERT
448,1770750763.2487442,120,ALERT
449,1770750763.2689111,113,ALERT
450,1770750763.2906117,123,CRITICAL
451,1770750763.3148417,121,CRITICAL
452,1770750763.3330739,121,CRITICAL
453,1770750763.355651,118,ALERT
454,1770750763.3821864,123,CRITICAL
455,1770750763.4108078,112,ALERT
456,1770750763.4367516,110,ALERT
457,1770750763.4608173,119,ALERT
458,1770750763.4870472,130,CRITICAL
459,1770750763.510742,123,CRITICAL
460,1770750763.5304277,119,ALERT
461,1770750763.5500672,120,ALERT
462,1770750763.5728815,120,ALERT
463,1770750763.5928617,124,CRITICAL
464,1770750763.619559,130,CRITICAL
465,1770750763.6441746,120,ALERT
466,1770750763.6687524,122,CRITICAL
467,1770750763.6904392,128,CRITICAL
468,1770750763.7131135,119,ALERT
469,1770750763.7380111,111,ALERT
470,1770750763.7585876,122,CRITICAL
471,1770750763.77579,125,CRITICAL
472,1770750763.7987697,115,ALERT
473,1770750763.8194003,127,CRITICAL
474,1770750763.83691,116,ALERT
475,1770750763.8551478,110,ALERT
476,1770750763.870057,120,ALERT
477,1770750763.8930595,119,ALERT
478,1770750763.9082062,123,CRITICAL
479,1770750763.9288995,123,CRITICAL
480,1770750763.9477913,124,CRITICAL
481,1770750763.9727511,126,CRITICAL
482,1770750763.9924028,129,CRITICAL
483,1770750764.0178914,129,CRITICAL
484,1770750764.040249,123,CRITICAL
485,1770750764.0631616,110,ALERT
486,1770750764.088283,110,ALERT
487,1770750764.1103926,120,ALERT
488,1770750764.1349142,112,ALERT
489,1770750764.1579597,120,ALERT
490,1770750764.1787984,122,CRITICAL
491,1770750764.198216,114,ALERT
492,1770750764.2196522,130,CRITICAL
493,1770750764.240725,120,ALERT
494,1770750764.2630627,113,ALERT
495,1770750764.2875557,128,CRITICAL
496,1770750764.3092303,115,ALERT
497,1770750764.334941,120,ALERT
498,1770750764.3553412,118,ALERT
499,1770750764.3722603,112,ALERT
500,1770750764.3960807,122,CRITICAL
501,1770750764.4099143,124,CRITICAL
502,1770750764.4231393,114,ALERT
503,1770750764.4391026,128,CRITICAL
504,1770750764.4557538,130,CRITICAL
505,1770750764.4825702,119,ALERT
506,1770750764.5124512,111,ALERT
507,1770750764.5333962,119,ALERT
508,1770750764.5568168,113,ALERT
509,1770750764.5817392,120,ALERT
510,1770750764.6039035,121,CRITICAL
511,1770750764.6280544,128,CRITICAL
512,1770750764.652673,122,CRITICAL
513,1770750764.6784513,118,ALERT
514,1770750764.7027836,116,ALERT
515,1770750764.7238526,111,ALERT
516,1770750764.7487347,110,ALERT
517,1770750764.7674546,124,CRITICAL
518,1770750764.7916267,113,ALERT
519,1770750764.8134854,123,CRITICAL
520,1770750764.8382244,126,CRITICAL
521,1770750764.8653352,118,ALERT
522,1770750764.8878105,112,ALERT
523,1770750764.90869,117,ALERT
524,1770750764.9220529,130,CRITICAL
525,1770750764.9394004,123,CRITICAL
526,1770750764.9607978,126,CRITICAL
527,1770750764.9819539,130,CRITICAL
528,1770750765.0025806,117,ALERT
529,1770750765.0288002,123,CRITICAL
530,1770750765.0531476,122,CRITICAL
531,1770750765.0715673,113,ALERT
532,1770750765.1004202,128,CRITICAL
533,1770750765.125068,128,CRITICAL
534,1770750765.1448882,115,ALERT
535,1770750765.168963,125,CRITICAL
536,1770750765.1965458,127,CRITICAL
537,1770750765.217656,122,CRITICAL
538,1770750765.2364864,130,CRITICAL
539,1770750765.259251,87,NORMAL
540,1770750765.2821443,71,NORMAL
541,1770750765.3028572,81,NORMAL
542,1770750765.3284793,88,NORMAL
543,1770750765.3482978,74,NORMAL
544,1770750765.3713288,65,NORMAL
545,1770750765.3954089,73,NORMAL
546,1770750765.4163096,75,NORMAL
547,1770750765.4417496,89,NORMAL
548,1770750765.4652126,76,NORMAL
549,1770750765.4862816,86,NORMAL
550,1770750765.508683,61,NORMAL
551,1770750765.5308323,73,NORMAL
552,1770750765.5485816,85,NORMAL
553,1770750765.5672722,75,NORMAL
554,1770750765.590702,72,NORMAL
555,1770750765.612609,126,CRITICAL
556,1770750765.6334982,130,CRITICAL
557,1770750765.6564283,121,CRITICAL
558,1770750765.6741195,122,CRITICAL
559,1770750765.6994534,119,ALERT
560,1770750765.7273507,113,ALERT
561,1770750765.751407,113,ALERT
562,1770750765.7747633,122,CRITICAL
563,1770750765.7962728,127,CRITICAL
564,1770750765.8207977,112,ALERT
565,1770750765.8450499,114,ALERT
566,1770750765.871056,117,ALERT
567,1770750765.8942068,117,ALERT
568,1770750765.9178994,115,ALERT
569,1770750765.9467146,125,CRITICAL
570,1770750765.9682124,122,CRITICAL
571,1770750765.9886572,123,CRITICAL
572,1770750766.0168333,130,CRITICAL
573,1770750766.0355258,127,CRITICAL
574,1770750766.056114,110,ALERT
575,1770750766.0755484,112,ALERT
576,1770750766.0966587,112,ALERT
577,1770750766.1151042,112,ALERT
578,1770750766.1338375,125,CRITICAL
579,1770750766.155859,121,CRITICAL
580,1770750766.176727,110,ALERT
581,1770750766.2007277,114,ALERT
582,1770750766.2248857,115,ALERT
583,1770750766.2437432,125,CRITICAL
584,1770750766.2687697,116,ALERT
585,1770750766.2867389,126,CRITICAL
586,1770750766.3091118,127,CRITICAL
587,1770750766.3302166,118,ALERT
588,1770750766.3552313,115,ALERT
589,1770750766.3762698,125,CRITICAL
590,1770750766.4007828,122,CRITICAL
591,1770750766.4205437,129,CRITICAL
592,1770750766.4435909,124,CRITICAL
593,1770750766.4688883,116,ALERT
594,1770750766.4937167,125,CRITICAL
595,1770750766.5205994,125,CRITICAL
596,1770750766.542993,124,CRITICAL
597,1770750766.5698156,118,ALERT
598,1770750766.590105,112,ALERT
599,1770750766.612792,118,ALERT
600,1770750766.6373158,128,CRITICAL
601,1770750766.656709,116,ALERT
602,1770750766.6753724,122,CRITICAL
603,1770750766.6936839,112,ALERT
604,1770750766.7194045,114,ALERT
605,1770750766.743668,118,ALERT
606,1770750766.7656302,123,CRITICAL
607,1770750766.791988,116,ALERT
608,1770750766.8124166,128,CRITICAL
609,1770750766.830408,119,ALERT
610,1770750766.852063,125,CRITICAL
611,1770750766.8798048,122,CRITICAL
612,1770750766.9019134,130,CRITICAL
613,1770750766.9259295,128,CRITICAL
614,1770750766.9503176,111,ALERT
615,1770750766.980417,121,CRITICAL
616,1770750767.001917,123,CRITICAL
617,1770750767.0219092,126,CRITICAL
618,1770750767.0413754,111,ALERT
619,1770750767.0648806,119,ALERT
620,1770750767.091485,112,ALERT
621,1770750767.1128516,128,CRITICAL
622,1770750767.1329215,124,CRITICAL
623,1770750767.156695,115,ALERT
624,1770750767.173897,117,ALERT
625,1770750767.1928499,123,CRITICAL
626,1770750767.2115571,114,ALERT
627,1770750767.2294843,110,ALERT
628,1770750767.2474878,125,CRITICAL
629,1770750767.266877,127,CRITICAL
630,1770750767.284832,113,ALERT
631,1770750767.3026927,128,CRITICAL
632,1770750767.3260548,111,ALERT
633,1770750767.3487654,128,CRITICAL
634,1770750767.3717918,125,CRITICAL
635,1770750767.3926501,122,CRITICAL
636,1770750767.412862,121,CRITICAL
637,1770750767.43685,121,CRITICAL
638,1770750767.4597573,124,CRITICAL
639,1770750767.4805796,121,CRITICAL
640,1770750767.5066104,125,CRITICAL
641,1770750767.5340784,117,ALERT
642,1770750767.5540407,123,CRITICAL
643,1770750767.5808342,120,ALERT
644,1770750767.6034884,120,ALERT
645,1770750767.6281366,112,ALERT
646,1770750767.65172,130,CRITICAL
647,1770750767.6706588,128,CRITICAL
648,1770750767.6956198,122,CRITICAL
649,1770750767.7188015,114,ALERT
650,1770750767.742318,114,ALERT
651,1770750767.759632,130,CRITICAL
652,1770750767.776518,122,CRITICAL
653,1770750767.8017683,115,ALERT
654,1770750767.8196347,111,ALERT
655,1770750767.8434665,114,ALERT
656,1770750767.8659298,121,CRITICAL
657,1770750767.8855412,122,CRITICAL
658,1770750767.90879,126,CRITICAL
659,1770750767.9288745,129,CRITICAL
660,1770750767.9508018,112,ALERT
661,1770750767.9772093,124,CRITICAL
662,1770750767.998341,115,ALERT
663,1770750768.0198178,115,ALERT
664,1770750768.044248,112,ALERT
665,1770750768.066994,113,ALERT
666,1770750768.0847726,116,ALERT
667,1770750768.1047976,120,ALERT
668,1770750768.1297054,117,ALERT
669,1770750768.1527739,112,ALERT
670,1770750768.1751735,116,ALERT
671,1770750768.2014086,118,ALERT
672,1770750768.2216718,122,CRITICAL
673,1770750768.246917,117,ALERT
674,1770750768.275061,126,CRITICAL
675,1770750768.2976353,128,CRITICAL
676,1770750768.3141196,118,ALERT
677,1770750768.3332195,126,CRITICAL
678,1770750768.3549182,129,CRITICAL
679,1770750768.3758988,113,ALERT
680,1770750768.3971875,123,CRITICAL
681,1770750768.4167721,129,CRITICAL
682,1770750768.439023,115,ALERT
683,1770750768.4622476,129,CRITICAL
684,1770750768.4865108,124,CRITICAL
685,1770750768.5048232,121,CRITICAL
686,1770750768.5281515,128,CRITICAL
687,1770750768.5534663,110,ALERT
688,1770750768.5755353,116,ALERT
689,1770750768.6008515,122,CRITICAL
690,1770750768.6265764,115,ALERT
691,1770750768.643782,117,ALERT
692,1770750768.6677601,116,ALERT
693,1770750768.6849744,122,CRITICAL
694,1770750768.712,123,CRITICAL
695,1770750768.7336957,124,CRITICAL
696,1770750768.755223,110,ALERT
697,1770750768.7776763,124,CRITICAL
698,1770750768.8013105,130,CRITICAL
699,1770750768.825902,114,ALERT
700,1770750768.8526235,123,CRITICAL
701,1770750768.8746796,120,ALERT
702,1770750768.8988504,111,ALERT
703,1770750768.9159887,110,ALERT
704,1770750768.942043,127,CRITICAL
705,1770750768.9644916,126,CRITICAL
706,1770750768.9817197,110,ALERT
707,1770750769.0002022,120,ALERT
708,1770750769.020611,112,ALERT
709,1770750769.0388248,110,ALERT
710,1770750769.060037,114,ALERT
711,1770750769.0839486,110,ALERT
712,1770750769.1049051,111,ALERT
713,1770750769.1242754,116,ALERT
714,1770750769.1504788,126,CRITICAL
715,1770750769.1727676,126,CRITICAL
716,1770750769.200632,121,CRITICAL
717,1770750769.2208564,117,ALERT
718,1770750769.245454,111,ALERT
719,1770750769.2684143,116,ALERT
720,1770750769.2928355,118,ALERT
721,1770750769.31472,119,ALERT
722,1770750769.3367558,110,ALERT
723,1770750769.3625116,112,ALERT
724,1770750769.3871636,121,CRITICAL
725,1770750769.4080386,119,ALERT
726,1770750769.4310422,113,ALERT
727,1770750769.4562728,130,CRITICAL
728,1770750769.4738073,130,CRITICAL
729,1770750769.495141,120,ALERT
730,1770750769.5149856,120,ALERT
731,1770750769.5350008,122,CRITICAL
732,1770750769.554548,127,CRITICAL
733,1770750769.5719066,125,CRITICAL
734,1770750769.591903,126,CRITICAL
735,1770750769.6098301,120,ALERT
736,1770750769.6322157,124,CRITICAL
737,1770750769.6559322,115,ALERT
738,1770750769.6787596,111,ALERT
739,1770750769.7056131,123,CRITICAL
740,1770750769.73063,116,ALERT
741,1770750769.7558534,116,ALERT
742,1770750769.7814188,128,CRITICAL
743,1770750769.8048296,117,ALERT
744,1770750769.8256001,125,CRITICAL
745,1770750769.8493948,129,CRITICAL
746,1770750769.8660688,111,ALERT
747,1770750769.8895905,123,CRITICAL
748,1770750769.919913,130,CRITICAL
749,1770750769.9465387,116,ALERT
750,1770750769.9716427,129,CRITICAL
751,1770750769.9968715,117,ALERT
752,1770750770.0151846,121,CRITICAL
753,1770750770.0374131,129,CRITICAL
754,1770750770.0651004,121,CRITICAL
755,1770750770.0802867,130,CRITICAL
756,1770750770.096233,111,ALERT
757,1770750770.1155517,130,CRITICAL
758,1770750770.1335514,123,CRITICAL
759,1770750770.1508925,127,CRITICAL
760,1770750770.1650684,116,ALERT
761,1770750770.1832912,111,ALERT
762,1770750770.20482,130,CRITICAL
763,1770750770.2261193,119,ALERT
764,1770750770.2505767,118,ALERT
765,1770750770.2795625,123,CRITICAL
766,1770750770.2997692,118,ALERT
767,1770750770.3256047,120,ALERT
768,1770750770.345731,121,CRITICAL
769,1770750770.3659685,112,ALERT
770,1770750770.387406,123,CRITICAL
771,1770750770.4145842,112,ALERT
772,1770750770.4375503,112,ALERT
773,1770750770.46044,129,CRITICAL
774,1770750770.4860063,112,ALERT
775,1770750770.510174,123,CRITICAL
776,1770750770.530877,112,ALERT
777,1770750770.5513391,119,ALERT
778,1770750770.571594,127,CRITICAL
779,1770750770.5955746,119,ALERT
780,1770750770.6190999,114,ALERT
781,1770750770.6443126,60,NORMAL
782,1770750770.658551,86,NORMAL
783,1770750770.680163,67,NORMAL
784,1770750770.7024124,77,NORMAL
785,1770750770.7239873,73,NORMAL
786,1770750770.7406082,76,NORMAL
787,1770750770.7593904,65,NORMAL
788,1770750770.7769973,71,NORMAL
789,1770750770.8007412,69,NORMAL
790,1770750770.8199966,76,NORMAL
791,1770750770.840062,80,NORMAL
792,1770750770.8658683,60,NORMAL
793,1770750770.8900888,72,NORMAL
794,1770750770.9117434,62,NORMAL
795,1770750770.9316268,89,NORMAL
796,1770750770.9522333,75,NORMAL
797,1770750770.9734826,73,NORMAL
798,1770750770.995132,62,NORMAL
799,1770750771.016971,90,NORMAL
800,1770750771.0408735,114,ALERT
801,1770750771.067514,128,CRITICAL
802,1770750771.095014,113,ALERT
803,1770750771.124896,115,ALERT
804,1770750771.149754,120,ALERT
805,1770750771.1754186,128,CRITICAL
806,1770750771.1927197,129,CRITICAL
807,1770750771.2138827,123,CRITICAL
808,1770750771.2277882,124,CRITICAL
809,1770750771.241163,120,ALERT
810,1770750771.2623954,113,ALERT
811,1770750771.284791,120,ALERT
812,1770750771.3023243,120,ALERT
813,1770750771.3228402,124,CRITICAL
814,1770750771.3440363,112,ALERT
815,1770750771.3619971,120,ALERT
816,1770750771.3837795,116,ALERT
817,1770750771.407395,130,CRITICAL
818,1770750771.4329193,127,CRITICAL
819,1770750771.453845,125,CRITICAL
820,1770750771.4784272,114,ALERT
821,1770750771.50562,122,CRITICAL
822,1770750771.528279,126,CRITICAL
823,1770750771.5487657,120,ALERT
824,1770750771.572624,129,CRITICAL
825,1770750771.5927932,118,ALERT
826,1770750771.6166785,125,CRITICAL
827,1770750771.6401,122,CRITICAL
828,1770750771.6608474,111,ALERT
829,1770750771.6830475,129,CRITICAL
830,1770750771.710137,123,CRITICAL
831,1770750771.7337058,120,ALERT
832,1770750771.7561455,111,ALERT
833,1770750771.7798524,118,ALERT
834,1770750771.7997766,127,CRITICAL
835,1770750771.8142304,128,CRITICAL
836,1770750771.833772,115,ALERT
837,1770750771.8552873,126,CRITICAL
838,1770750771.8725328,121,CRITICAL
839,1770750771.8916032,115,ALERT
840,1770750771.9082859,129,CRITICAL
841,1770750771.9276328,117,ALERT
842,1770750771.9470356,111,ALERT
843,1770750771.9688427,117,ALERT
844,1770750771.9888291,115,ALERT
845,1770750772.013568,122,CRITICAL
846,1770750772.0388465,110,ALERT
847,1770750772.063047,127,CRITICAL
848,1770750772.090808,114,ALERT
849,1770750772.11636,117,ALERT
850,1770750772.1442957,128,CRITICAL
851,1770750772.1743627,112,ALERT
852,1770750772.1951702,127,CRITICAL
853,1770750772.213919,114,ALERT
854,1770750772.236741,125,CRITICAL
855,1770750772.259822,122,CRITICAL
856,1770750772.2823882,119,ALERT
857,1770750772.3012798,116,ALERT
858,1770750772.323878,127,CRITICAL
859,1770750772.3512144,124,CRITICAL
860,1770750772.3748653,126,CRITICAL
861,1770750772.3888268,113,ALERT
862,1770750772.4048052,116,ALERT
863,1770750772.434222,121,CRITICAL
864,1770750772.4524853,128,CRITICAL
865,1770750772.4710355,114,ALERT
866,1770750772.4971714,117,ALERT
867,1770750772.5172966,111,ALERT
868,1770750772.5440495,124,CRITICAL
869,1770750772.5697267,119,ALERT
870,1770750772.5945823,116,ALERT
871,1770750772.6153252,117,ALERT
872,1770750772.6337106,129,CRITICAL
873,1770750772.658294,122,CRITICAL
874,1770750772.6781564,121,CRITICAL
875,1770750772.7048686,128,CRITICAL
876,1770750772.72402,121,CRITICAL
877,1770750770.2987552,120,ALERT
878,1770750770.323746,116,ALERT
879,1770750770.346588,116,ALERT
880,1770750770.3718781,114,ALERT
881,1770750770.3956933,130,CRITICAL
882,1770750770.4155502,115,ALERT
883,1770750770.4371789,129,CRITICAL
884,1770750770.4588819,129,CRITICAL
885,1770750770.4827185,121,CRITICAL
886,1770750770.4990532,111,ALERT
887,1770750770.5181715,127,CRITICAL
888,1770750770.5331461,119,ALERT
889,1770750770.5579152,116,ALERT
890,1770750770.5814288,122,CRITICAL
891,1770750770.5959828,113,ALERT
892,1770750770.6146374,124,CRITICAL
893,1770750770.6365793,128,CRITICAL
894,1770750770.6583998,115,ALERT
895,1770750770.679187,127,CRITICAL
896,1770750770.7075906,125,CRITICAL
897,1770750770.731745,120,ALERT
898,1770750770.7596543,115,ALERT
899,1770750770.7862027,119,ALERT
900,1770750770.8032587,110,ALERT
901,1770750770.826592,127,CRITICAL
902,1770750770.8491607,118,ALERT
903,1770750770.8735552,128,CRITICAL
904,1770750770.8983643,129,CRITICAL
905,1770750770.9223163,123,CRITICAL
906,1770750770.9407575,129,CRITICAL
907,1770750770.9685547,122,CRITICAL
908,1770750770.9928255,123,CRITICAL
909,1770750771.0175066,116,ALERT
910,1770750771.0454752,123,CRITICAL
911,1770750771.0649533,116,ALERT
912,1770750771.0809731,130,CRITICAL
913,1770750771.0982387,111,ALERT
914,1770750771.1215296,125,CRITICAL
915,1770750771.1402783,115,ALERT
916,1770750771.160196,127,CRITICAL
917,1770750771.1771388,118,ALERT
918,1770750771.1927578,121,CRITICAL
919,1770750771.2154467,117,ALERT
920,1770750771.2408533,124,CRITICAL
921,1770750771.2609072,119,ALERT
922,1770750771.285867,115,ALERT
923,1770750771.3060064,121,CRITICAL
924,1770750771.3326597,121,CRITICAL
925,1770750771.3589995,130,CRITICAL
926,1770750771.3837843,112,ALERT
927,1770750771.406084,125,CRITICAL
928,1770750771.4276292,122,CRITICAL
929,1770750771.4528139,115,ALERT
930,1770750771.4750504,120,ALERT
931,1770750771.4915283,130,CRITICAL
932,1770750771.517729,129,CRITICAL
933,1770750771.5411217,116,ALERT
934,1770750771.5625956,110,ALERT
935,1770750771.5854793,125,CRITICAL
936,1770750771.6009874,124,CRITICAL
937,1770750771.6199462,123,CRITICAL
938,1770750771.64221,127,CRITICAL
939,1770750771.6565216,112,ALERT
940,1770750771.6756046,121,CRITICAL
941,1770750771.695404,126,CRITICAL
942,1770750771.717596,124,CRITICAL
943,1770750771.7350824,130,CRITICAL
944,1770750771.7528286,124,CRITICAL
945,1770750771.7736292,119,ALERT
946,1770750771.7964332,119,ALERT
947,1770750771.819049,117,ALERT
948,1770750771.8455877,113,ALERT
949,1770750771.8653622,122,CRITICAL
950,1770750771.8883307,117,ALERT
951,1770750771.9135323,128,CRITICAL
952,1770750771.9381275,128,CRITICAL
953,1770750771.9622355,125,CRITICAL
954,1770750771.9856615,118,ALERT
955,1770750772.0112154,129,CRITICAL
956,1770750772.0314906,119,ALERT
957,1770750772.0558507,125,CRITICAL
958,1770750772.0791838,128,CRITICAL
959,1770750772.1002598,120,ALERT
960,1770750772.1221159,112,ALERT
961,1770750772.1405237,124,CRITICAL
962,1770750772.162977,130,CRITICAL
963,1770750772.188617,119,ALERT
964,1770750772.2164004,125,CRITICAL
965,1770750772.2420177,124,CRITICAL
966,1770750772.2687156,116,ALERT
967,1770750772.287488,118,ALERT
968,1770750772.3030663,118,ALERT
969,1770750772.3188453,115,ALERT
970,1770750772.3401508,112,ALERT
971,1770750772.3607905,114,ALERT
972,1770750772.3821862,127,CRITICAL
973,1770750772.402064,127,CRITICAL
974,1770750772.4266214,113,ALERT
975,1770750772.4482286,119,ALERT
976,1770750772.4729896,119,ALERT
977,1770750772.4943597,112,ALERT
978,1770750772.5148988,120,ALERT
979,1770750772.5394504,118,ALERT
980,1770750772.5650632,113,ALERT
981,1770750772.5845077,123,CRITICAL
982,1770750772.609452,120,ALERT
983,1770750772.6382103,130,CRITICAL
984,1770750772.66099,128,CRITICAL
985,1770750772.6829267,126,CRITICAL
986,1770750772.708123,128,CRITICAL
987,1770750772.7330604,124,CRITICAL
988,1770750772.7555528,117,ALERT
989,1770750772.777912,119,ALERT
990,1770750772.798846,118,ALERT
991,1770750772.820876,118,ALERT
992,1770750772.8398988,113,ALERT
993,1770750772.8582335,119,ALERT
994,1770750772.8799806,119,ALERT
995,1770750772.900756,117,ALERT
996,1770750772.9283442,123,CRITICAL
997,1770750772.9550266,129,CRITICAL
998,1770750772.974306,116,ALERT
999,1770750773.000341,114,ALERT
1000,1770750773.022156,122,CRITICAL
1001,1770750773.0404627,130,CRITICAL
1002,1770750773.0587144,126,CRITICAL
1003,1770750773.0781267,120,ALERT
1004,1770750773.1030228,113,ALERT
1005,1770750773.1279676,127,CRITICAL
1006,1770750773.1556754,130,CRITICAL
1007,1770750773.1811364,113,ALERT
1008,1770750773.2027931,121,CRITICAL
1009,1770750773.2287974,130,CRITICAL
1010,1770750773.2547548,120,ALERT
1011,1770750773.2838917,120,ALERT
1012,1770750773.308491,110,ALERT
1013,1770750773.330211,130,CRITICAL
1014,1770750773.3446617,123,CRITICAL
1015,1770750773.3663628,130,CRITICAL
1016,1770750773.3849432,112,ALERT
1017,1770750773.4030924,122,CRITICAL
1018,1770750773.4209962,112,ALERT
1019,1770750773.4414065,123,CRITICAL
1020,1770750773.4617078,111,ALERT
1021,1770750773.4889245,124,CRITICAL
1022,1770750773.512006,110,ALERT
1023,1770750773.5317028,118,ALERT
1024,1770750773.557749,110,ALERT
1025,1770750773.580257,129,CRITICAL
1026,1770750773.6028528,129,CRITICAL
1027,1770750773.630613,120,ALERT
1028,1770750773.6531906,123,CRITICAL
1029,1770750773.6769419,116,ALERT
1030,1770750773.6989703,118,ALERT
1031,1770750773.7263165,121,CRITICAL
1032,1770750773.752162,119,ALERT
1033,1770750773.778005,118,ALERT
1034,1770750773.8033369,113,ALERT
1035,1770750773.83132,119,ALERT
1036,1770750773.852584,116,ALERT
1037,1770750773.8728056,116,ALERT
1038,1770750773.8983662,111,ALERT
1039,1770750773.917691,115,ALERT
1040,1770750773.9414332,112,ALERT
1041,1770750773.9644723,119,ALERT
1042,1770750773.9866815,128,CRITICAL
1043,1770750774.004351,124,CRITICAL
1044,1770750774.0186744,130,CRITICAL
1045,1770750774.040409,111,ALERT
1046,1770750774.0596852,113,ALERT
1047,1770750774.0848927,126,CRITICAL
1048,1770750774.1078823,113,ALERT
1049,1770750774.1302657,122,CRITICAL
1050,1770750774.1520438,128,CRITICAL
1051,1770750774.176647,118,ALERT
1052,1770750774.2004826,110,ALERT
1053,1770750774.2199655,118,ALERT
1054,1770750774.2435575,117,ALERT
1055,1770750774.2618246,118,ALERT
1056,1770750774.2821543,117,ALERT
1057,1770750774.3069415,126,CRITICAL
1058,1770750774.3301947,119,ALERT
1059,1770750774.3519702,112,ALERT
1060,1770750774.371936,127,CRITICAL
1061,1770750774.3916037,116,ALERT
1062,1770750774.4168,115,ALERT
1063,1770750774.441695,121,CRITICAL
1064,1770750774.4664347,125,CRITICAL
1065,1770750774.4872198,117,ALERT
1066,1770750774.508128,112,ALERT
1067,1770750774.524819,118,ALERT
1068,1770750774.5499423,126,CRITICAL
1069,1770750774.568323,128,CRITICAL
1070,1770750774.587031,115,ALERT
1071,1770750774.6079903,116,ALERT
1072,1770750774.6302495,112,ALERT
1073,1770750774.6535275,119,ALERT
1074,1770750774.6755714,112,ALERT
1075,1770750774.6932192,120,ALERT
1076,1770750774.7146523,114,ALERT
1077,1770750774.7413392,130,CRITICAL
1078,1770750774.76318,118,ALERT
1079,1770750774.7852595,128,CRITICAL
1080,1770750774.8051,123,CRITICAL
1081,1770750774.8304272,129,CRITICAL
1082,1770750774.853003,119,ALERT
1083,1770750774.874313,121,CRITICAL
1084,1770750774.9001563,116,ALERT
1085,1770750774.918462,121,CRITICAL
1086,1770750774.9435463,111,ALERT
1087,1770750774.9654155,127,CRITICAL
1088,1770750774.9920616,129,CRITICAL
1089,1770750775.0117242,117,ALERT
1090,1770750775.0357413,116,ALERT
1091,1770750775.0655608,118,ALERT
1092,1770750775.0853941,111,ALERT
1093,1770750775.1078923,124,CRITICAL
1094,1770750775.1285996,116,ALERT
1095,1770750775.1462338,111,ALERT
1096,1770750775.1646369,130,CRITICAL
1097,1770750775.1903749,122,CRITICAL
1098,1770750775.2170758,111,ALERT
1099,1770750775.240866,113,ALERT
1100,1770750775.2639494,124,CRITICAL
1101,1770750775.2855275,130,CRITICAL
1102,1770750775.307076,121,CRITICAL
1103,1770750775.3312345,130,CRITICAL
1104,1770750775.3533673,111,ALERT
1105,1770750775.3702466,125,CRITICAL
1106,1770750775.3922994,127,CRITICAL
1107,1770750775.4154925,130,CRITICAL
1108,1770750775.442268,123,CRITICAL
1109,1770750775.4582686,125,CRITICAL
1110,1770750775.482297,130,CRITICAL
1111,1770750775.5074496,115,ALERT
1112,1770750775.52855,129,CRITICAL
1113,1770750775.5552006,127,CRITICAL
1114,1770750775.5788105,128,CRITICAL
1115,1770750775.5996675,113,ALERT
1116,1770750775.6173067,125,CRITICAL
1117,1770750775.6379716,126,CRITICAL
1118,1770750775.6536946,125,CRITICAL
1119,1770750775.673174,121,CRITICAL
1120,1770750775.693911,124,CRITICAL
1121,1770750775.710314,119,ALERT
1122,1770750775.7285252,113,ALERT
1123,1770750775.7488923,115,ALERT
1124,1770750775.7744057,124,CRITICAL
1125,1770750775.797532,121,CRITICAL
1126,1770750775.8232594,129,CRITICAL
1127,1770750775.842117,127,CRITICAL
1128,1770750775.865058,119,ALERT
1129,1770750775.8864226,128,CRITICAL
1130,1770750775.9132624,124,CRITICAL
1131,1770750775.9370139,114,ALERT
1132,1770750775.9640405,121,CRITICAL
1133,1770750775.9905233,127,CRITICAL
1134,1770750776.0104878,115,ALERT
1135,1770750776.0370262,117,ALERT
1136,1770750776.0581388,117,ALERT
1137,1770750776.0831268,77,NORMAL
1138,1770750776.102119,88,NORMAL
1139,1770750776.128546,69,NORMAL
1140,1770750776.1564121,78,NORMAL
1141,1770750776.1767125,75,NORMAL
1142,1770750776.1974602,88,NORMAL
1143,1770750776.2150438,63,NORMAL
1144,1770750776.2376857,63,NORMAL
1145,1770750776.25558,60,NORMAL
1146,1770750776.2762954,67,NORMAL
1147,1770750776.298448,75,NORMAL
1148,1770750776.3222814,67,NORMAL
1149,1770750776.3446274,71,NORMAL
1150,1770750776.3617055,73,NORMAL
1151,1770750776.3874822,81,NORMAL
1152,1770750776.4100182,87,NORMAL
1153,1770750776.4323575,82,NORMAL
1154,1770750776.457427,72,NORMAL
1155,1770750776.4770238,60,NORMAL
1156,1770750776.4998846,72,NORMAL
1157,1770750776.5249534,82,NORMAL
1158,1770750776.5487418,64,NORMAL
1159,1770750776.5681446,60,NORMAL
1160,1770750776.5876358,88,NORMAL
1161,1770750776.6123154,78,NORMAL
1162,1770750776.6401062,88,NORMAL
1163,1770750776.667445,77,NORMAL
1164,1770750776.6875904,89,NORMAL
1165,1770750776.7094755,71,NORMAL
1166,1770750776.7311616,64,NORMAL
1167,1770750776.7512202,82,NORMAL
1168,1770750776.772543,76,NORMAL
1169,1770750776.7954822,68,NORMAL
1170,1770750776.8189535,82,NORMAL
1171,1770750776.8442822,63,NORMAL
1172,1770750776.8694875,90,NORMAL
1173,1770750776.890048,73,NORMAL
1174,1770750776.9123707,90,NORMAL
1175,1770750776.9365988,70,NORMAL
1176,1770750776.958424,60,NORMAL
1177,1770750776.9813662,73,NORMAL
1178,1770750777.0062485,64,NORMAL
1179,1770750777.0278587,129,CRITICAL
1180,1770750777.054953,113,ALERT
1181,1770750777.0768442,118,ALERT
1182,1770750777.098373,127,CRITICAL
1183,1770750777.1222796,110,ALERT
1184,1770750777.1432245,116,ALERT
1185,1770750777.1662576,130,CRITICAL
1186,1770750777.187186,110,ALERT
1187,1770750777.2080088,123,CRITICAL
1188,1770750777.2326443,117,ALERT
1189,1770750777.258792,128,CRITICAL
1190,1770750777.2861605,111,ALERT
1191,1770750777.3102036,123,CRITICAL
1192,1770750777.331232,117,ALERT
1193,1770750777.3512514,130,CRITICAL
1194,1770750777.3703086,117,ALERT
1195,1770750777.3908377,119,ALERT
1196,1770750777.4060493,115,ALERT
1197,1770750777.4209416,124,CRITICAL
1198,1770750777.4412603,119,ALERT
1199,1770750777.4584615,117,ALERT
1200,1770750777.4846745,117,ALERT
1201,1770750777.512611,127,CRITICAL
1202,1770750777.5329406,110,ALERT
1203,1770750777.559711,112,ALERT
1204,1770750777.5866716,116,ALERT
1205,1770750777.6096737,128,CRITICAL
1206,1770750777.6311169,114,ALERT
1207,1770750777.6526206,116,ALERT
1208,1770750777.674853,117,ALERT
1209,1770750777.7005806,130,CRITICAL
1210,1770750777.7267315,120,ALERT
1211,1770750777.7497349,123,CRITICAL
1212,1770750777.768268,111,ALERT
1213,1770750777.789468,117,ALERT
1214,1770750777.811862,110,ALERT
1215,1770750777.8374944,128,CRITICAL
1216,1770750777.862666,129,CRITICAL
1217,1770750777.8859496,127,CRITICAL
1218,1770750777.9021661,124,CRITICAL
1219,1770750777.9208632,118,ALERT
1220,1770750777.9412363,122,CRITICAL
1221,1770750777.966415,129,CRITICAL
1222,1770750777.983964,112,ALERT
1223,1770750778.0004249,118,ALERT
1224,1770750778.0186555,126,CRITICAL
1225,1770750778.0397315,125,CRITICAL
1226,1770750778.0594306,116,ALERT
1227,1770750778.079462,111,ALERT
1228,1770750778.0979562,119,ALERT
1229,1770750778.1176286,128,CRITICAL
1230,1770750778.1367576,127,CRITICAL
1231,1770750778.1559005,130,CRITICAL
1232,1770750778.1781921,115,ALERT
1233,1770750778.20308,111,ALERT
1234,1770750778.2288013,118,ALERT
1235,1770750778.2506795,128,CRITICAL
1236,1770750778.2760158,128,CRITICAL
1237,1770750778.298289,117,ALERT
1238,1770750778.3220162,113,ALERT
1239,1770750778.345453,113,ALERT
1240,1770750778.371202,121,CRITICAL
1241,1770750778.3942564,121,CRITICAL
1242,1770750778.4196203,124,CRITICAL
1243,1770750778.4434853,125,CRITICAL
1244,1770750778.4665506,111,ALERT
1245,1770750778.4864495,113,ALERT
1246,1770750778.507818,125,CRITICAL
1247,1770750778.5270755,117,ALERT
1248,1770750778.5438654,117,ALERT
1249,1770750778.562267,117,ALERT
1250,1770750778.5868907,123,CRITICAL
1251,1770750778.6087599,126,CRITICAL
1252,1770750778.6290548,130,CRITICAL
1253,1770750778.6544654,113,ALERT
1254,1770750778.6828747,110,ALERT
1255,1770750778.7094994,118,ALERT
1256,1770750778.7332458,110,ALERT
1257,1770750778.7546248,112,ALERT
1258,1770750778.77696,125,CRITICAL
1259,1770750778.8009124,112,ALERT
1260,1770750778.8266342,121,CRITICAL
1261,1770750778.848023,128,CRITICAL
1262,1770750778.8650577,121,CRITICAL
1263,1770750778.8941138,118,ALERT
1264,1770750778.9217122,125,CRITICAL
1265,1770750778.946091,123,CRITICAL
1266,1770750778.9684916,117,ALERT
1267,1770750778.9913363,111,ALERT
1268,1770750779.0168574,113,ALERT
1269,1770750779.0480995,117,ALERT
1270,1770750779.0727403,110,ALERT
1271,1770750779.0934432,129,CRITICAL
1272,1770750779.108077,121,CRITICAL
1273,1770750779.1266136,128,CRITICAL
1274,1770750779.150022,112,ALERT
1275,1770750779.170842,129,CRITICAL
1276,1770750779.1913543,130,CRITICAL
1277,1770750779.2141533,114,ALERT
1278,1770750779.2340224,119,ALERT
1279,1770750779.2565608,117,ALERT
1280,1770750779.283195,120,ALERT
1281,1770750779.304399,119,ALERT
1282,1770750779.3264167,110,ALERT
1283,1770750779.344799,121,CRITICAL
1284,1770750779.3703463,130,CRITICAL
1285,1770750779.3940773,123,CRITICAL
1286,1770750779.4215436,126,CRITICAL
1287,1770750779.4500687,122,CRITICAL
1288,1770750779.4730694,116,ALERT
1289,1770750779.4941652,113,ALERT
1290,1770750779.5201015,128,CRITICAL
1291,1770750779.5432591,112,ALERT
1292,1770750779.5677648,130,CRITICAL
1293,1770750779.5908306,129,CRITICAL
1294,1770750779.6142797,118,ALERT
1295,1770750779.6303332,112,ALERT
1296,1770750779.6500146,126,CRITICAL
1297,1770750779.6662107,122,CRITICAL
1298,1770750779.6814063,113,ALERT
1299,1770750779.7014437,126,CRITICAL
1300,1770750779.7211416,111,ALERT
1301,1770750779.745896,113,ALERT
1302,1770750779.7669249,114,ALERT
1303,1770750779.7909446,123,CRITICAL
1304,1770750779.812533,124,CRITICAL
1305,1770750779.8323636,119,ALERT
1306,1770750779.854257,116,ALERT
1307,1770750779.8778732,130,CRITICAL
1308,1770750779.90256,124,CRITICAL
1309,1770750779.924719,115,ALERT
1310,1770750779.941753,120,ALERT
1311,1770750779.9663825,113,ALERT
1312,1770750779.9930098,119,ALERT
1313,1770750780.0148804,111,ALERT
1314,1770750780.0408256,130,CRITICAL
1315,1770750780.0599113,127,CRITICAL
1316,1770750780.0844011,118,ALERT
1317,1770750780.1044006,128,CRITICAL
1318,1770750780.1331804,127,CRITICAL
1319,1770750780.1576138,122,CRITICAL
1320,1770750780.1782012,116,ALERT
1321,1770750780.1929145,122,CRITICAL
1322,1770750780.2109525,121,CRITICAL
1323,1770750780.2296762,112,ALERT
1324,1770750780.2460377,129,CRITICAL
1325,1770750780.2621388,125,CRITICAL
1326,1770750780.2871444,126,CRITICAL
1327,1770750780.3149607,111,ALERT
1328,1770750780.341546,119,ALERT
1329,1770750780.3627813,126,CRITICAL
1330,1770750780.3821793,130,CRITICAL
1331,1770750780.4044268,114,ALERT
1332,1770750780.4292777,117,ALERT
1333,1770750780.4536064,127,CRITICAL
1334,1770750780.4828446,126,CRITICAL
1335,1770750780.504792,117,ALERT
1336,1770750780.5302238,126,CRITICAL
1337,1770750780.5571768,128,CRITICAL
1338,1770750780.5857687,124,CRITICAL
1339,1770750780.611013,127,CRITICAL
1340,1770750780.636196,111,ALERT
1341,1770750780.6563993,112,ALERT
1342,1770750780.6760964,112,ALERT
1343,1770750780.699494,116,ALERT
1344,1770750780.7204306,129,CRITICAL
1345,1770750780.741842,111,ALERT
1346,1770750780.7609727,127,CRITICAL
1347,1770750780.7746384,116,ALERT
1348,1770750780.7944374,123,CRITICAL
1349,1770750780.8172786,130,CRITICAL
1350,1770750780.8356574,130,CRITICAL
1351,1770750780.8581889,127,CRITICAL
1352,1770750780.8808045,121,CRITICAL
1353,1770750780.8995595,120,ALERT
1354,1770750780.9246314,125,CRITICAL
1355,1770750780.9469702,115,ALERT
1356,1770750780.9692104,116,ALERT
1357,1770750780.9911063,114,ALERT
1358,1770750781.0147083,116,ALERT
1359,1770750781.0398471,110,ALERT
1360,1770750781.059908,112,ALERT
1361,1770750781.0801563,130,CRITICAL
1362,1770750781.1040742,112,ALERT
1363,1770750781.1287014,110,ALERT
1364,1770750781.1497164,130,CRITICAL
1365,1770750781.1732008,122,CRITICAL
1366,1770750781.1955054,126,CRITICAL
1367,1770750781.2187707,120,ALERT
1368,1770750781.2362823,114,ALERT
1369,1770750781.2598085,125,CRITICAL
1370,1770750781.2831185,113,ALERT
1371,1770750781.3088243,120,ALERT
1372,1770750781.3296328,128,CRITICAL
1373,1770750781.345459,115,ALERT
1374,1770750781.3666377,120,ALERT
1375,1770750781.3861136,114,ALERT
1376,1770750781.415906,121,CRITICAL
1,1770751151.0558465,85,NORMAL
2,1770751151.0699427,77,NORMAL
3,1770751151.100423,69,NORMAL
4,1770751151.1254294,66,NORMAL
5,1770751151.1503131,82,NORMAL
6,1770751151.1783867,75,NORMAL
7,1770751151.2036855,79,NORMAL
8,1770751151.231616,60,NORMAL
9,1770751151.258966,67,NORMAL
10,1770751151.2852728,71,NORMAL
11,1770751151.3135815,73,NORMAL
12,1770751151.3353891,90,NORMAL
13,1770751151.3602958,127,CRITICAL
14,1770751151.3846016,117,ALERT
15,1770751151.4067485,129,CRITICAL
16,1770751151.4335194,112,ALERT
17,1770751151.4610445,124,CRITICAL
18,1770751151.48931,129,CRITICAL
19,1770751151.5183256,113,ALERT
20,1770751151.5445468,126,CRITICAL
21,1770751151.5797255,116,ALERT
22,1770751151.6115668,113,ALERT
23,1770751151.6364558,127,CRITICAL
24,1770751151.660701,117,ALERT
25,1770751151.685956,129,CRITICAL
26,1770751151.7119534,114,ALERT
27,1770751151.734344,127,CRITICAL
28,1770751151.7556791,128,CRITICAL
29,1770751151.781296,127,CRITICAL
30,1770751151.8075132,115,ALERT
31,1770751151.831173,112,ALERT
32,1770751151.8568234,125,CRITICAL
33,1770751151.8826687,125,CRITICAL
34,1770751151.9121022,112,ALERT
35,1770751151.9372716,110,ALERT
36,1770751151.961549,121,CRITICAL
37,1770751151.987775,124,CRITICAL
38,1770751152.0151014,126,CRITICAL
39,1770751152.0402029,128,CRITICAL
40,1770751152.064914,126,CRITICAL
41,1770751152.0896215,112,ALERT
42,1770751152.1142492,118,ALERT
43,1770751152.1408932,115,ALERT
44,1770751152.1677318,127,CRITICAL
45,1770751152.181744,112,ALERT
46,1770751152.2085588,121,CRITICAL
47,1770751152.2296975,110,ALERT
48,1770751152.2587366,110,ALERT
49,1770751152.2790241,121,CRITICAL
50,1770751152.3054254,123,CRITICAL
51,1770751152.331716,126,CRITICAL
52,1770751152.3593318,129,CRITICAL
53,1770751152.3814712,117,ALERT
54,1770751152.408336,120,ALERT
55,1770751152.4312289,112,ALERT
56,1770751152.4571366,118,ALERT
57,1770751152.4804008,115,ALERT
58,1770751152.5056605,120,ALERT
59,1770751152.5309184,117,ALERT
60,1770751152.5573964,121,CRITICAL
61,1770751152.58478,113,ALERT
62,1770751152.6055627,123,CRITICAL
63,1770751152.6332588,113,ALERT
64,1770751152.6603515,125,CRITICAL
65,1770751152.6878085,128,CRITICAL
66,1770751152.71379,119,ALERT
67,1770751152.7352233,126,CRITICAL
68,1770751152.7616599,113,ALERT
69,1770751152.7825506,128,CRITICAL
70,1770751152.807549,122,CRITICAL
71,1770751152.830799,119,ALERT
72,1770751152.849644,113,ALERT
73,1770751152.8757904,111,ALERT
74,1770751152.9058118,117,ALERT
75,1770751152.9331446,118,ALERT
76,1770751152.9632814,116,ALERT
77,1770751152.989328,111,ALERT
78,1770751153.0121112,128,CRITICAL
79,1770751153.0390558,111,ALERT
80,1770751153.0648425,127,CRITICAL
81,1770751153.091036,124,CRITICAL
82,1770751153.1175678,127,CRITICAL
83,1770751153.1385245,129,CRITICAL
84,1770751153.16437,117,ALERT
85,1770751153.1892884,116,ALERT
86,1770751153.2145581,115,ALERT
87,1770751153.2406304,111,ALERT
88,1770751153.2665439,115,ALERT
89,1770751153.289257,126,CRITICAL
90,1770751153.311022,130,CRITICAL
91,1770751153.3374934,115,ALERT
92,1770751153.359106,111,ALERT
93,1770751153.3844006,114,ALERT
94,1770751153.4096515,116,ALERT
95,1770751153.439355,115,ALERT
96,1770751153.4626558,126,CRITICAL
97,1770751153.485458,120,ALERT
98,1770751153.5114598,113,ALERT
99,1770751153.538624,110,ALERT
100,1770751153.5669446,114,ALERT
101,1770751153.5936935,118,ALERT
102,1770751153.6232572,116,ALERT
103,1770751153.6495867,120,ALERT
104,1770751153.6793036,113,ALERT
105,1770751153.699698,124,CRITICAL
106,1770751153.7289114,110,ALERT
107,1770751153.759114,123,CRITICAL
108,1770751153.7856176,124,CRITICAL
109,1770751153.8102531,113,ALERT
110,1770751153.8288403,125,CRITICAL
111,1770751153.8536115,130,CRITICAL
112,1770751153.8735502,125,CRITICAL
113,1770751153.9010682,111,ALERT
114,1770751153.9268024,117,ALERT
115,1770751153.950817,124,CRITICAL
116,1770751153.9791415,126,CRITICAL
117,1770751153.9976025,118,ALERT
118,1770751154.023457,113,ALERT
119,1770751154.0512874,123,CRITICAL
120,1770751154.0806437,122,CRITICAL
121,1770751154.1043491,113,ALERT
122,1770751154.125338,113,ALERT
123,1770751154.1503077,117,ALERT
124,1770751154.1774547,114,ALERT
125,1770751154.2065198,110,ALERT
126,1770751154.2366352,113,ALERT
127,1770751154.263991,128,CRITICAL
128,1770751154.294119,122,CRITICAL
129,1770751154.3213768,113,ALERT
130,1770751154.3461459,114,ALERT
131,1770751154.3751354,111,ALERT
132,1770751154.3929708,126,CRITICAL
133,1770751154.421604,118,ALERT
134,1770751154.4505398,118,ALERT
135,1770751154.4731033,119,ALERT
136,1770751154.4970164,127,CRITICAL
137,1770751154.5204513,111,ALERT
138,1770751154.5429816,120,ALERT
139,1770751154.563224,113,ALERT
140,1770751154.5847347,115,ALERT
141,1770751154.6062438,114,ALERT
142,1770751154.6278045,112,ALERT
143,1770751154.6497254,125,CRITICAL
144,1770751154.6727197,116,ALERT
145,1770751154.6951163,118,ALERT
146,1770751154.7187755,117,ALERT
147,1770751154.7466223,113,ALERT
148,1770751154.7693052,127,CRITICAL
149,1770751154.7903044,124,CRITICAL
150,1770751154.816015,116,ALERT
151,1770751154.8392565,115,ALERT
152,1770751154.8614035,117,ALERT
153,1770751154.882949,113,ALERT
154,1770751154.9046602,122,CRITICAL
155,1770751154.9288793,115,ALERT
156,1770751154.9490097,110,ALERT
157,1770751154.9735348,124,CRITICAL
158,1770751154.9892921,117,ALERT
159,1770751155.0148048,126,CRITICAL
160,1770751155.0335877,126,CRITICAL
161,1770751155.0569797,110,ALERT
162,1770751155.0807557,124,CRITICAL
163,1770751155.1041257,121,CRITICAL
164,1770751155.1292884,129,CRITICAL
165,1770751155.1521199,119,ALERT
166,1770751155.1760483,129,CRITICAL
167,1770751155.2012725,126,CRITICAL
168,1770751155.225549,123,CRITICAL
169,1770751155.2509334,127,CRITICAL
170,1770751155.2758648,112,ALERT
171,1770751155.3009937,126,CRITICAL
172,1770751155.3261096,130,CRITICAL
173,1770751155.3517256,120,ALERT
174,1770751155.3771079,122,CRITICAL
175,1770751155.4024017,128,CRITICAL
176,1770751155.425071,116,ALERT
177,1770751155.4508944,113,ALERT
178,1770751155.4773018,117,ALERT
179,1770751155.5029395,122,CRITICAL
180,1770751155.5274782,117,ALERT
181,1770751155.5494359,120,ALERT
182,1770751155.5739093,129,CRITICAL
183,1770751155.5965471,127,CRITICAL
184,1770751155.6215825,115,ALERT
185,1770751155.6451094,119,ALERT
186,1770751155.6672826,129,CRITICAL
187,1770751155.692211,122,CRITICAL
188,1770751155.7171235,110,ALERT
189,1770751155.739674,122,CRITICAL
190,1770751155.7664683,126,CRITICAL
191,1770751155.7913795,120,ALERT
192,1770751155.8198974,117,ALERT
193,1770751155.8444064,128,CRITICAL
194,1770751155.8696232,119,ALERT
195,1770751155.8966966,123,CRITICAL
196,1770751155.9221473,126,CRITICAL
197,1770751155.9479694,118,ALERT
198,1770751155.96332,114,ALERT
1,1770751279.2872198,87,NORMAL
2,1770751279.3017626,72,NORMAL
3,1770751279.3248687,67,NORMAL
4,1770751279.3475444,76,NORMAL
5,1770751279.3690965,74,NORMAL
6,1770751279.3902853,82,NORMAL
7,1770751279.4138162,82,NORMAL
8,1770751279.4377255,81,NORMAL
9,1770751279.459888,129,CRITICAL
10,1770751279.48178,119,ALERT
11,1770751279.5050755,120,ALERT
12,1770751279.5270503,130,CRITICAL
13,1770751279.5439677,116,ALERT
14,1770751279.5642385,117,ALERT
15,1770751279.5898094,122,CRITICAL
16,1770751279.6126032,111,ALERT
17,1770751279.6337833,119,ALERT
18,1770751279.6542747,119,ALERT
19,1770751277.2171392,127,CRITICAL
20,1770751277.2392519,121,CRITICAL
21,1770751277.258232,127,CRITICAL
22,1770751277.2782443,120,ALERT
23,1770751277.3046522,110,ALERT
24,1770751277.3271449,118,ALERT
25,1770751277.3518696,119,ALERT
26,1770751277.3782701,118,ALERT
27,1770751277.3974497,111,ALERT
28,1770751277.4199896,112,ALERT
29,1770751277.4410598,119,ALERT
30,1770751277.4656403,112,ALERT
31,1770751277.4904253,121,CRITICAL
32,1770751277.5181124,110,ALERT
33,1770751277.5395691,110,ALERT
34,1770751277.5614195,111,ALERT
35,1770751277.5819345,110,ALERT
36,1770751277.6050906,110,ALERT
37,1770751277.628924,116,ALERT
38,1770751277.6515174,125,CRITICAL
39,1770751277.6745849,113,ALERT
40,1770751277.6947038,123,CRITICAL
41,1770751277.7172534,119,ALERT
42,1770751277.7378862,127,CRITICAL
43,1770751277.7608032,120,ALERT
44,1770751277.7824547,114,ALERT
45,1770751277.8058517,118,ALERT
46,1770751277.8222501,111,ALERT
47,1770751277.843544,123,CRITICAL
48,1770751277.8641267,118,ALERT
49,1770751277.8870864,123,CRITICAL
50,1770751277.9092739,112,ALERT
51,1770751277.933623,111,ALERT
52,1770751277.955462,110,ALERT
53,1770751277.9770944,128,CRITICAL
54,1770751277.9984102,121,CRITICAL
55,1770751278.0207257,112,ALERT
56,1770751278.0386953,118,ALERT
57,1770751278.061645,112,ALERT
58,1770751278.080892,121,CRITICAL
59,1770751278.102808,129,CRITICAL
60,1770751278.1258025,116,ALERT
61,1770751278.148815,112,ALERT
62,1770751278.171414,129,CRITICAL
63,1770751278.1934297,110,ALERT
64,1770751278.2146513,127,CRITICAL
65,1770751278.2342641,123,CRITICAL
66,1770751278.2574844,124,CRITICAL
67,1770751278.2775667,120,ALERT
68,1770751278.3003783,119,ALERT
69,1770751278.3230395,122,CRITICAL
70,1770751278.3434758,120,ALERT
71,1770751278.3689716,129,CRITICAL
72,1770751278.3933473,128,CRITICAL
73,1770751278.4121566,111,ALERT
74,1770751278.4354694,115,ALERT
75,1770751278.4582818,116,ALERT
76,1770751278.4800916,129,CRITICAL
77,1770751278.50578,123,CRITICAL
78,1770751278.52881,128,CRITICAL
79,1770751278.5533473,124,CRITICAL
80,1770751278.5734816,124,CRITICAL
81,1770751278.598619,129,CRITICAL
82,1770751278.618916,113,ALERT
83,1770751278.6441696,122,CRITICAL
84,1770751278.6671596,119,ALERT
85,1770751278.6887167,127,CRITICAL
86,1770751278.7098114,110,ALERT
87,1770751278.726373,111,ALERT
88,1770751278.750335,125,CRITICAL
89,1770751278.7742863,114,ALERT
90,1770751278.795885,128,CRITICAL
91,1770751278.8206806,117,ALERT
92,1770751278.8484766,125,CRITICAL
93,1770751278.8758414,130,CRITICAL
94,1770751278.9017735,122,CRITICAL
95,1770751278.9213872,113,ALERT
96,1770751278.9463797,125,CRITICAL
97,1770751278.967412,111,ALERT
98,1770751278.9909601,122,CRITICAL
99,1770751279.0148764,126,CRITICAL
100,1770751279.0399327,116,ALERT
101,1770751279.0580058,126,CRITICAL
102,1770751279.0833874,120,ALERT
103,1770751279.1064792,129,CRITICAL
104,1770751279.1276453,127,CRITICAL
105,1770751279.1497753,119,ALERT
106,1770751279.179408,114,ALERT
107,1770751279.198744,129,CRITICAL
108,1770751279.2235599,122,CRITICAL
109,1770751279.2478876,110,ALERT
110,1770751279.2716143,122,CRITICAL
111,1770751279.296341,113,ALERT
112,1770751279.3198588,128,CRITICAL
113,1770751279.3511012,123,CRITICAL
114,1770751279.3738782,126,CRITICAL
115,1770751279.3953602,118,ALERT
116,1770751279.4159193,125,CRITICAL
117,1770751279.438069,125,CRITICAL
118,1770751279.4962347,126,CRITICAL
119,1770751279.5200653,126,CRITICAL
120,1770751279.5414526,110,ALERT
121,1770751279.559218,119,ALERT
122,1770751279.5840871,113,ALERT
123,1770751279.6080034,119,ALERT
124,1770751279.6379538,123,CRITICAL
125,1770751279.6556396,128,CRITICAL
126,1770751279.6782727,126,CRITICAL
127,1770751279.6985364,113,ALERT
128,1770751279.7232153,126,CRITICAL
129,1770751279.744913,118,ALERT
130,1770751279.7661297,114,ALERT
131,1770751279.7892776,110,ALERT
132,1770751279.8077571,127,CRITICAL
133,1770751279.830027,125,CRITICAL
134,1770751279.8520598,117,ALERT
135,1770751279.8740087,118,ALERT
136,1770751279.9033947,124,CRITICAL
137,1770751279.9342942,124,CRITICAL
138,1770751279.9578052,113,ALERT
139,1770751279.9815023,116,ALERT
140,1770751280.0021605,113,ALERT
141,1770751280.023259,118,ALERT
142,1770751280.0463078,123,CRITICAL
143,1770751280.0662928,111,ALERT
144,1770751280.085757,111,ALERT
145,1770751280.103087,127,CRITICAL
146,1770751280.1203823,121,CRITICAL
147,1770751280.1411376,129,CRITICAL
148,1770751280.1623683,111,ALERT
149,1770751280.1825774,110,ALERT
150,1770751280.206803,126,CRITICAL
151,1770751280.2322524,115,ALERT
152,1770751280.2545466,129,CRITICAL
153,1770751280.2771661,119,ALERT
154,1770751280.2993858,118,ALERT
155,1770751280.3222837,110,ALERT
156,1770751280.3467228,110,ALERT
157,1770751280.3703105,121,CRITICAL
158,1770751280.3914669,126,CRITICAL
159,1770751280.4169161,117,ALERT
160,1770751280.4376101,128,CRITICAL
161,1770751280.4584076,110,ALERT
162,1770751280.4862747,130,CRITICAL
163,1770751280.5059159,129,CRITICAL
164,1770751280.5262883,110,ALERT
165,1770751280.5456018,119,ALERT
166,1770751280.5664916,125,CRITICAL
167,1770751280.5931885,126,CRITICAL
168,1770751280.6169095,122,CRITICAL
169,1770751280.6381905,115,ALERT
170,1770751280.6581476,122,CRITICAL
171,1770751280.6848104,115,ALERT
172,1770751280.7039905,113,ALERT
173,1770751280.7267394,125,CRITICAL
174,1770751280.7498777,126,CRITICAL
175,1770751280.7717113,129,CRITICAL
176,1770751280.7969165,119,ALERT
177,1770751280.818909,114,ALERT
178,1770751280.8446672,115,ALERT
179,1770751280.872724,123,CRITICAL
180,1770751280.8929567,116,ALERT
181,1770751280.9130685,125,CRITICAL
182,1770751280.9366043,118,ALERT
183,1770751280.9582522,123,CRITICAL
184,1770751280.982854,120,ALERT
185,1770751281.0063653,112,ALERT
186,1770751281.0295455,118,ALERT
187,1770751281.053035,112,ALERT
188,1770751281.0793285,122,CRITICAL
189,1770751281.1022737,127,CRITICAL
190,1770751281.1250968,123,CRITICAL
191,1770751281.1481333,115,ALERT
192,1770751281.1656725,130,CRITICAL
193,1770751281.1854868,121,CRITICAL
194,1770751281.2101898,111,ALERT
195,1770751281.2321641,121,CRITICAL
196,1770751281.2540994,124,CRITICAL
197,1770751281.2859893,127,CRITICAL
198,1770751281.3101044,126,CRITICAL
199,1770751281.3324578,114,ALERT
200,1770751281.3533373,117,ALERT
201,1770751281.3742049,111,ALERT
202,1770751281.3942087,116,ALERT
203,1770751281.418368,127,CRITICAL
204,1770751281.4415243,110,ALERT
205,1770751281.4645665,117,ALERT
206,1770751281.483349,116,ALERT
207,1770751281.5031545,126,CRITICAL
208,1770751281.5259979,111,ALERT
209,1770751281.5446675,111,ALERT
210,1770751281.5662336,118,ALERT
211,1770751281.588903,125,CRITICAL
212,1770751281.6097548,128,CRITICAL
213,1770751281.6281683,117,ALERT
214,1770751281.6582577,127,CRITICAL
215,1770751281.6783211,126,CRITICAL
216,1770751281.6987467,124,CRITICAL
217,1770751281.7189436,112,ALERT
218,1770751281.7388086,129,CRITICAL
219,1770751281.7585688,126,CRITICAL
220,1770751281.7818,117,ALERT
221,1770751281.8041072,129,CRITICAL
222,1770751281.8263614,123,CRITICAL
223,1770751281.846574,114,ALERT
224,1770751281.8690615,128,CRITICAL
225,1770751281.892615,120,ALERT
226,1770751281.9208345,125,CRITICAL
227,1770751281.945174,128,CRITICAL
228,1770751281.970973,122,CRITICAL
229,1770751281.9999394,114,ALERT
230,1770751282.022314,129,CRITICAL
231,1770751282.0450094,113,ALERT
232,1770751282.0660121,121,CRITICAL
233,1770751282.0916119,130,CRITICAL
234,1770751282.1158395,115,ALERT
235,1770751282.138243,120,ALERT
236,1770751282.165336,117,ALERT
237,1770751282.189941,126,CRITICAL
238,1770751282.2182393,119,ALERT
239,1770751282.240416,126,CRITICAL
240,1770751282.2619433,112,ALERT
241,1770751282.2888012,128,CRITICAL
242,1770751282.316754,122,CRITICAL
243,1770751282.3388207,122,CRITICAL
244,1770751282.35825,127,CRITICAL
245,1770751282.3793225,111,ALERT
246,1770751282.4019134,121,CRITICAL
247,1770751282.4250047,122,CRITICAL
248,1770751282.4503212,111,ALERT
249,1770751282.4742932,126,CRITICAL
250,1770751282.4982443,110,ALERT
251,1770751282.5195253,114,ALERT
252,1770751282.543644,129,CRITICAL
253,1770751282.5689652,122,CRITICAL
254,1770751282.5959396,121,CRITICAL
255,1770751282.620229,110,ALERT
256,1770751282.6463993,116,ALERT
257,1770751282.670419,126,CRITICAL
258,1770751282.688583,115,ALERT
259,1770751282.7091947,120,ALERT
260,1770751282.7323067,116,ALERT
261,1770751282.7564518,119,ALERT
262,1770751282.7768307,120,ALERT
263,1770751282.79727,122,CRITICAL
264,1770751282.8218691,112,ALERT
265,1770751282.8412063,126,CRITICAL
266,1770751282.8651254,123,CRITICAL
267,1770751282.8857396,123,CRITICAL
268,1770751282.910044,117,ALERT
269,1770751282.929947,116,ALERT
270,1770751282.9514925,127,CRITICAL
271,1770751282.9754205,113,ALERT
272,1770751282.9993527,113,ALERT
273,1770751283.0211537,118,ALERT
274,1770751283.0416982,122,CRITICAL
275,1770751283.0636373,128,CRITICAL
276,1770751283.0856197,129,CRITICAL
277,1770751283.1054077,114,ALERT
278,1770751283.1276433,110,ALERT
279,1770751283.1531444,130,CRITICAL
280,1770751283.178349,113,ALERT
281,1770751283.2030005,117,ALERT
282,1770751283.226374,120,ALERT
283,1770751283.2509933,124,CRITICAL
284,1770751283.2743587,113,ALERT
285,1770751283.2981913,111,ALERT
286,1770751283.322178,123,CRITICAL
287,1770751283.3440108,123,CRITICAL
288,1770751283.36289,110,ALERT
289,1770751283.3814647,113,ALERT
290,1770751283.402121,127,CRITICAL
291,1770751283.4260888,123,CRITICAL
292,1770751283.4502656,125,CRITICAL
293,1770751283.4826791,119,ALERT
294,1770751283.5063002,117,ALERT
295,1770751283.528418,122,CRITICAL
296,1770751283.556833,121,CRITICAL
297,1770751283.5822785,114,ALERT
298,1770751283.6073098,110,ALERT
299,1770751283.6333182,125,CRITICAL
300,1770751283.6618009,110,ALERT
301,1770751283.6850533,127,CRITICAL
302,1770751283.7099051,112,ALERT
303,1770751283.7335505,122,CRITICAL
304,1770751283.7571359,123,CRITICAL
305,1770751283.7800605,126,CRITICAL
306,1770751283.8047202,127,CRITICAL
307,1770751283.8320563,120,ALERT
308,1770751283.86216,119,ALERT
309,1770751283.8833606,118,ALERT
310,1770751283.905484,124,CRITICAL
311,1770751283.9275093,128,CRITICAL
312,1770751283.9472947,118,ALERT
313,1770751283.969532,118,ALERT
314,1770751283.9944305,115,ALERT
315,1770751284.0234637,130,CRITICAL
316,1770751284.043065,110,ALERT
317,1770751284.0617146,121,CRITICAL
318,1770751284.0783358,125,CRITICAL
319,1770751284.1091042,128,CRITICAL
320,1770751284.1350472,114,ALERT
321,1770751284.1597366,111,ALERT
322,1770751284.184001,123,CRITICAL
323,1770751284.2141964,117,ALERT
324,1770751284.2375698,110,ALERT
325,1770751284.2573957,117,ALERT
326,1770751284.2802997,115,ALERT
327,1770751284.3002148,125,CRITICAL
328,1770751284.3246486,123,CRITICAL
329,1770751284.3481047,114,ALERT
330,1770751284.3742101,129,CRITICAL
331,1770751284.3942208,129,CRITICAL
332,1770751284.4189537,113,ALERT
333,1770751284.4449368,127,CRITICAL
334,1770751284.4672449,130,CRITICAL
335,1770751284.48761,86,NORMAL
336,1770751284.510251,76,NORMAL
337,1770751284.5340912,61,NORMAL
338,1770751284.5629544,61,NORMAL
339,1770751284.5895498,65,NORMAL
340,1770751284.6146214,90,NORMAL
341,1770751284.6384187,68,NORMAL
342,1770751284.6630576,73,NORMAL
343,1770751284.68637,61,NORMAL
344,1770751284.7096784,77,NORMAL
345,1770751284.735244,88,NORMAL
346,1770751284.758152,85,NORMAL
347,1770751284.781834,80,NORMAL
348,1770751284.8075252,79,NORMAL
349,1770751284.8302784,83,NORMAL
350,1770751284.8479211,87,NORMAL
351,1770751284.8714483,88,NORMAL
352,1770751284.8933566,85,NORMAL
353,1770751284.9137409,88,NORMAL
354,1770751284.937431,75,NORMAL
355,1770751284.9583266,75,NORMAL
356,1770751284.9734871,82,NORMAL
357,1770751284.994216,81,NORMAL
358,1770751285.014177,80,NORMAL
359,1770751285.0376813,69,NORMAL
360,1770751285.0633147,76,NORMAL
361,1770751285.0957897,83,NORMAL
362,1770751285.1140044,72,NORMAL
363,1770751285.1348495,64,NORMAL
364,1770751285.156858,61,NORMAL
365,1770751285.1852105,64,NORMAL
366,1770751285.2103133,80,NORMAL
367,1770751285.2303295,87,NORMAL
368,1770751285.2524817,64,NORMAL
369,1770751285.2735417,78,NORMAL
370,1770751285.2971096,74,NORMAL
371,1770751285.3220434,70,NORMAL
372,1770751285.3462381,85,NORMAL
373,1770751285.3636146,78,NORMAL
374,1770751285.3839507,84,NORMAL
375,1770751285.4104311,60,NORMAL
376,1770751285.4344468,73,NORMAL
377,1770751285.4560208,63,NORMAL
378,1770751285.4855661,88,NORMAL
379,1770751285.5108092,64,NORMAL
380,1770751285.534314,71,NORMAL
381,1770751285.5508628,65,NORMAL
382,1770751285.5704184,61,NORMAL
383,1770751285.5899916,85,NORMAL
384,1770751285.6102927,63,NORMAL
385,1770751285.63179,72,NORMAL
386,1770751285.654982,87,NORMAL
387,1770751285.6833825,77,NORMAL
388,1770751285.7085164,70,NORMAL
389,1770751285.7303553,122,CRITICAL
390,1770751285.75433,124,CRITICAL
391,1770751285.7778106,127,CRITICAL
392,1770751285.8014448,126,CRITICAL
393,1770751285.8195913,115,ALERT
394,1770751285.8629222,110,ALERT
395,1770751285.8813186,120,ALERT
396,1770751285.9024315,124,CRITICAL
397,1770751285.9263,110,ALERT
398,1770751285.9456942,127,CRITICAL
399,1770751285.9662416,115,ALERT
400,1770751285.990199,125,CRITICAL
401,1770751286.0116982,117,ALERT
402,1770751286.0362792,117,ALERT
403,1770751286.0589998,111,ALERT
404,1770751286.0786462,126,CRITICAL
405,1770751286.1031592,130,CRITICAL
406,1770751286.1264284,112,ALERT
407,1770751286.1464386,115,ALERT
408,1770751286.168942,127,CRITICAL
409,1770751286.194012,126,CRITICAL
410,1770751286.2173848,111,ALERT
411,1770751286.2422166,129,CRITICAL
412,1770751286.262297,123,CRITICAL
413,1770751286.2809448,123,CRITICAL
414,1770751286.3043213,112,ALERT
415,1770751286.33042,130,CRITICAL
416,1770751286.3504717,111,ALERT
417,1770751286.3762145,130,CRITICAL
418,1770751286.4045937,130,CRITICAL
419,1770751286.4329283,129,CRITICAL
420,1770751286.4556463,112,ALERT
421,1770751286.4783618,126,CRITICAL
422,1770751286.502344,123,CRITICAL
423,1770751286.5226796,129,CRITICAL
424,1770751286.5443044,129,CRITICAL
425,1770751286.5652878,129,CRITICAL
426,1770751286.585131,110,ALERT
427,1770751286.607726,122,CRITICAL
428,1770751286.630281,116,ALERT
429,1770751286.6519997,121,CRITICAL
430,1770751286.67405,114,ALERT
431,1770751286.6962626,115,ALERT
432,1770751286.7203593,126,CRITICAL
433,1770751286.7462738,128,CRITICAL
434,1770751286.7717242,125,CRITICAL
435,1770751286.7965941,111,ALERT
436,1770751286.8204257,117,ALERT
437,1770751286.8442945,116,ALERT
438,1770751286.8651502,124,CRITICAL
439,1770751286.884838,123,CRITICAL
440,1770751286.9062297,116,ALERT
441,1770751286.9327774,117,ALERT
442,1770751286.9561338,122,CRITICAL
443,1770751286.9805548,128,CRITICAL
444,1770751287.0041595,118,ALERT
445,1770751287.0274885,120,ALERT
446,1770751287.0526562,123,CRITICAL
447,1770751287.0780602,122,CRITICAL
448,1770751287.1022532,110,ALERT
449,1770751287.1229694,127,CRITICAL
450,1770751287.1420631,115,ALERT
451,1770751287.170013,124,CRITICAL
452,1770751287.1940844,127,CRITICAL
453,1770751287.218023,127,CRITICAL
454,1770751287.2438529,126,CRITICAL
455,1770751287.2662153,128,CRITICAL
456,1770751287.2901666,110,ALERT
457,1770751287.3165162,129,CRITICAL
458,1770751287.338363,110,ALERT
459,1770751287.3632815,112,ALERT
460,1770751287.3840482,113,ALERT
461,1770751287.4047155,122,CRITICAL
462,1770751287.4250965,129,CRITICAL
463,1770751287.4446394,111,ALERT
464,1770751287.4662297,120,ALERT
465,1770751287.4884672,110,ALERT
466,1770751287.5163517,117,ALERT
467,1770751287.543024,129,CRITICAL
468,1770751287.5708764,118,ALERT
469,1770751287.5934482,120,ALERT
470,1770751287.6141815,126,CRITICAL
471,1770751287.634905,128,CRITICAL
472,1770751287.6602767,122,CRITICAL
473,1770751287.6822827,121,CRITICAL
474,1770751287.7021303,127,CRITICAL
475,1770751287.7245507,122,CRITICAL
476,1770751287.7475705,114,ALERT
477,1770751287.7707257,121,CRITICAL
478,1770751287.796744,111,ALERT
479,1770751287.817289,118,ALERT
480,1770751287.8360271,122,CRITICAL
481,1770751287.8578455,117,ALERT
482,1770751287.8818505,123,CRITICAL
483,1770751287.899439,116,ALERT
484,1770751287.920759,129,CRITICAL
485,1770751287.9425027,127,CRITICAL
486,1770751287.9631817,117,ALERT
487,1770751287.9838328,119,ALERT
488,1770751288.007,110,ALERT
489,1770751288.0347414,115,ALERT
490,1770751288.0556667,119,ALERT
491,1770751288.0789733,128,CRITICAL
492,1770751288.1023371,115,ALERT
493,1770751288.1272821,125,CRITICAL
494,1770751288.1540234,114,ALERT
495,1770751288.1723745,124,CRITICAL
496,1770751288.193355,114,ALERT
497,1770751288.2165408,113,ALERT
498,1770751288.2383976,115,ALERT
499,1770751288.258691,114,ALERT
500,1770751288.2816818,117,ALERT
501,1770751288.302762,118,ALERT
502,1770751288.3283262,128,CRITICAL
503,1770751288.3533425,125,CRITICAL
504,1770751288.3796651,130,CRITICAL
505,1770751288.407354,120,ALERT
506,1770751288.4299345,114,ALERT
507,1770751288.4520898,119,ALERT
508,1770751288.4706779,117,ALERT
509,1770751288.4954312,126,CRITICAL
510,1770751288.5188344,130,CRITICAL
511,1770751288.5470383,125,CRITICAL
512,1770751288.5676467,114,ALERT
513,1770751288.5878556,120,ALERT
514,1770751288.6142845,124,CRITICAL
515,1770751288.6394897,116,ALERT
516,1770751288.6682556,128,CRITICAL
517,1770751288.687576,115,ALERT
518,1770751288.7103083,111,ALERT
519,1770751288.7360709,113,ALERT
520,1770751288.7610688,126,CRITICAL
521,1770751288.7840333,110,ALERT
522,1770751288.8135235,126,CRITICAL
523,1770751288.8348665,120,ALERT
524,1770751288.8602183,115,ALERT
525,1770751288.8797147,112,ALERT
526,1770751288.9013429,111,ALERT
527,1770751288.9235296,130,CRITICAL
528,1770751288.9516385,119,ALERT
529,1770751288.9746976,116,ALERT
530,1770751288.999413,115,ALERT
531,1770751289.0189002,122,CRITICAL
532,1770751289.0383048,125,CRITICAL
533,1770751289.0603068,115,ALERT
534,1770751289.0832102,121,CRITICAL
535,1770751289.1035507,129,CRITICAL
536,1770751289.1232555,119,ALERT
537,1770751289.1462622,125,CRITICAL
538,1770751289.1735694,129,CRITICAL
539,1770751289.1910758,120,ALERT
540,1770751289.214275,122,CRITICAL
541,1770751289.2382817,114,ALERT
542,1770751289.2604406,112,ALERT
543,1770751289.2843378,118,ALERT
544,1770751289.3052318,129,CRITICAL
545,1770751289.3262887,111,ALERT
546,1770751289.3493385,112,ALERT
547,1770751289.3728895,123,CRITICAL
548,1770751289.3929617,114,ALERT
549,1770751289.4167862,128,CRITICAL
550,1770751289.443393,128,CRITICAL
551,1770751289.4643638,128,CRITICAL
552,1770751289.4919682,118,ALERT
553,1770751289.5142508,112,ALERT
554,1770751289.5365403,124,CRITICAL
555,1770751289.5626035,113,ALERT
556,1770751289.5807323,123,CRITICAL
557,1770751289.60592,115,ALERT
558,1770751289.6256022,122,CRITICAL
559,1770751289.6478968,118,ALERT
560,1770751289.6695356,123,CRITICAL
561,1770751289.6979723,110,ALERT
562,1770751289.7182024,127,CRITICAL
563,1770751289.741114,111,ALERT
564,1770751289.764277,112,ALERT
565,1770751289.7912831,110,ALERT
566,1770751289.8196561,129,CRITICAL
567,1770751289.8446083,112,ALERT
568,1770751289.8683317,125,CRITICAL
569,1770751289.8935802,114,ALERT
570,1770751289.9148848,117,ALERT
571,1770751289.9345167,111,ALERT
572,1770751289.9566574,122,CRITICAL
573,1770751289.9767048,121,CRITICAL
574,1770751290.0005612,113,ALERT
575,1770751290.0249863,128,CRITICAL
576,1770751290.049566,130,CRITICAL
577,1770751290.067901,120,ALERT
578,1770751290.0900233,128,CRITICAL
579,1770751290.1120691,115,ALERT
580,1770751290.13485,124,CRITICAL
581,1770751290.1575563,113,ALERT
582,1770751290.1765542,121,CRITICAL
583,1770751290.1979876,118,ALERT
584,1770751290.2222564,113,ALERT
585,1770751290.2412558,113,ALERT
586,1770751290.2621114,111,ALERT
587,1770751290.2823107,114,ALERT
588,1770751290.3050115,111,ALERT
589,1770751290.3305469,124,CRITICAL
590,1770751290.3526645,127,CRITICAL
591,1770751290.374615,126,CRITICAL
592,1770751290.3902462,121,CRITICAL
593,1770751290.4148674,130,CRITICAL
594,1770751290.439113,117,ALERT
595,1770751290.4623878,113,ALERT
596,1770751290.4902513,117,ALERT
597,1770751290.5150733,114,ALERT
598,1770751290.5342438,121,CRITICAL
599,1770751290.561791,122,CRITICAL
600,1770751290.5856965,113,ALERT
601,1770751290.612163,115,ALERT
602,1770751290.6333618,112,ALERT
603,1770751290.653999,128,CRITICAL
604,1770751290.675817,130,CRITICAL
605,1770751290.6997464,114,ALERT
606,1770751290.7230756,121,CRITICAL
607,1770751290.746397,110,ALERT
608,1770751290.7703853,65,NORMAL
609,1770751290.79347,73,NORMAL
610,1770751290.8156989,68,NORMAL
611,1770751290.836689,62,NORMAL
612,1770751290.8583553,88,NORMAL
613,1770751290.8812876,60,NORMAL
614,1770751290.9052258,90,NORMAL
615,1770751290.9333627,74,NORMAL
616,1770751290.954805,76,NORMAL
617,1770751290.9809074,121,CRITICAL
618,1770751290.9993048,114,ALERT
619,1770751291.0189483,113,ALERT
620,1770751291.0342612,115,ALERT
621,1770751291.0511932,110,ALERT
622,1770751291.067012,111,ALERT
623,1770751291.087099,122,CRITICAL
624,1770751291.1095886,118,ALERT
625,1770751291.1283638,115,ALERT
626,1770751291.155581,115,ALERT
627,1770751291.17563,117,ALERT
628,1770751291.2001994,123,CRITICAL
629,1770751291.2225323,116,ALERT
630,1770751291.243798,116,ALERT
631,1770751291.2640557,128,CRITICAL
632,1770751291.287064,118,ALERT
633,1770751291.3045895,112,ALERT
634,1770751291.322916,126,CRITICAL
635,1770751291.3462665,119,ALERT
636,1770751291.364158,116,ALERT
637,1770751291.38565,119,ALERT
638,1770751291.4029582,120,ALERT
639,1770751291.4260266,121,CRITICAL
640,1770751291.4472935,110,ALERT
641,1770751291.4693713,118,ALERT
642,1770751291.4888527,126,CRITICAL
643,1770751291.508539,116,ALERT
644,1770751291.5274365,112,ALERT
645,1770751291.5476239,129,CRITICAL
646,1770751291.570916,120,ALERT
647,1770751291.5920265,110,ALERT
648,1770751291.613244,112,ALERT
649,1770751291.6384544,119,ALERT
650,1770751291.6582882,116,ALERT
651,1770751291.7022557,117,ALERT
652,1770751291.7256021,110,ALERT
653,1770751291.745424,130,CRITICAL
654,1770751291.7646463,118,ALERT
655,1770751291.7864397,119,ALERT
656,1770751291.8087556,112,ALERT
657,1770751291.8302405,112,ALERT
658,1770751291.8534956,129,CRITICAL
659,1770751291.876285,111,ALERT
660,1770751291.9034371,122,CRITICAL
661,1770751291.9253476,119,ALERT
662,1770751291.9462364,114,ALERT
663,1770751291.9698694,111,ALERT
664,1770751291.990093,114,ALERT
665,1770751292.011623,113,ALERT
666,1770751292.033342,124,CRITICAL
667,1770751292.0547204,120,ALERT
668,1770751292.0779626,129,CRITICAL
669,1770751292.1010165,121,CRITICAL
670,1770751292.122585,110,ALERT
671,1770751292.146237,130,CRITICAL
672,1770751292.1672928,110,ALERT
673,1770751292.1903217,124,CRITICAL
674,1770751292.210277,129,CRITICAL
675,1770751292.23331,129,CRITICAL
676,1770751292.256487,123,CRITICAL
677,1770751292.2807956,126,CRITICAL
678,1770751292.302234,116,ALERT
679,1770751292.3221557,121,CRITICAL
680,1770751292.343719,121,CRITICAL
681,1770751292.3646533,122,CRITICAL
682,1770751292.3899775,123,CRITICAL
683,1770751292.4134638,120,ALERT
684,1770751292.4382575,119,ALERT
685,1770751292.4573002,116,ALERT
686,1770751292.4805458,117,ALERT
687,1770751292.5019279,114,ALERT
688,1770751292.5216298,114,ALERT
689,1770751292.543807,126,CRITICAL
690,1770751292.5687356,128,CRITICAL
691,1770751292.5919006,115,ALERT
692,1770751292.617053,125,CRITICAL
693,1770751292.63907,122,CRITICAL
694,1770751292.6602285,117,ALERT
695,1770751292.6822302,125,CRITICAL
696,1770751292.7038915,129,CRITICAL
697,1770751292.724567,122,CRITICAL
698,1770751292.7528315,112,ALERT
699,1770751292.7717326,117,ALERT
700,1770751292.7954323,113,ALERT
701,1770751292.8173492,127,CRITICAL
702,1770751292.83967,121,CRITICAL
703,1770751292.86057,122,CRITICAL
704,1770751292.8826501,113,ALERT
705,1770751292.9078612,129,CRITICAL
706,1770751292.9309716,110,ALERT
707,1770751292.9548354,116,ALERT
708,1770751292.9773152,116,ALERT
709,1770751292.9993732,121,CRITICAL
710,1770751293.0211952,112,ALERT
711,1770751293.0431335,110,ALERT
712,1770751293.0645657,119,ALERT
713,1770751293.08638,128,CRITICAL
714,1770751293.1097732,124,CRITICAL
715,1770751293.1320646,127,CRITICAL
716,1770751293.153991,126,CRITICAL
717,1770751293.1778054,121,CRITICAL
718,1770751293.2022984,118,ALERT
719,1770751293.2258906,130,CRITICAL
720,1770751293.2497568,112,ALERT
721,1770751293.270932,112,ALERT
722,1770751293.2935178,117,ALERT
723,1770751293.316664,120,ALERT
724,1770751293.3401442,114,ALERT
725,1770751293.3645675,115,ALERT
726,1770751293.3888586,111,ALERT
727,1770751293.4072325,117,ALERT
728,1770751293.4290092,111,ALERT
729,1770751293.450841,127,CRITICAL
730,1770751293.470228,115,ALERT
731,1770751293.4902298,127,CRITICAL
732,1770751293.5114632,124,CRITICAL
733,1770751293.5302403,116,ALERT
734,1770751293.5502627,123,CRITICAL
735,1770751293.5731115,115,ALERT
736,1770751293.5959728,129,CRITICAL
737,1770751293.6157534,125,CRITICAL
738,1770751293.6390576,110,ALERT
739,1770751293.686183,119,ALERT
740,1770751293.7041636,124,CRITICAL
741,1770751293.723739,126,CRITICAL
742,1770751293.7426608,110,ALERT
743,1770751293.7645156,115,ALERT
744,1770751293.7829554,126,CRITICAL
745,1770751293.8019702,119,ALERT
746,1770751293.825292,122,CRITICAL
747,1770751293.8479238,128,CRITICAL
748,1770751293.8700287,113,ALERT
749,1770751293.892016,113,ALERT
750,1770751293.9151587,121,CRITICAL
751,1770751293.9405808,129,CRITICAL
752,1770751293.9622986,121,CRITICAL
753,1770751293.9909337,130,CRITICAL
754,1770751294.0140822,113,ALERT
755,1770751294.0363693,121,CRITICAL
756,1770751294.0611238,114,ALERT
757,1770751294.0874865,122,CRITICAL
758,1770751294.1107166,112,ALERT
759,1770751294.1309686,113,ALERT
760,1770751294.1490002,118,ALERT
761,1770751294.171047,123,CRITICAL
762,1770751294.2021708,119,ALERT
763,1770751294.2269378,120,ALERT
764,1770751294.2476106,113,ALERT
765,1770751294.2682793,115,ALERT
766,1770751294.2898767,125,CRITICAL
767,1770751294.3129122,117,ALERT
768,1770751294.330804,115,ALERT
769,1770751294.3541415,117,ALERT
770,1770751294.374295,118,ALERT
771,1770751294.3970892,118,ALERT
772,1770751294.4174361,119,ALERT
773,1770751294.4405568,117,ALERT
774,1770751294.4627304,114,ALERT
775,1770751294.4815962,125,CRITICAL
776,1770751294.5034034,128,CRITICAL
777,1770751294.5236075,125,CRITICAL
778,1770751294.5440474,112,ALERT
779,1770751294.565992,117,ALERT
780,1770751294.5846472,116,ALERT
781,1770751294.6047378,112,ALERT
782,1770751294.627621,129,CRITICAL
783,1770751294.6502326,123,CRITICAL
784,1770751294.6711855,123,CRITICAL
785,1770751294.6915169,111,ALERT
786,1770751294.713104,113,ALERT
787,1770751294.7351432,118,ALERT
788,1770751294.7551904,115,ALERT
789,1770751294.7785974,125,CRITICAL
790,1770751294.80147,119,ALERT
791,1770751294.8224428,127,CRITICAL
792,1770751294.8424852,125,CRITICAL
793,1770751294.864125,113,ALERT
794,1770751294.8896816,125,CRITICAL
795,1770751294.9102592,121,CRITICAL
796,1770751294.9313576,112,ALERT
797,1770751294.9549813,110,ALERT
798,1770751294.978734,124,CRITICAL
799,1770751295.0009685,117,ALERT
800,1770751295.026001,117,ALERT
801,1770751295.049006,116,ALERT
802,1770751295.068158,124,CRITICAL
803,1770751295.089601,127,CRITICAL
804,1770751295.1102047,122,CRITICAL
805,1770751295.1342854,123,CRITICAL
806,1770751295.1541793,119,ALERT
807,1770751295.1770213,114,ALERT
808,1770751295.2003942,118,ALERT
809,1770751295.223694,111,ALERT
810,1770751295.248595,113,ALERT
811,1770751295.2706025,110,ALERT
812,1770751295.2927883,112,ALERT
813,1770751295.3166285,111,ALERT
814,1770751295.3415258,110,ALERT
815,1770751295.3607607,123,CRITICAL
816,1770751295.3806467,117,ALERT
817,1770751295.4028733,111,ALERT
818,1770751295.429483,116,ALERT
819,1770751295.4502573,115,ALERT
820,1770751295.4728165,110,ALERT
821,1770751295.494326,112,ALERT
822,1770751295.5154166,112,ALERT
823,1770751295.5379734,114,ALERT
824,1770751295.557963,114,ALERT
825,1770751295.5789847,119,ALERT
826,1770751295.6061895,115,ALERT
827,1770751295.627333,130,CRITICAL
828,1770751295.6480305,126,CRITICAL
829,1770751295.6689115,112,ALERT
830,1770751295.6894188,123,CRITICAL
831,1770751295.7121892,128,CRITICAL
832,1770751295.7354906,130,CRITICAL
833,1770751295.760679,125,CRITICAL
834,1770751295.7812092,123,CRITICAL
835,1770751295.8019407,128,CRITICAL
836,1770751295.818063,122,CRITICAL
837,1770751295.839863,115,ALERT
838,1770751295.861295,125,CRITICAL
839,1770751295.8836582,126,CRITICAL
840,1770751295.9035845,115,ALERT
841,1770751295.9248445,122,CRITICAL
842,1770751295.9500349,130,CRITICAL
843,1770751295.9732904,119,ALERT
844,1770751295.99598,112,ALERT
845,1770751296.0182776,78,NORMAL
846,1770751296.038245,82,NORMAL
847,1770751296.0620468,89,NORMAL
848,1770751296.0863523,66,NORMAL
849,1770751296.1090713,64,NORMAL
850,1770751296.1342285,90,NORMAL
851,1770751296.1578474,65,NORMAL
852,1770751296.1823583,89,NORMAL
853,1770751296.2016077,74,NORMAL
854,1770751296.2207344,88,NORMAL
855,1770751296.246242,79,NORMAL
856,1770751296.2670968,68,NORMAL
857,1770751296.2930396,79,NORMAL
858,1770751296.314067,68,NORMAL
859,1770751296.339593,70,NORMAL
860,1770751296.362366,90,NORMAL
861,1770751296.3861854,85,NORMAL
862,1770751296.4092624,83,NORMAL
863,1770751296.430203,79,NORMAL
864,1770751296.4524014,75,NORMAL
865,1770751296.473997,88,NORMAL
866,1770751296.4918566,75,NORMAL
867,1770751296.5102632,68,NORMAL
868,1770751296.5272741,82,NORMAL
869,1770751296.546936,73,NORMAL
870,1770751296.5727782,79,NORMAL
871,1770751296.594194,64,NORMAL
872,1770751296.6151767,66,NORMAL
873,1770751296.635536,60,NORMAL
874,1770751296.6582139,66,NORMAL
875,1770751296.681685,72,NORMAL
876,1770751296.704767,89,NORMAL
877,1770751296.7303672,62,NORMAL
878,1770751296.75043,87,NORMAL
879,1770751296.772324,61,NORMAL
880,1770751296.7955878,75,NORMAL
881,1770751296.8182995,88,NORMAL
882,1770751296.8386738,65,NORMAL
883,1770751296.8612802,72,NORMAL
884,1770751296.885586,69,NORMAL
885,1770751296.9091005,62,NORMAL
886,1770751296.9313357,69,NORMAL
887,1770751296.9542105,76,NORMAL
888,1770751296.97865,74,NORMAL
889,1770751296.9995666,65,NORMAL
890,1770751297.023745,68,NORMAL
891,1770751297.0467358,81,NORMAL
892,1770751297.0659122,73,NORMAL
893,1770751297.087681,69,NORMAL
894,1770751297.1142948,67,NORMAL
895,1770751297.1384938,73,NORMAL
896,1770751297.1606634,63,NORMAL
897,1770751297.1799314,65,NORMAL
898,1770751297.2032533,60,NORMAL
899,1770751297.2285593,85,NORMAL
900,1770751297.2523127,65,NORMAL
901,1770751297.2781713,88,NORMAL
902,1770751297.302928,60,NORMAL
903,1770751297.3261862,66,NORMAL
904,1770751297.3497584,60,NORMAL
905,1770751297.3726642,83,NORMAL
906,1770751297.3946695,67,NORMAL
907,1770751297.4161148,74,NORMAL
908,1770751297.4408488,74,NORMAL
909,1770751297.4631143,83,NORMAL
910,1770751297.486504,111,ALERT
911,1770751297.508993,115,ALERT
912,1770751297.5315218,130,CRITICAL
913,1770751297.5550086,128,CRITICAL
914,1770751297.577016,126,CRITICAL
915,1770751297.5964608,122,CRITICAL
916,1770751297.618772,123,CRITICAL
917,1770751297.6407666,111,ALERT
918,1770751297.6635382,117,ALERT
919,1770751297.6902103,126,CRITICAL
920,1770751297.7141569,126,CRITICAL
921,1770751297.7374656,123,CRITICAL
922,1770751297.7606988,117,ALERT
923,1770751297.7788718,120,ALERT
924,1770751297.7971077,130,CRITICAL
925,1770751297.8170636,120,ALERT
926,1770751297.842361,130,CRITICAL
927,1770751297.8623326,114,ALERT
928,1770751297.8845801,113,ALERT
929,1770751297.907272,121,CRITICAL
930,1770751297.9311857,117,ALERT
931,1770751297.9543598,124,CRITICAL
932,1770751297.9777772,119,ALERT
933,1770751298.0009365,126,CRITICAL
934,1770751298.0254502,122,CRITICAL
935,1770751298.0505044,115,ALERT
936,1770751298.0761943,114,ALERT
937,1770751298.1013129,120,ALERT
938,1770751298.1276226,116,ALERT
939,1770751298.1502848,121,CRITICAL
940,1770751298.1717765,111,ALERT
941,1770751298.1966813,126,CRITICAL
942,1770751298.2184963,120,ALERT
943,1770751298.2401662,125,CRITICAL
944,1770751298.262291,111,ALERT
945,1770751298.286289,125,CRITICAL
946,1770751298.3071625,122,CRITICAL
947,1770751298.3309796,129,CRITICAL
948,1770751298.3503246,111,ALERT
949,1770751298.376764,112,ALERT
950,1770751298.4015958,128,CRITICAL
951,1770751298.4296408,110,ALERT
952,1770751298.4505184,117,ALERT
953,1770751298.4767256,120,ALERT
954,1770751298.500444,117,ALERT
955,1770751298.5223033,125,CRITICAL
956,1770751298.5462658,129,CRITICAL
957,1770751298.5695841,119,ALERT
958,1770751298.5929646,128,CRITICAL
959,1770751298.620942,130,CRITICAL
960,1770751298.6422496,127,CRITICAL
961,1770751298.6634276,110,ALERT
962,1770751298.6865234,115,ALERT
963,1770751298.711445,126,CRITICAL
964,1770751298.7334177,118,ALERT
965,1770751298.7587187,127,CRITICAL
966,1770751298.781667,118,ALERT
967,1770751298.8062313,116,ALERT
968,1770751298.830069,125,CRITICAL
969,1770751298.856289,121,CRITICAL
970,1770751298.8790057,120,ALERT
971,1770751298.906513,111,ALERT
972,1770751298.926165,117,ALERT
973,1770751298.951268,126,CRITICAL
974,1770751298.9766443,125,CRITICAL
975,1770751298.9965587,115,ALERT
976,1770751299.0176556,128,CRITICAL
977,1770751299.0421665,111,ALERT
978,1770751299.0852094,114,ALERT
979,1770751299.114917,128,CRITICAL
980,1770751299.1359754,125,CRITICAL
981,1770751299.1566515,130,CRITICAL
982,1770751299.177358,113,ALERT
983,1770751299.1987915,117,ALERT
984,1770751299.2225904,114,ALERT
985,1770751299.248691,120,ALERT
986,1770751299.2744567,121,CRITICAL
987,1770751299.2948642,126,CRITICAL
988,1770751299.3209012,126,CRITICAL
989,1770751299.342189,114,ALERT
990,1770751299.3672934,127,CRITICAL
991,1770751299.3923786,116,ALERT
992,1770751299.413362,115,ALERT
993,1770751299.440845,126,CRITICAL
994,1770751299.463419,125,CRITICAL
995,1770751299.4894717,129,CRITICAL
996,1770751299.5171137,123,CRITICAL
997,1770751299.5365243,116,ALERT
998,1770751299.557753,114,ALERT
999,1770751299.5783126,116,ALERT
1000,1770751299.602299,124,CRITICAL
1001,1770751299.6250734,113,ALERT
1002,1770751299.6499703,122,CRITICAL
1003,1770751299.6705408,128,CRITICAL
1004,1770751299.694175,125,CRITICAL
1005,1770751299.7144136,111,ALERT
1006,1770751299.73703,112,ALERT
1007,1770751299.7581558,118,ALERT
1008,1770751299.7792325,110,ALERT
1009,1770751299.799561,115,ALERT
1010,1770751299.8236368,122,CRITICAL
1011,1770751299.8438945,121,CRITICAL
1012,1770751299.866302,126,CRITICAL
1013,1770751299.8873477,128,CRITICAL
1014,1770751299.910864,111,ALERT
1015,1770751299.9327545,117,ALERT
1016,1770751299.956027,112,ALERT
1017,1770751299.976115,123,CRITICAL
1018,1770751300.0009108,111,ALERT
1019,1770751300.022285,113,ALERT
1020,1770751300.0462863,114,ALERT
1021,1770751300.0690892,112,ALERT
1022,1770751300.09023,129,CRITICAL
1023,1770751300.1090522,124,CRITICAL
1024,1770751300.1320705,112,ALERT
1025,1770751300.1511676,121,CRITICAL
1026,1770751300.172877,128,CRITICAL
1027,1770751300.1963136,113,ALERT
1028,1770751300.217417,115,ALERT
1029,1770751300.2354605,116,ALERT
1030,1770751300.2589927,110,ALERT
1031,1770751300.2810457,110,ALERT
1032,1770751300.3046694,125,CRITICAL
1033,1770751300.3295448,118,ALERT
1034,1770751300.3516657,117,ALERT
1035,1770751300.3743258,127,CRITICAL
1036,1770751300.394316,126,CRITICAL
1037,1770751300.4173155,112,ALERT
1038,1770751300.440282,113,ALERT
1039,1770751300.4623573,127,CRITICAL
1040,1770751300.4851625,117,ALERT
1041,1770751300.5101655,119,ALERT
1042,1770751300.5324988,130,CRITICAL
1043,1770751300.553924,129,CRITICAL
1044,1770751300.5790799,118,ALERT
1045,1770751300.605965,112,ALERT
1046,1770751300.6265583,123,CRITICAL
1047,1770751300.6490529,124,CRITICAL
1048,1770751300.6723735,111,ALERT
1049,1770751300.6907024,125,CRITICAL
1050,1770751300.710205,117,ALERT
1051,1770751300.7321799,130,CRITICAL
1052,1770751300.7579756,121,CRITICAL
1053,1770751300.7774432,128,CRITICAL
1054,1770751300.7986896,126,CRITICAL
1055,1770751300.8191178,120,ALERT
1056,1770751300.8414092,116,ALERT
1057,1770751300.8648965,120,ALERT
1058,1770751300.8875027,113,ALERT
1059,1770751300.9132462,114,ALERT
1060,1770751300.9367368,110,ALERT
1061,1770751300.9609025,122,CRITICAL
1062,1770751300.9854631,127,CRITICAL
1063,1770751301.00938,121,CRITICAL
1064,1770751301.031401,115,ALERT
1065,1770751301.054507,123,CRITICAL
1066,1770751301.07836,126,CRITICAL
1067,1770751301.1031795,113,ALERT
1068,1770751301.1225228,122,CRITICAL
1069,1770751301.148292,126,CRITICAL
1070,1770751301.1720934,110,ALERT
1071,1770751301.1902144,111,ALERT
1072,1770751301.2180967,113,ALERT
1073,1770751301.23429,129,CRITICAL
1074,1770751301.2529042,130,CRITICAL
1075,1770751301.27699,127,CRITICAL
1076,1770751301.2971272,127,CRITICAL
1077,1770751301.320792,116,ALERT
1078,1770751301.3438914,128,CRITICAL
1079,1770751301.363383,110,ALERT
1080,1770751301.3888488,120,ALERT
1081,1770751301.4122524,117,ALERT
1082,1770751301.4365273,129,CRITICAL
1083,1770751301.4609647,117,ALERT
1084,1770751301.483286,120,ALERT
1085,1770751301.5048778,113,ALERT
1086,1770751301.5257142,127,CRITICAL
1087,1770751301.5466714,116,ALERT
1088,1770751301.5742276,110,ALERT
1089,1770751301.5948238,118,ALERT
1090,1770751301.6210432,126,CRITICAL
1091,1770751301.6409395,124,CRITICAL
1092,1770751301.661612,117,ALERT
1093,1770751301.6823094,119,ALERT
1094,1770751301.7051218,113,ALERT
1095,1770751301.7262204,128,CRITICAL
1096,1770751301.7479615,115,ALERT
1097,1770751301.7738316,119,ALERT
1098,1770751301.7996657,112,ALERT
1099,1770751301.8252873,129,CRITICAL
1100,1770751301.8542104,129,CRITICAL
1101,1770751301.874041,122,CRITICAL
1102,1770751301.8987906,117,ALERT
1103,1770751301.9183118,127,CRITICAL
1104,1770751301.9434657,116,ALERT
1105,1770751301.967486,111,ALERT
1106,1770751301.98288,112,ALERT
1107,1770751301.9990091,113,ALERT
1108,1770751302.0179749,113,ALERT
1109,1770751302.038428,118,ALERT
1110,1770751302.0602233,128,CRITICAL
1111,1770751302.0821536,116,ALERT
1112,1770751302.1114054,111,ALERT
1113,1770751302.1370578,120,ALERT
1114,1770751302.1611733,116,ALERT
1115,1770751302.1875565,128,CRITICAL
1116,1770751302.2104177,122,CRITICAL
1117,1770751302.2352517,118,ALERT
1118,1770751302.2576263,112,ALERT
1119,1770751302.2744513,114,ALERT
1120,1770751302.306024,118,ALERT
1121,1770751302.3374565,115,ALERT
1122,1770751302.3625607,122,CRITICAL
1123,1770751302.3862138,122,CRITICAL
1124,1770751302.407482,112,ALERT
1125,1770751302.4307723,113,ALERT
1126,1770751302.452745,126,CRITICAL
1127,1770751302.4783604,120,ALERT
1128,1770751302.5017593,112,ALERT
1129,1770751302.5265126,80,NORMAL
1130,1770751302.5514812,73,NORMAL
1131,1770751302.5769367,85,NORMAL
1132,1770751302.6007617,78,NORMAL
1133,1770751302.6233232,80,NORMAL
1134,1770751302.6463873,64,NORMAL
1135,1770751302.6708996,60,NORMAL
1136,1770751302.693432,73,NORMAL
1137,1770751302.7134042,69,NORMAL
1138,1770751302.7326953,64,NORMAL
1139,1770751302.7561646,63,NORMAL
1140,1770751302.784369,68,NORMAL
1141,1770751302.806181,114,ALERT
1142,1770751302.8290815,111,ALERT
1143,1770751302.8532903,116,ALERT
1144,1770751302.876558,126,CRITICAL
1145,1770751302.901761,121,CRITICAL
1146,1770751302.92566,116,ALERT
1147,1770751302.9502518,125,CRITICAL
1148,1770751302.9729655,123,CRITICAL
1149,1770751302.9963553,128,CRITICAL
1150,1770751303.0200803,114,ALERT
1151,1770751303.0458088,125,CRITICAL
1152,1770751303.0659873,125,CRITICAL
1153,1770751303.0880852,129,CRITICAL
1154,1770751303.1154108,119,ALERT
1155,1770751303.1366575,125,CRITICAL
1156,1770751303.1596026,115,ALERT
1157,1770751303.1801884,122,CRITICAL
1158,1770751303.20125,116,ALERT
1159,1770751303.2261124,129,CRITICAL
1160,1770751303.2449105,123,CRITICAL
1161,1770751303.2635202,119,ALERT
1162,1770751303.2854016,128,CRITICAL
1163,1770751303.3062258,123,CRITICAL
1164,1770751303.3273113,128,CRITICAL
1165,1770751303.3496962,128,CRITICAL
1166,1770751303.3736699,112,ALERT
1167,1770751303.3999438,117,ALERT
1168,1770751303.423839,112,ALERT
1169,1770751303.447796,126,CRITICAL
1170,1770751303.4701266,129,CRITICAL
1171,1770751303.4929047,110,ALERT
1172,1770751303.514247,128,CRITICAL
1173,1770751303.5395195,126,CRITICAL
1174,1770751303.5595465,117,ALERT
1175,1770751303.5833192,111,ALERT
1176,1770751303.606278,121,CRITICAL
1177,1770751303.6279445,125,CRITICAL
1178,1770751303.651375,124,CRITICAL
1179,1770751303.6733358,129,CRITICAL
1180,1770751303.6942942,111,ALERT
1181,1770751303.7131085,110,ALERT
1182,1770751303.7381938,121,CRITICAL
1183,1770751303.7604604,126,CRITICAL
1184,1770751303.7856736,123,CRITICAL
1185,1770751303.8102586,122,CRITICAL
1186,1770751303.8343186,111,ALERT
1187,1770751303.8611526,125,CRITICAL
1188,1770751303.8806565,123,CRITICAL
1189,1770751303.905614,129,CRITICAL
1190,1770751303.92701,117,ALERT
1191,1770751303.950197,129,CRITICAL
1192,1770751303.9732268,128,CRITICAL
1193,1770751303.9908478,130,CRITICAL
1194,1770751304.0126102,121,CRITICAL
1195,1770751304.0352888,110,ALERT
1196,1770751304.0556781,129,CRITICAL
1197,1770751304.0803092,114,ALERT
1198,1770751304.1052747,124,CRITICAL
1199,1770751304.1323557,112,ALERT
1200,1770751304.1522384,117,ALERT
1201,1770751304.1741152,111,ALERT
1202,1770751304.1942794,118,ALERT
1203,1770751304.215597,130,CRITICAL
1204,1770751304.2383647,123,CRITICAL
1205,1770751304.2608955,114,ALERT
1206,1770751304.2821867,120,ALERT
1207,1770751304.3036523,123,CRITICAL
1208,1770751304.3286932,114,ALERT
1209,1770751304.3511899,120,ALERT
1210,1770751304.3767393,129,CRITICAL
1211,1770751304.401699,121,CRITICAL
1212,1770751304.459872,121,CRITICAL
1213,1770751304.495859,110,ALERT
1214,1770751304.5222733,114,ALERT
1215,1770751304.5432763,121,CRITICAL
1216,1770751304.5726888,122,CRITICAL
1217,1770751304.5972998,117,ALERT
1218,1770751304.6222687,121,CRITICAL
1219,1770751304.647787,114,ALERT
1220,1770751304.6669695,121,CRITICAL
1221,1770751304.6872113,124,CRITICAL
1222,1770751304.71109,115,ALERT
1223,1770751304.7401145,110,ALERT
1224,1770751304.7581568,113,ALERT
1225,1770751304.7787545,116,ALERT
1226,1770751304.8022556,122,CRITICAL
1227,1770751304.8248675,126,CRITICAL
1228,1770751304.8468869,123,CRITICAL
1229,1770751304.8741963,125,CRITICAL
1230,1770751304.8995848,129,CRITICAL
1231,1770751304.9273014,120,ALERT
1232,1770751304.9557648,119,ALERT
1233,1770751304.9800131,115,ALERT
1234,1770751305.0063422,110,ALERT
1235,1770751305.0288248,130,CRITICAL
1236,1770751305.0553448,111,ALERT
1237,1770751305.0746624,118,ALERT
1238,1770751305.0971358,129,CRITICAL
1239,1770751305.119917,111,ALERT
1240,1770751305.142268,127,CRITICAL
1241,1770751305.165278,129,CRITICAL
1242,1770751305.1884334,112,ALERT
1243,1770751305.208196,122,CRITICAL
1244,1770751305.2315755,121,CRITICAL
1245,1770751305.2544148,117,ALERT
1246,1770751305.279684,121,CRITICAL
1247,1770751305.3026433,121,CRITICAL
1248,1770751305.327262,113,ALERT
1249,1770751305.3502247,118,ALERT
1250,1770751305.3741689,116,ALERT
1251,1770751305.3980882,118,ALERT
1252,1770751305.4173965,122,CRITICAL
1253,1770751305.4439995,112,ALERT
1254,1770751305.4651203,120,ALERT
1255,1770751305.4881496,116,ALERT
1256,1770751305.5108318,126,CRITICAL
1257,1770751305.5343046,124,CRITICAL
1258,1770751305.5576375,120,ALERT
1259,1770751305.5743537,117,ALERT
1260,1770751305.5996745,121,CRITICAL
1261,1770751305.6197712,118,ALERT
1262,1770751305.6421826,119,ALERT
1263,1770751305.6662958,113,ALERT
1264,1770751305.6901622,118,ALERT
1265,1770751305.716655,118,ALERT
1266,1770751305.7431095,128,CRITICAL
1267,1770751305.76218,124,CRITICAL
1268,1770751305.7884161,122,CRITICAL
1269,1770751305.8155942,119,ALERT
1270,1770751305.8398192,115,ALERT
1271,1770751305.8642364,122,CRITICAL
1272,1770751305.890212,118,ALERT
1273,1770751305.9143124,116,ALERT
1274,1770751305.9435914,113,ALERT
1275,1770751305.971002,130,CRITICAL
1276,1770751305.9980762,119,ALERT
1277,1770751306.0218391,127,CRITICAL
1278,1770751306.043249,128,CRITICAL
1279,1770751306.0690958,114,ALERT
1280,1770751306.091477,113,ALERT
1281,1770751306.1155171,115,ALERT
1282,1770751306.136466,116,ALERT
1283,1770751306.1604493,114,ALERT
1284,1770751306.181122,127,CRITICAL
1285,1770751306.2099428,122,CRITICAL
1286,1770751306.2356234,115,ALERT
1287,1770751306.2581098,118,ALERT
1288,1770751306.2775462,120,ALERT
1289,1770751306.3018045,119,ALERT
1290,1770751306.3233922,125,CRITICAL
1291,1770751306.3489368,110,ALERT
1292,1770751306.3727505,118,ALERT
1293,1770751306.4000947,122,CRITICAL
1294,1770751306.4283187,118,ALERT
1295,1770751306.4534845,129,CRITICAL
1296,1770751306.4782012,115,ALERT
1297,1770751306.4982185,115,ALERT
1298,1770751306.5221918,129,CRITICAL
1299,1770751306.546216,112,ALERT
1300,1770751306.5724795,116,ALERT
1301,1770751306.598254,116,ALERT
1302,1770751306.6187701,122,CRITICAL
1303,1770751306.638785,124,CRITICAL
1304,1770751306.6578765,114,ALERT
1305,1770751306.6825726,110,ALERT
1306,1770751306.7081332,111,ALERT
1307,1770751306.7363605,122,CRITICAL
1308,1770751306.758546,123,CRITICAL
1309,1770751306.7887354,119,ALERT
1310,1770751306.8135407,124,CRITICAL
1311,1770751306.8374248,115,ALERT
1312,1770751306.8613837,116,ALERT
1313,1770751306.8882115,117,ALERT
1314,1770751306.9081903,124,CRITICAL
1315,1770751306.9296637,124,CRITICAL
1316,1770751306.9507086,130,CRITICAL
1317,1770751306.97558,121,CRITICAL
1318,1770751306.9988487,121,CRITICAL
1319,1770751307.0227847,112,ALERT
1320,1770751307.0438204,120,ALERT
1321,1770751307.0643225,126,CRITICAL
1322,1770751307.0899796,118,ALERT
1323,1770751307.1123724,129,CRITICAL
1324,1770751307.1343052,121,CRITICAL
1325,1770751307.1581872,125,CRITICAL
1326,1770751307.1791873,124,CRITICAL
1327,1770751307.203021,113,ALERT
1328,1770751307.227462,120,ALERT
1329,1770751307.250261,129,CRITICAL
1330,1770751307.2741935,117,ALERT
1331,1770751307.2973711,111,ALERT
1332,1770751307.3207011,125,CRITICAL
1333,1770751307.3396015,123,CRITICAL
1334,1770751307.3623052,111,ALERT
1335,1770751307.3863428,125,CRITICAL
1336,1770751307.4048555,117,ALERT
1337,1770751307.4288743,110,ALERT
1338,1770751307.4454188,118,ALERT
1339,1770751307.465902,128,CRITICAL
1340,1770751307.4816828,121,CRITICAL
1341,1770751307.5060306,119,ALERT
1342,1770751307.5284474,117,ALERT
1343,1770751307.5507445,116,ALERT
1344,1770751307.5741706,120,ALERT
1345,1770751307.5943022,114,ALERT
1346,1770751307.615965,124,CRITICAL
1347,1770751307.6396902,113,ALERT
1348,1770751307.6622467,114,ALERT
1349,1770751307.6884818,119,ALERT
1350,1770751307.7110784,111,ALERT
1351,1770751307.7358596,129,CRITICAL
1352,1770751307.761324,114,ALERT
1353,1770751307.7801292,113,ALERT
1354,1770751307.8017318,130,CRITICAL
1355,1770751307.822198,127,CRITICAL
1356,1770751307.8426793,61,NORMAL
1357,1770751307.8676414,61,NORMAL
1358,1770751307.891066,76,NORMAL
1359,1770751307.9141958,82,NORMAL
1360,1770751307.9394765,80,NORMAL
1361,1770751307.963756,83,NORMAL
1362,1770751307.986753,61,NORMAL
1363,1770751308.0088089,65,NORMAL
1364,1770751308.0348136,67,NORMAL
1365,1770751308.0558145,75,NORMAL
1366,1770751308.0837739,63,NORMAL
1367,1770751308.1082861,64,NORMAL
1368,1770751308.1302962,63,NORMAL
1369,1770751308.1531663,82,NORMAL
1370,1770751308.1744843,69,NORMAL
1371,1770751308.197471,72,NORMAL
1372,1770751308.2224746,115,ALERT
1373,1770751308.2455626,129,CRITICAL
1374,1770751308.2680078,110,ALERT
1375,1770751308.290726,127,CRITICAL
1376,1770751308.3141878,123,CRITICAL
1377,1770751308.3343122,112,ALERT
1378,1770751308.3572683,122,CRITICAL
1379,1770751308.376346,111,ALERT
1380,1770751308.400286,119,ALERT
1381,1770751308.4233048,130,CRITICAL
1382,1770751308.4399893,130,CRITICAL
1383,1770751308.463676,125,CRITICAL
1384,1770751308.4849002,114,ALERT
1385,1770751308.5078344,130,CRITICAL
1386,1770751308.532075,119,ALERT
1387,1770751308.5522363,126,CRITICAL
1388,1770751308.5732853,117,ALERT
1389,1770751308.5943575,124,CRITICAL
1390,1770751308.6147964,125,CRITICAL
1391,1770751308.6371865,126,CRITICAL
1392,1770751308.66221,128,CRITICAL
1393,1770751308.6834867,126,CRITICAL
1394,1770751308.7065265,121,CRITICAL
1395,1770751308.727047,129,CRITICAL
1396,1770751308.7479043,121,CRITICAL
1397,1770751308.7701542,117,ALERT
1398,1770751308.791042,128,CRITICAL
1399,1770751308.8133845,114,ALERT
1400,1770751308.8341873,128,CRITICAL
1401,1770751308.8540676,116,ALERT
1402,1770751308.8788645,126,CRITICAL
1403,1770751308.9017503,119,ALERT
1404,1770751308.9231048,123,CRITICAL
1405,1770751308.9464242,112,ALERT
1406,1770751308.9744782,121,CRITICAL
1407,1770751308.9989262,111,ALERT
1408,1770751309.0242884,122,CRITICAL
1409,1770751309.0480025,121,CRITICAL
1410,1770751309.0681362,112,ALERT
1411,1770751309.0890646,111,ALERT
1412,1770751309.1135437,127,CRITICAL
1413,1770751309.1378858,123,CRITICAL
1414,1770751309.1622121,129,CRITICAL
1415,1770751309.1852763,130,CRITICAL
1416,1770751309.2079046,122,CRITICAL
1417,1770751309.2307723,120,ALERT
1418,1770751309.2519758,119,ALERT
1419,1770751309.270286,118,ALERT
1420,1770751309.293874,126,CRITICAL
1421,1770751309.3154497,115,ALERT
1422,1770751309.335969,115,ALERT
1423,1770751309.3555648,123,CRITICAL
1424,1770751309.3738,123,CRITICAL
1425,1770751309.3980377,111,ALERT
1426,1770751309.423581,120,ALERT
1427,1770751309.4452682,119,ALERT
1428,1770751306.96799,119,ALERT
1429,1770751306.9913206,128,CRITICAL
1430,1770751307.0129938,110,ALERT
1431,1770751307.0319393,110,ALERT
1432,1770751307.0528085,115,ALERT
1433,1770751307.0784395,120,ALERT
1434,1770751307.102117,124,CRITICAL
1435,1770751307.1280916,130,CRITICAL
1436,1770751307.148789,112,ALERT
1437,1770751307.1721728,122,CRITICAL
1438,1770751307.193924,118,ALERT
1439,1770751307.2181563,116,ALERT
1440,1770751307.2421515,125,CRITICAL
1441,1770751307.2608793,112,ALERT
1442,1770751307.2815158,122,CRITICAL
1443,1770751307.3046439,129,CRITICAL
1444,1770751307.325961,119,ALERT
1445,1770751307.3800018,119,ALERT
1446,1770751307.4022002,128,CRITICAL
1447,1770751307.4244685,129,CRITICAL
1448,1770751307.4437413,124,CRITICAL
1449,1770751307.4655237,127,CRITICAL
1450,1770751307.4880605,125,CRITICAL
1451,1770751307.5124714,125,CRITICAL
1452,1770751307.533129,125,CRITICAL
1453,1770751307.5564818,122,CRITICAL
1454,1770751307.5808446,126,CRITICAL
1455,1770751307.6047533,118,ALERT
1456,1770751307.6293833,123,CRITICAL
1457,1770751307.6518576,110,ALERT
1458,1770751307.6741831,113,ALERT
1459,1770751307.69922,114,ALERT
1460,1770751307.725571,128,CRITICAL
1461,1770751307.7496443,124,CRITICAL
1462,1770751307.774155,123,CRITICAL
1463,1770751307.795489,127,CRITICAL
1464,1770751307.8191643,123,CRITICAL
1465,1770751307.841793,129,CRITICAL
1466,1770751307.8654542,118,ALERT
1467,1770751307.8879912,126,CRITICAL
1468,1770751307.9107037,129,CRITICAL
1469,1770751307.9341056,124,CRITICAL
1470,1770751307.9536138,118,ALERT
1471,1770751307.9821866,127,CRITICAL
1472,1770751308.0024753,112,ALERT
1473,1770751308.022149,126,CRITICAL
1474,1770751308.0458086,123,CRITICAL
1475,1770751308.0705593,110,ALERT
1476,1770751308.091601,124,CRITICAL
1477,1770751308.115283,122,CRITICAL
1478,1770751308.1391973,130,CRITICAL
1479,1770751308.1621041,125,CRITICAL
1480,1770751308.180929,111,ALERT
1481,1770751308.2022595,117,ALERT
1482,1770751308.2221837,113,ALERT
1483,1770751308.2439296,127,CRITICAL
1484,1770751308.2685297,111,ALERT
1485,1770751308.289183,130,CRITICAL
1486,1770751308.3082533,112,ALERT
1487,1770751308.3329792,115,ALERT
1488,1770751308.3536375,126,CRITICAL
1489,1770751308.3720243,113,ALERT
1490,1770751308.3942215,121,CRITICAL
1491,1770751308.4146976,116,ALERT
1492,1770751308.4379096,114,ALERT
1493,1770751308.4581573,110,ALERT
1494,1770751308.4781213,122,CRITICAL
1495,1770751308.5020833,119,ALERT
1496,1770751308.522808,129,CRITICAL
1497,1770751308.5431156,116,ALERT
1498,1770751308.566122,118,ALERT
1499,1770751308.5909564,114,ALERT
1500,1770751308.6144588,119,ALERT
1501,1770751308.6358585,122,CRITICAL
1502,1770751308.6599448,126,CRITICAL
1503,1770751308.6838534,123,CRITICAL
1504,1770751308.709439,126,CRITICAL
1505,1770751308.7311795,125,CRITICAL
1506,1770751308.7562764,120,ALERT
1507,1770751308.7804813,125,CRITICAL
1508,1770751308.8067207,128,CRITICAL
1509,1770751308.8282506,115,ALERT
1510,1770751308.8542411,111,ALERT
1511,1770751308.8793676,118,ALERT
1512,1770751308.90066,126,CRITICAL
1513,1770751308.92647,114,ALERT
1514,1770751308.9478302,116,ALERT
1515,1770751308.9711678,112,ALERT
1516,1770751308.9949493,120,ALERT
1517,1770751309.018139,112,ALERT
1518,1770751309.0376546,117,ALERT
1519,1770751309.062119,128,CRITICAL
1520,1770751309.0825572,128,CRITICAL
1521,1770751309.1034331,113,ALERT
1522,1770751309.1232345,117,ALERT
1523,1770751309.1487772,115,ALERT
1524,1770751309.1703618,120,ALERT
1525,1770751309.193686,129,CRITICAL
1526,1770751309.2168822,115,ALERT
1527,1770751309.2386324,114,ALERT
1528,1770751309.2621176,124,CRITICAL
1529,1770751309.2870073,121,CRITICAL
1530,1770751309.3118176,127,CRITICAL
1531,1770751309.3345492,121,CRITICAL
1532,1770751309.3554742,111,ALERT
1533,1770751309.378792,112,ALERT
1534,1770751309.401903,124,CRITICAL
1535,1770751309.4281912,119,ALERT
1536,1770751309.449835,112,ALERT
1537,1770751309.4697917,118,ALERT
1538,1770751309.4921675,119,ALERT
1539,1770751309.5145717,120,ALERT
1540,1770751309.5367146,124,CRITICAL
1541,1770751309.5561001,116,ALERT
1542,1770751309.5809326,128,CRITICAL
1543,1770751309.5982933,128,CRITICAL
1544,1770751309.6231055,113,ALERT
1545,1770751309.6457498,114,ALERT
1546,1770751309.6674407,125,CRITICAL
1547,1770751309.6895528,122,CRITICAL
1548,1770751309.7094018,123,CRITICAL
1549,1770751309.7340508,123,CRITICAL
1550,1770751309.7502356,113,ALERT
1551,1770751309.7743137,125,CRITICAL
1552,1770751309.799385,117,ALERT
1553,1770751309.8198516,110,ALERT
1554,1770751309.84232,124,CRITICAL
1555,1770751309.8664448,111,ALERT
1556,1770751309.889369,120,ALERT
1557,1770751309.914233,127,CRITICAL
1558,1770751309.937314,126,CRITICAL
1559,1770751309.9600992,112,ALERT
1560,1770751309.9861994,130,CRITICAL
1561,1770751310.007085,120,ALERT
1562,1770751310.0326216,122,CRITICAL
1563,1770751310.0534644,124,CRITICAL
1564,1770751310.0714037,122,CRITICAL
1565,1770751310.094146,128,CRITICAL
1566,1770751310.1154199,117,ALERT
1567,1770751310.1393826,110,ALERT
1568,1770751310.162281,115,ALERT
1569,1770751310.1861565,111,ALERT
1570,1770751310.2074134,117,ALERT
1571,1770751310.2290273,129,CRITICAL
1572,1770751310.2512002,111,ALERT
1573,1770751310.2732108,112,ALERT
1574,1770751310.2967267,114,ALERT
1575,1770751310.3197412,111,ALERT
1576,1770751310.3414423,123,CRITICAL
1577,1770751310.3658676,111,ALERT
1578,1770751310.384541,119,ALERT
1579,1770751310.4055357,118,ALERT
1580,1770751310.4243066,120,ALERT
1581,1770751310.4420447,121,CRITICAL
1582,1770751310.4652274,113,ALERT
1583,1770751310.4887273,128,CRITICAL
1584,1770751310.5181623,126,CRITICAL
1585,1770751310.5387704,112,ALERT
1586,1770751310.5603745,129,CRITICAL
1587,1770751310.5852318,117,ALERT
1588,1770751310.6086316,117,ALERT
1589,1770751310.633055,118,ALERT
1590,1770751310.6599033,117,ALERT
1591,1770751310.6783583,128,CRITICAL
1592,1770751310.7056103,130,CRITICAL
1593,1770751310.727201,114,ALERT
1594,1770751310.7518203,125,CRITICAL
1595,1770751310.7745144,129,CRITICAL
1596,1770751310.799437,128,CRITICAL
1597,1770751310.8186336,120,ALERT
1598,1770751310.842194,111,ALERT
1599,1770751310.8623526,130,CRITICAL
1600,1770751310.8847725,125,CRITICAL
1601,1770751310.911259,111,ALERT
1602,1770751310.935825,111,ALERT
1603,1770751310.9593265,122,CRITICAL
1604,1770751310.983026,110,ALERT
1605,1770751311.0108447,126,CRITICAL
1606,1770751311.0299883,123,CRITICAL
1607,1770751311.050691,120,ALERT
1608,1770751311.070189,129,CRITICAL
1609,1770751311.091123,116,ALERT
1610,1770751311.1159048,123,CRITICAL
1611,1770751311.1400816,120,ALERT
1612,1770751311.1616118,128,CRITICAL
1613,1770751311.18213,122,CRITICAL
1614,1770751311.206196,115,ALERT
1615,1770751311.2278616,115,ALERT
1616,1770751311.2535264,129,CRITICAL
1617,1770751311.274965,120,ALERT
1618,1770751311.2981644,129,CRITICAL
1619,1770751311.317049,117,ALERT
1620,1770751311.3370645,128,CRITICAL
1621,1770751311.3617,113,ALERT
1622,1770751311.3852851,121,CRITICAL
1623,1770751311.4076526,121,CRITICAL
1624,1770751311.4280517,115,ALERT
1625,1770751311.4502726,126,CRITICAL
1626,1770751311.4709632,123,CRITICAL
1627,1770751311.4916313,124,CRITICAL
1628,1770751311.510853,127,CRITICAL
1629,1770751311.5388203,110,ALERT
1630,1770751311.5619824,113,ALERT
1631,1770751311.5851886,115,ALERT
1632,1770751311.6062121,126,CRITICAL
1633,1770751311.6262155,110,ALERT
1634,1770751311.6493137,113,ALERT
1635,1770751311.6698022,114,ALERT
1636,1770751311.6933281,113,ALERT
1637,1770751311.7178576,112,ALERT
1638,1770751311.7371006,114,ALERT
1639,1770751311.7634299,116,ALERT
1640,1770751311.7851334,120,ALERT
1641,1770751311.8082035,120,ALERT
1642,1770751311.8340163,119,ALERT
1643,1770751311.8536682,114,ALERT
1644,1770751311.8744018,125,CRITICAL
1645,1770751311.8968623,123,CRITICAL
1646,1770751311.9199274,110,ALERT
1647,1770751311.9433193,122,CRITICAL
1648,1770751311.9661376,123,CRITICAL
1649,1770751311.9861078,122,CRITICAL
1650,1770751312.0061922,130,CRITICAL
1651,1770751312.0254772,130,CRITICAL
1652,1770751312.0483384,113,ALERT
1653,1770751312.0707097,110,ALERT
1654,1770751312.0916045,124,CRITICAL
1655,1770751312.1192062,122,CRITICAL
1656,1770751312.1402924,112,ALERT
1657,1770751312.168405,120,ALERT
1658,1770751312.1895921,112,ALERT
1659,1770751312.2164133,112,ALERT
1660,1770751312.2407115,125,CRITICAL
1661,1770751312.2622538,112,ALERT
1662,1770751312.2844696,112,ALERT
1663,1770751312.3093522,113,ALERT
1664,1770751312.329196,112,ALERT
1665,1770751312.3542206,124,CRITICAL
1666,1770751312.3782094,117,ALERT
1667,1770751312.3986712,129,CRITICAL
1668,1770751312.418521,117,ALERT
1669,1770751312.4388468,126,CRITICAL
1670,1770751312.4621496,118,ALERT
1671,1770751312.482914,126,CRITICAL
1672,1770751312.5057485,128,CRITICAL
1673,1770751312.5244665,127,CRITICAL
1674,1770751312.5453472,123,CRITICAL
1675,1770751312.566283,123,CRITICAL
1676,1770751312.591607,116,ALERT
1677,1770751312.6114898,125,CRITICAL
1678,1770751312.6328704,113,ALERT
1679,1770751312.6526887,115,ALERT
1680,1770751312.6751654,128,CRITICAL
1681,1770751312.6964092,120,ALERT
1682,1770751312.7231765,121,CRITICAL
1683,1770751312.742676,123,CRITICAL
1684,1770751312.7662113,114,ALERT
1685,1770751312.786112,121,CRITICAL
1686,1770751312.8038135,119,ALERT
1687,1770751312.8284457,116,ALERT
1688,1770751312.8534591,115,ALERT
1689,1770751312.875955,128,CRITICAL
1690,1770751312.8978622,116,ALERT
1691,1770751312.9231837,119,ALERT
1692,1770751312.9459074,129,CRITICAL
1693,1770751312.9672203,115,ALERT
1694,1770751312.9903214,117,ALERT
1695,1770751313.0117073,128,CRITICAL
1696,1770751313.035025,110,ALERT
1697,1770751313.0555918,122,CRITICAL
1698,1770751313.0808792,123,CRITICAL
1699,1770751313.102458,128,CRITICAL
1700,1770751313.1252239,114,ALERT
1701,1770751313.1509204,130,CRITICAL
1702,1770751313.1729126,130,CRITICAL
1703,1770751313.1954534,124,CRITICAL
1704,1770751313.2227993,119,ALERT
1705,1770751313.249901,78,NORMAL
1706,1770751313.2774072,87,NORMAL
1707,1770751313.3049693,75,NORMAL
1708,1770751313.3261616,90,NORMAL
1709,1770751313.376891,83,NORMAL
1710,1770751313.3996816,72,NORMAL
1711,1770751313.4195402,62,NORMAL
1712,1770751313.4421747,85,NORMAL
1713,1770751313.462552,84,NORMAL
1714,1770751313.487541,75,NORMAL
1715,1770751313.507418,62,NORMAL
1716,1770751313.5272846,86,NORMAL
1717,1770751313.5494618,71,NORMAL
1718,1770751313.5688772,60,NORMAL
1719,1770751313.5936627,74,NORMAL
1720,1770751313.6182063,80,NORMAL
1721,1770751313.642582,62,NORMAL
1722,1770751313.6667678,60,NORMAL
1723,1770751313.6898,85,NORMAL
1724,1770751313.711302,62,NORMAL
1725,1770751313.7334,73,NORMAL
1726,1770751313.7554986,75,NORMAL
1727,1770751313.774125,63,NORMAL
1728,1770751313.793164,69,NORMAL
1729,1770751313.8138516,79,NORMAL
1730,1770751313.8341322,73,NORMAL
1731,1770751313.8557541,73,NORMAL
1732,1770751313.8741448,73,NORMAL
1733,1770751313.8941414,64,NORMAL
1734,1770751313.9159138,122,CRITICAL
1735,1770751313.9381804,111,ALERT
1736,1770751313.9578052,124,CRITICAL
1737,1770751313.9787173,118,ALERT
1738,1770751314.002064,116,ALERT
1739,1770751314.0233014,127,CRITICAL
1740,1770751314.0476637,122,CRITICAL
1741,1770751314.072633,116,ALERT
1742,1770751314.1021917,130,CRITICAL
1743,1770751314.126536,115,ALERT
1744,1770751314.1501796,116,ALERT
1745,1770751314.1701994,123,CRITICAL
1746,1770751314.1889231,129,CRITICAL
1747,1770751314.2141259,129,CRITICAL
1748,1770751314.2391086,123,CRITICAL
1749,1770751314.263134,123,CRITICAL
1750,1770751314.2891562,124,CRITICAL
1751,1770751314.3117535,112,ALERT
1752,1770751314.3341427,110,ALERT
1753,1770751314.3585987,129,CRITICAL
1754,1770751314.3800988,122,CRITICAL
1755,1770751314.4047313,113,ALERT
1756,1770751314.429189,130,CRITICAL
1757,1770751314.45086,119,ALERT
1758,1770751314.4712877,115,ALERT
1759,1770751314.4901934,112,ALERT
1760,1770751314.514206,130,CRITICAL
1761,1770751314.5378392,122,CRITICAL
1762,1770751314.5607243,113,ALERT
1763,1770751314.5822284,120,ALERT
1764,1770751314.6059043,123,CRITICAL
1765,1770751314.628518,123,CRITICAL
1766,1770751314.6542583,121,CRITICAL
1767,1770751314.6787212,127,CRITICAL
1768,1770751314.703168,120,ALERT
1769,1770751314.7265167,118,ALERT
1770,1770751314.7485583,115,ALERT
1771,1770751314.7701693,120,ALERT
1772,1770751314.7941978,130,CRITICAL
1773,1770751314.817448,120,ALERT
1774,1770751314.8361907,129,CRITICAL
1775,1770751314.8574364,116,ALERT
1776,1770751314.8784606,113,ALERT
1777,1770751314.9002614,123,CRITICAL
1778,1770751314.9198425,120,ALERT
1779,1770751314.9437444,129,CRITICAL
1780,1770751314.9650383,120,ALERT
1781,1770751314.9845808,130,CRITICAL
1782,1770751315.0021927,126,CRITICAL
1783,1770751315.0211356,130,CRITICAL
1784,1770751315.0470538,130,CRITICAL
1785,1770751315.0721493,114,ALERT
1786,1770751315.0975544,130,CRITICAL
1787,1770751315.1220345,126,CRITICAL
1788,1770751315.1390545,119,ALERT
1789,1770751315.1621776,127,CRITICAL
1790,1770751315.186151,126,CRITICAL
1791,1770751315.2103183,127,CRITICAL
1792,1770751315.2330718,112,ALERT
1793,1770751315.257109,123,CRITICAL
1794,1770751315.2790687,129,CRITICAL
1795,1770751315.3087823,130,CRITICAL
1796,1770751315.3341737,128,CRITICAL
1797,1770751315.3579774,122,CRITICAL
1798,1770751315.3832858,119,ALERT
1799,1770751315.4061635,124,CRITICAL
1800,1770751315.4285297,114,ALERT
1801,1770751315.4507914,130,CRITICAL
1802,1770751315.4746537,125,CRITICAL
1803,1770751315.496906,112,ALERT
1804,1770751315.521289,121,CRITICAL
1805,1770751315.5408545,124,CRITICAL
1806,1770751315.5637274,127,CRITICAL
1807,1770751315.585048,114,ALERT
1808,1770751315.6077914,118,ALERT
1809,1770751315.629675,115,ALERT
1810,1770751315.654531,129,CRITICAL
1811,1770751315.67676,123,CRITICAL
1812,1770751315.6989396,120,ALERT
1813,1770751315.7186432,120,ALERT
1814,1770751315.746118,128,CRITICAL
1815,1770751315.7695494,121,CRITICAL
1816,1770751315.7890441,111,ALERT
1817,1770751315.8127635,112,ALERT
1818,1770751315.831701,119,ALERT
1819,1770751315.8553774,117,ALERT
1820,1770751315.8785763,127,CRITICAL
1821,1770751315.8951023,125,CRITICAL
1822,1770751315.9101937,123,CRITICAL
1823,1770751315.932104,130,CRITICAL
1824,1770751315.951419,129,CRITICAL
1825,1770751315.9729602,117,ALERT
1826,1770751315.9929144,123,CRITICAL
1827,1770751316.0185173,119,ALERT
1828,1770751316.0408666,123,CRITICAL
1829,1770751316.0637956,122,CRITICAL
1830,1770751316.086893,127,CRITICAL
1831,1770751316.1101565,129,CRITICAL
1832,1770751316.1314785,129,CRITICAL
1833,1770751316.1523104,126,CRITICAL
1834,1770751316.1764007,125,CRITICAL
1835,1770751316.1983702,111,ALERT
1836,1770751316.2200432,125,CRITICAL
1837,1770751316.243539,125,CRITICAL
1838,1770751316.2655544,127,CRITICAL
1839,1770751316.2916007,125,CRITICAL
1840,1770751316.3144085,126,CRITICAL
1841,1770751316.338264,121,CRITICAL
1842,1770751316.3623405,122,CRITICAL
1843,1770751316.386192,127,CRITICAL
1844,1770751316.4115734,129,CRITICAL
1845,1770751316.433297,111,ALERT
1846,1770751316.4565976,126,CRITICAL
1847,1770751316.4835508,118,ALERT
1848,1770751316.510431,122,CRITICAL
1849,1770751316.5326219,119,ALERT
1850,1770751316.5569365,111,ALERT
1851,1770751316.582798,125,CRITICAL
1852,1770751316.6061335,120,ALERT
1853,1770751316.6270967,120,ALERT
1854,1770751316.6490178,126,CRITICAL
1855,1770751316.6708958,113,ALERT
1856,1770751316.6939638,123,CRITICAL
1857,1770751316.7204688,121,CRITICAL
1858,1770751316.7443008,119,ALERT
1859,1770751316.768352,118,ALERT
1860,1770751316.7908196,122,CRITICAL
1861,1770751316.8115964,119,ALERT
1862,1770751316.835056,130,CRITICAL
1863,1770751316.8543649,120,ALERT
1864,1770751316.8778765,125,CRITICAL
1865,1770751316.9012797,117,ALERT
1866,1770751316.923366,118,ALERT
1867,1770751316.9486825,110,ALERT
1868,1770751316.9738014,114,ALERT
1869,1770751316.9980812,114,ALERT
1870,1770751317.0210521,114,ALERT
1871,1770751317.0471478,116,ALERT
1872,1770751317.065778,123,CRITICAL
1873,1770751317.0880075,115,ALERT
1874,1770751317.111497,116,ALERT
1875,1770751317.13539,121,CRITICAL
1876,1770751317.1592703,113,ALERT
1877,1770751317.1882539,117,ALERT
1878,1770751317.2089996,119,ALERT
1879,1770751317.2334704,117,ALERT
1880,1770751317.255895,126,CRITICAL
1881,1770751317.2774901,129,CRITICAL
1882,1770751317.3007743,121,CRITICAL
1883,1770751317.3236825,124,CRITICAL
1884,1770751317.3468716,130,CRITICAL
1885,1770751317.3717287,110,ALERT
1886,1770751317.3942497,126,CRITICAL
1887,1770751317.4170814,115,ALERT
1888,1770751317.4454541,122,CRITICAL
1889,1770751317.4675975,127,CRITICAL
1890,1770751317.4941516,120,ALERT
1891,1770751317.5181413,116,ALERT
1892,1770751317.5386379,119,ALERT
1893,1770751317.5625744,122,CRITICAL
1894,1770751317.5874794,119,ALERT
1895,1770751317.6122677,112,ALERT
1896,1770751317.6322944,112,ALERT
1897,1770751317.6558383,119,ALERT
1898,1770751317.6757302,121,CRITICAL
1899,1770751317.7008522,128,CRITICAL
1900,1770751317.7247176,118,ALERT
1901,1770751317.7498868,123,CRITICAL
1902,1770751317.7734456,121,CRITICAL
1903,1770751317.796593,119,ALERT
1904,1770751317.8192222,123,CRITICAL
1905,1770751317.8394883,128,CRITICAL
1906,1770751317.8600414,126,CRITICAL
1907,1770751317.8822844,117,ALERT
1908,1770751317.9086103,115,ALERT
1909,1770751317.9295712,110,ALERT
1910,1770751317.949632,118,ALERT
1911,1770751317.9714327,129,CRITICAL
1912,1770751317.9949584,125,CRITICAL
1913,1770751318.0188081,113,ALERT
1914,1770751318.040802,114,ALERT
1915,1770751318.0622466,113,ALERT
1916,1770751318.086169,128,CRITICAL
1917,1770751318.1055868,129,CRITICAL
1918,1770751318.1297925,124,CRITICAL
1919,1770751318.1506457,119,ALERT
1920,1770751318.1741295,116,ALERT
1921,1770751318.196495,124,CRITICAL
1922,1770751318.2185168,113,ALERT
1923,1770751318.2435174,121,CRITICAL
1924,1770751318.264179,112,ALERT
1925,1770751318.2889304,116,ALERT
1926,1770751318.3133233,110,ALERT
1927,1770751318.3406126,110,ALERT
1928,1770751318.3639772,124,CRITICAL
1929,1770751318.3904552,130,CRITICAL
1930,1770751318.4147923,110,ALERT
1931,1770751318.4403849,121,CRITICAL
1932,1770751318.4624078,126,CRITICAL
1933,1770751318.4854395,110,ALERT
1934,1770751318.5077145,123,CRITICAL
1935,1770751318.5278902,119,ALERT
1936,1770751318.5543523,130,CRITICAL
1937,1770751318.5767505,124,CRITICAL
1938,1770751318.5983696,113,ALERT
1939,1770751318.6241374,121,CRITICAL
1940,1770751318.6504722,118,ALERT
1941,1770751318.676459,112,ALERT
1942,1770751318.7003663,124,CRITICAL
1943,1770751318.7203214,117,ALERT
1944,1770751318.7476594,114,ALERT
1945,1770751318.771143,130,CRITICAL
1946,1770751318.7969034,130,CRITICAL
1947,1770751318.8213515,119,ALERT
1948,1770751318.846155,130,CRITICAL
1949,1770751318.8675394,119,ALERT
1950,1770751318.8984725,118,ALERT
1951,1770751318.9213786,129,CRITICAL
1952,1770751318.9463258,68,NORMAL
1953,1770751318.968146,73,NORMAL
1954,1770751318.9941623,80,NORMAL
1955,1770751319.0183492,89,NORMAL
1956,1770751319.0442753,65,NORMAL
1957,1770751319.0670545,82,NORMAL
1958,1770751319.0909388,74,NORMAL
1959,1770751319.1122913,66,NORMAL
1960,1770751319.134507,60,NORMAL
1961,1770751319.1581771,82,NORMAL
1962,1770751319.1781614,88,NORMAL
1963,1770751319.2038617,71,NORMAL
1964,1770751319.2236876,69,NORMAL
1965,1770751319.2430165,84,NORMAL
1966,1770751319.2658815,71,NORMAL
1967,1770751319.2865303,64,NORMAL
1968,1770751319.3088305,81,NORMAL
1969,1770751319.330914,71,NORMAL
1970,1770751319.355202,66,NORMAL
1971,1770751319.3775868,90,NORMAL
1972,1770751319.3928144,75,NORMAL
1973,1770751319.4158173,66,NORMAL
1974,1770751319.4362657,114,ALERT
1975,1770751319.462048,125,CRITICAL
1976,1770751319.48459,110,ALERT
1977,1770751319.5042083,122,CRITICAL
1978,1770751319.526425,120,ALERT
1979,1770751319.5467172,124,CRITICAL
1980,1770751319.5683076,116,ALERT
1981,1770751319.5899272,126,CRITICAL
1982,1770751319.612922,111,ALERT
1983,1770751319.6335907,119,ALERT
1984,1770751319.6565902,112,ALERT
1985,1770751319.6777937,114,ALERT
1986,1770751319.701045,124,CRITICAL
1987,1770751319.7254539,113,ALERT
1988,1770751319.7450428,130,CRITICAL
1989,1770751319.7676225,130,CRITICAL
1990,1770751319.7891858,110,ALERT
1991,1770751319.8079991,113,ALERT
1992,1770751319.832718,114,ALERT
1993,1770751319.8581302,122,CRITICAL
1994,1770751319.880443,111,ALERT
1995,1770751319.904215,119,ALERT
1996,1770751319.9301145,115,ALERT
1997,1770751319.9545581,124,CRITICAL
1998,1770751319.9773118,120,ALERT
1999,1770751320.0010908,128,CRITICAL
2000,1770751320.0254145,124,CRITICAL
2001,1770751320.0495596,126,CRITICAL
2002,1770751320.0727677,128,CRITICAL
2003,1770751320.094118,125,CRITICAL
2004,1770751320.1170297,124,CRITICAL
2005,1770751320.1419199,111,ALERT
2006,1770751320.1661057,118,ALERT
2007,1770751320.187455,125,CRITICAL
2008,1770751320.2123673,112,ALERT
2009,1770751320.2349124,129,CRITICAL
2010,1770751320.2600064,121,CRITICAL
2011,1770751320.2814343,124,CRITICAL
2012,1770751320.3080976,126,CRITICAL
2013,1770751320.3289182,110,ALERT
2014,1770751320.358324,116,ALERT
2015,1770751320.3807657,115,ALERT
2016,1770751320.4021232,118,ALERT
2017,1770751320.4184244,110,ALERT
2018,1770751320.4364355,114,ALERT
2019,1770751320.4608812,116,ALERT
2020,1770751320.4821873,115,ALERT
2021,1770751320.5049882,115,ALERT
2022,1770751320.528403,121,CRITICAL
2023,1770751320.5537705,122,CRITICAL
2024,1770751320.5735857,127,CRITICAL
2025,1770751320.598845,118,ALERT
2026,1770751320.6193414,120,ALERT
2027,1770751320.6389318,113,ALERT
2028,1770751320.6615613,127,CRITICAL
2029,1770751320.6860917,129,CRITICAL
2030,1770751320.7096033,111,ALERT
2031,1770751320.7296665,110,ALERT
2032,1770751320.7510293,122,CRITICAL
2033,1770751320.7756746,116,ALERT
2034,1770751320.8021355,129,CRITICAL
2035,1770751320.8247948,130,CRITICAL
2036,1770751320.8487341,129,CRITICAL
2037,1770751320.8737984,111,ALERT
2038,1770751320.8970516,110,ALERT
2039,1770751320.9195318,122,CRITICAL
2040,1770751320.945046,114,ALERT
2041,1770751320.9701242,122,CRITICAL
2042,1770751320.9954293,122,CRITICAL
2043,1770751321.0169032,125,CRITICAL
2044,1770751321.03932,121,CRITICAL
2045,1770751321.0623415,115,ALERT
2046,1770751321.084953,122,CRITICAL
2047,1770751321.1109025,115,ALERT
2048,1770751321.1310618,127,CRITICAL
2049,1770751321.1518452,120,ALERT
2050,1770751321.1753032,113,ALERT
2051,1770751321.196393,118,ALERT
2052,1770751321.2179377,122,CRITICAL
2053,1770751321.2402,118,ALERT
2054,1770751321.2591114,129,CRITICAL
2055,1770751321.2853749,117,ALERT
2056,1770751321.3067327,115,ALERT
2057,1770751321.3293266,127,CRITICAL
2058,1770751321.3502223,115,ALERT
2059,1770751321.370005,112,ALERT
2060,1770751321.3910627,124,CRITICAL
2061,1770751321.4129627,117,ALERT
2062,1770751321.4337656,128,CRITICAL
2063,1770751321.4550312,120,ALERT
2064,1770751321.474713,126,CRITICAL
2065,1770751321.4995248,117,ALERT
2066,1770751321.528605,119,ALERT
2067,1770751321.5494153,115,ALERT
2068,1770751321.5733492,115,ALERT
2069,1770751321.5918937,120,ALERT
2070,1770751321.6165588,120,ALERT
2071,1770751321.6369672,119,ALERT
2072,1770751321.6596153,117,ALERT
2073,1770751321.6826777,124,CRITICAL
2074,1770751321.7048602,114,ALERT
2075,1770751321.7311902,115,ALERT
2076,1770751321.7552502,117,ALERT
2077,1770751321.776976,118,ALERT
2078,1770751321.8010743,116,ALERT
2079,1770751321.8309462,112,ALERT
2080,1770751321.8521736,117,ALERT
2081,1770751321.8759458,120,ALERT
2082,1770751321.902146,110,ALERT
2083,1770751321.9269783,119,ALERT
2084,1770751321.950687,118,ALERT
2085,1770751321.973748,117,ALERT
2086,1770751321.9999938,122,CRITICAL
2087,1770751322.0217876,125,CRITICAL
2088,1770751322.0425446,128,CRITICAL
2089,1770751322.0674124,110,ALERT
2090,1770751322.0917332,114,ALERT
2091,1770751322.1139636,121,CRITICAL
2092,1770751322.1360793,112,ALERT
2093,1770751322.1580644,128,CRITICAL
2094,1770751322.1814692,121,CRITICAL
2095,1770751322.2029276,118,ALERT
2096,1770751322.2229106,130,CRITICAL
2097,1770751322.2416954,112,ALERT
2098,1770751322.2672188,126,CRITICAL
2099,1770751322.2931402,123,CRITICAL
2100,1770751322.3223076,119,ALERT
2101,1770751322.34245,125,CRITICAL
2102,1770751322.3671358,123,CRITICAL
2103,1770751322.3865929,120,ALERT
2104,1770751322.407487,130,CRITICAL
2105,1770751322.4557967,130,CRITICAL
2106,1770751322.4798245,119,ALERT
2107,1770751322.498397,123,CRITICAL
2108,1770751322.5265822,114,ALERT
2109,1770751322.5472524,127,CRITICAL
2110,1770751322.5849955,116,ALERT
2111,1770751322.6020992,114,ALERT
2112,1770751322.6268578,124,CRITICAL
2113,1770751322.6502802,117,ALERT
2114,1770751322.6712003,128,CRITICAL
2115,1770751322.6860964,117,ALERT
2116,1770751322.710602,122,CRITICAL
2117,1770751322.737172,119,ALERT
2118,1770751322.7605212,121,CRITICAL
2119,1770751322.7864258,112,ALERT
2120,1770751322.8086934,117,ALERT
2121,1770751322.834066,112,ALERT
2122,1770751322.8575149,116,ALERT
2123,1770751322.876614,116,ALERT
2124,1770751322.8982105,125,CRITICAL
2125,1770751322.9254777,125,CRITICAL
2126,1770751322.9567714,118,ALERT
2127,1770751322.9774587,128,CRITICAL
2128,1770751322.99641,115,ALERT
2129,1770751323.0191977,130,CRITICAL
2130,1770751323.0431793,119,ALERT
2131,1770751323.0681899,118,ALERT
2132,1770751323.0936756,118,ALERT
2133,1770751323.1154482,111,ALERT
2134,1770751323.1383295,113,ALERT
2135,1770751323.1622107,113,ALERT
2136,1770751323.1901166,130,CRITICAL
2137,1770751323.2143543,110,ALERT
2138,1770751323.2386162,114,ALERT
2139,1770751323.2639816,126,CRITICAL
2140,1770751323.2870145,110,ALERT
2141,1770751323.3110437,113,ALERT
2142,1770751323.3372736,116,ALERT
2143,1770751323.3583465,116,ALERT
2144,1770751323.3832192,121,CRITICAL
2145,1770751323.4059293,130,CRITICAL
2146,1770751323.42951,117,ALERT
2147,1770751323.448372,124,CRITICAL
2148,1770751323.472055,129,CRITICAL
2149,1770751323.494978,118,ALERT
2150,1770751323.5197628,116,ALERT
2151,1770751323.5415418,117,ALERT
2152,1770751323.5642614,113,ALERT
2153,1770751323.5833132,115,ALERT
2154,1770751323.6061928,122,CRITICAL
2155,1770751323.6276782,129,CRITICAL
2156,1770751323.648133,119,ALERT
2157,1770751323.6661525,116,ALERT
2158,1770751323.689113,115,ALERT
2159,1770751323.7114255,128,CRITICAL
2160,1770751323.726152,125,CRITICAL
2161,1770751323.7457566,127,CRITICAL
2162,1770751323.7672737,129,CRITICAL
2163,1770751323.7897854,125,CRITICAL
2164,1770751323.809189,120,ALERT
2165,1770751323.8308592,111,ALERT
2166,1770751323.8484323,114,ALERT
2167,1770751323.870169,110,ALERT
2168,1770751323.8887615,119,ALERT
2169,1770751323.9061954,128,CRITICAL
2170,1770751323.928499,126,CRITICAL
2171,1770751323.94618,111,ALERT
2172,1770751323.9666557,121,CRITICAL
2173,1770751323.9861724,120,ALERT
2174,1770751324.0039105,117,ALERT
2175,1770751324.0229979,129,CRITICAL
2176,1770751324.044939,112,ALERT
2177,1770751324.066171,116,ALERT
2178,1770751324.0853097,115,ALERT
2179,1770751324.1073697,118,ALERT
2180,1770751324.1308432,128,CRITICAL
2181,1770751324.1496031,114,ALERT
2182,1770751324.1702204,126,CRITICAL
2183,1770751324.1886158,113,ALERT
2184,1770751324.2120457,117,ALERT
2185,1770751324.2306335,128,CRITICAL
2186,1770751324.2541444,114,ALERT
2187,1770751324.2756357,110,ALERT
2188,1770751324.2982109,117,ALERT
2189,1770751324.3207555,123,CRITICAL
2190,1770751324.3387096,115,ALERT
2191,1770751324.3578258,116,ALERT
2192,1770751324.3849864,110,ALERT
2193,1770751324.4080462,114,ALERT
2194,1770751324.4280205,111,ALERT
2195,1770751324.446128,125,CRITICAL
2196,1770751324.4660153,74,NORMAL
2197,1770751324.4851751,67,NORMAL
2198,1770751324.5059712,64,NORMAL
2199,1770751324.5261226,68,NORMAL
2200,1770751324.5501633,90,NORMAL
2201,1770751324.5702136,72,NORMAL
2202,1770751324.5922544,74,NORMAL
2203,1770751324.6143668,60,NORMAL
2204,1770751324.6359212,73,NORMAL
2205,1770751324.6582375,85,NORMAL
2206,1770751324.679938,70,NORMAL
2207,1770751324.705541,68,NORMAL
2208,1770751324.725925,73,NORMAL
2209,1770751324.7502148,77,NORMAL
2210,1770751324.7736003,88,NORMAL
2211,1770751324.7981827,63,NORMAL
2212,1770751324.820746,65,NORMAL
2213,1770751324.8411908,65,NORMAL
2214,1770751324.8563213,67,NORMAL
2215,1770751324.8751597,68,NORMAL
2216,1770751324.8989983,66,NORMAL
2217,1770751324.9199667,81,NORMAL
2218,1770751324.9391716,73,NORMAL
2219,1770751324.9621465,71,NORMAL
2220,1770751324.981125,71,NORMAL
2221,1770751325.0040278,90,NORMAL
2222,1770751325.0278022,87,NORMAL
2223,1770751325.051905,82,NORMAL
2224,1770751325.0751655,72,NORMAL
2225,1770751325.100402,74,NORMAL
2226,1770751325.1255562,74,NORMAL
2227,1770751325.1465275,78,NORMAL
2228,1770751325.1740875,116,ALERT
2229,1770751325.1996253,122,CRITICAL
2230,1770751325.2229,120,ALERT
2231,1770751325.2512014,110,ALERT
2232,1770751325.2752006,125,CRITICAL
2233,1770751325.2944496,121,CRITICAL
2234,1770751325.3188505,110,ALERT
2235,1770751325.3382313,124,CRITICAL
2236,1770751325.364394,114,ALERT
2237,1770751325.3899438,116,ALERT
2238,1770751325.4136596,110,ALERT
2239,1770751325.4414632,111,ALERT
2240,1770751325.4648495,116,ALERT
2241,1770751325.487903,112,ALERT
2242,1770751325.513181,125,CRITICAL
2243,1770751325.5372672,125,CRITICAL
2244,1770751325.5525522,118,ALERT
2245,1770751325.5768983,113,ALERT
2246,1770751325.5981755,111,ALERT
2247,1770751325.622708,119,ALERT
2248,1770751325.647078,126,CRITICAL
2249,1770751325.673953,119,ALERT
2250,1770751325.700235,124,CRITICAL
2251,1770751325.7192469,126,CRITICAL
2252,1770751325.7435844,115,ALERT
2253,1770751325.7632449,130,CRITICAL
2254,1770751325.7877064,129,CRITICAL
2255,1770751325.8081913,116,ALERT
2256,1770751325.829908,128,CRITICAL
2257,1770751325.845434,115,ALERT
2258,1770751325.8630319,114,ALERT
2259,1770751325.885126,114,ALERT
2260,1770751325.9096,130,CRITICAL
2261,1770751325.9317899,113,ALERT
2262,1770751325.9609942,111,ALERT
2263,1770751325.9819314,130,CRITICAL
2264,1770751325.9994214,124,CRITICAL
2265,1770751326.0215313,122,CRITICAL
2266,1770751326.04649,115,ALERT
2267,1770751326.070785,123,CRITICAL
2268,1770751326.093912,110,ALERT
2269,1770751326.1118689,121,CRITICAL
2270,1770751326.1352189,123,CRITICAL
2271,1770751326.1569407,118,ALERT
2272,1770751326.1822283,125,CRITICAL
2273,1770751326.2027445,115,ALERT
2274,1770751326.2242503,123,CRITICAL
2275,1770751326.2457812,129,CRITICAL
2276,1770751326.26978,115,ALERT
2277,1770751326.2916994,127,CRITICAL
2278,1770751326.3149362,113,ALERT
2279,1770751326.3390672,116,ALERT
2280,1770751326.3612835,112,ALERT
2281,1770751326.38781,115,ALERT
2282,1770751326.4102113,112,ALERT
2283,1770751326.4338143,117,ALERT
2284,1770751326.4581356,118,ALERT
2285,1770751326.4796128,127,CRITICAL
2286,1770751326.5016582,113,ALERT
2287,1770751326.526217,114,ALERT
2288,1770751326.5571246,120,ALERT
2289,1770751326.58199,126,CRITICAL
2290,1770751326.607099,122,CRITICAL
2291,1770751326.6330354,123,CRITICAL
2292,1770751326.6550896,127,CRITICAL
2293,1770751326.6800542,128,CRITICAL
2294,1770751326.7055476,114,ALERT
2295,1770751326.726901,119,ALERT
2296,1770751326.7499638,128,CRITICAL
2297,1770751326.7702765,128,CRITICAL
2298,1770751326.7964132,115,ALERT
2299,1770751326.8142238,118,ALERT
2300,1770751326.8311408,118,ALERT
2301,1770751326.8480465,129,CRITICAL
2302,1770751326.8693848,115,ALERT
2303,1770751326.8889265,111,ALERT
2304,1770751326.9130566,122,CRITICAL
2305,1770751326.9391723,111,ALERT
2306,1770751326.9609344,112,ALERT
2307,1770751326.9795802,117,ALERT
2308,1770751326.9981036,121,CRITICAL
2309,1770751327.0193963,116,ALERT
2310,1770751327.0362916,128,CRITICAL
2311,1770751327.0570338,119,ALERT
2312,1770751327.0814493,125,CRITICAL
2313,1770751327.104917,114,ALERT
2314,1770751327.1310656,123,CRITICAL
2315,1770751327.15503,117,ALERT
2316,1770751327.176954,125,CRITICAL
2317,1770751327.2011023,114,ALERT
2318,1770751327.2276406,116,ALERT
2319,1770751327.255706,130,CRITICAL
2320,1770751327.2860694,115,ALERT
2321,1770751327.3078022,121,CRITICAL
2322,1770751327.3320637,114,ALERT
2323,1770751327.3541272,118,ALERT
2324,1770751327.380152,123,CRITICAL
2325,1770751327.4027317,118,ALERT
2326,1770751327.430063,124,CRITICAL
2327,1770751327.4548562,126,CRITICAL
2328,1770751327.4820292,116,ALERT
2329,1770751327.5052884,120,ALERT
2330,1770751327.5268192,118,ALERT
2331,1770751327.5463684,115,ALERT
2332,1770751327.5742555,115,ALERT
2333,1770751327.5979075,127,CRITICAL
2334,1770751327.6180313,128,CRITICAL
2335,1770751327.6410773,128,CRITICAL
2336,1770751327.665271,129,CRITICAL
2337,1770751327.6913078,113,ALERT
2338,1770751327.718096,129,CRITICAL
2339,1770751327.7429197,112,ALERT
2340,1770751327.7652955,115,ALERT
2341,1770751327.7890384,121,CRITICAL
2342,1770751327.8133779,113,ALERT
2343,1770751327.8363526,127,CRITICAL
2344,1770751327.861577,112,ALERT
2345,1770751327.883947,126,CRITICAL
2346,1770751327.9065075,113,ALERT
2347,1770751327.928885,130,CRITICAL
2348,1770751327.9482164,115,ALERT
2349,1770751327.97352,123,CRITICAL
2350,1770751327.9993377,119,ALERT
2351,1770751328.0188727,115,ALERT
2352,1770751328.039722,115,ALERT
2353,1770751328.062384,115,ALERT
2354,1770751328.0861633,127,CRITICAL
2355,1770751328.1095967,127,CRITICAL
2356,1770751328.1262295,112,ALERT
2357,1770751328.152468,122,CRITICAL
2358,1770751328.1772418,130,CRITICAL
2359,1770751328.2021365,113,ALERT
2360,1770751328.2243345,125,CRITICAL
2361,1770751328.2508574,124,CRITICAL
2362,1770751328.2738492,119,ALERT
2363,1770751328.2964075,126,CRITICAL
2364,1770751328.3220928,123,CRITICAL
2365,1770751328.3435128,116,ALERT
2366,1770751328.3636758,110,ALERT
2367,1770751328.3902316,130,CRITICAL
2368,1770751328.4095478,127,CRITICAL
2369,1770751328.4342766,128,CRITICAL
2370,1770751328.458864,116,ALERT
2371,1770751328.4835818,117,ALERT
2372,1770751328.5085618,130,CRITICAL
2373,1770751328.5330966,130,CRITICAL
2374,1770751328.5547752,114,ALERT
2375,1770751328.5732508,120,ALERT
2376,1770751328.5933967,114,ALERT
2377,1770751328.6166954,125,CRITICAL
2378,1770751328.6422343,123,CRITICAL
2379,1770751328.666473,111,ALERT
2380,1770751328.6898499,118,ALERT
2381,1770751328.7135189,130,CRITICAL
2382,1770751328.7338707,111,ALERT
2383,1770751328.7533164,120,ALERT
2384,1770751328.7759228,121,CRITICAL
2385,1770751328.8018892,128,CRITICAL
2386,1770751328.8232296,115,ALERT
2387,1770751328.8461273,112,ALERT
2388,1770751328.8696635,113,ALERT
2389,1770751328.8916347,121,CRITICAL
2390,1770751328.9147537,118,ALERT
2391,1770751328.9356213,118,ALERT
2392,1770751328.9599283,121,CRITICAL
2393,1770751328.9804115,110,ALERT
2394,1770751328.9999,125,CRITICAL
2395,1770751329.0256314,114,ALERT
2396,1770751329.0496264,111,ALERT
2397,1770751329.079447,120,ALERT
2398,1770751329.1050847,118,ALERT
2399,1770751329.1258922,120,ALERT
2400,1770751329.1534998,116,ALERT
2401,1770751329.1780488,120,ALERT
2402,1770751329.199932,112,ALERT
2403,1770751329.218904,113,ALERT
2404,1770751329.240445,118,ALERT
2405,1770751329.2638958,115,ALERT
2406,1770751329.2815237,120,ALERT
2407,1770751329.3061252,123,CRITICAL
2408,1770751329.3303223,113,ALERT
2409,1770751329.3496416,127,CRITICAL
2410,1770751329.3733292,113,ALERT
2411,1770751329.396704,127,CRITICAL
2412,1770751329.4250607,130,CRITICAL
2413,1770751329.45466,123,CRITICAL
2414,1770751329.4750547,115,ALERT
2415,1770751329.4999588,119,ALERT
2416,1770751329.5257177,123,CRITICAL
2417,1770751329.55066,124,CRITICAL
2418,1770751329.5774834,120,ALERT
2419,1770751329.5981462,122,CRITICAL
2420,1770751329.6235173,114,ALERT
2421,1770751329.6442974,130,CRITICAL
2422,1770751329.6661296,129,CRITICAL
2423,1770751329.6908586,113,ALERT
2424,1770751329.710341,117,ALERT
2425,1770751329.7346163,118,ALERT
2426,1770751329.7593193,113,ALERT
2427,1770751329.7854676,111,ALERT
2428,1770751329.8105752,116,ALERT
2429,1770751329.8324125,117,ALERT
2430,1770751329.8548741,111,ALERT
2431,1770751329.8753605,129,CRITICAL
2432,1770751329.8957224,125,CRITICAL
2433,1770751329.9178042,118,ALERT
2434,1770751329.940154,127,CRITICAL
2435,1770751329.9639366,128,CRITICAL
2436,1770751329.9912517,115,ALERT
2437,1770751330.014657,120,ALERT
2438,1770751330.0393786,128,CRITICAL
2439,1770751330.0601306,116,ALERT
2440,1770751330.0963707,123,CRITICAL
2441,1770751330.1181765,127,CRITICAL
2442,1770751330.1374853,112,ALERT
2443,1770751330.1570027,127,CRITICAL
2444,1770751330.1802642,110,ALERT
2445,1770751330.2064538,70,NORMAL
2446,1770751330.2375956,63,NORMAL
2447,1770751330.2605336,67,NORMAL
2448,1770751330.2879796,77,NORMAL
2449,1770751330.3132942,68,NORMAL
2450,1770751330.3374364,64,NORMAL
2451,1770751330.3618994,87,NORMAL
2452,1770751330.3848503,80,NORMAL
2453,1770751330.407538,69,NORMAL
2454,1770751330.4297874,61,NORMAL
2455,1770751330.4557939,68,NORMAL
2456,1770751330.4805489,76,NORMAL
2457,1770751330.5019202,60,NORMAL
2458,1770751330.5277567,74,NORMAL
2459,1770751330.5552583,61,NORMAL
2460,1770751330.5794616,89,NORMAL
2461,1770751330.601793,77,NORMAL
2462,1770751330.6260946,84,NORMAL
2463,1770751330.651888,69,NORMAL
2464,1770751330.673868,63,NORMAL
2465,1770751330.6986628,86,NORMAL
2466,1770751330.7210627,89,NORMAL
2467,1770751330.7421696,64,NORMAL
2468,1770751330.766148,62,NORMAL
2469,1770751330.79143,81,NORMAL
2470,1770751330.813412,89,NORMAL
2471,1770751330.833924,67,NORMAL
2472,1770751330.859529,87,NORMAL
2473,1770751330.8822143,90,NORMAL
2474,1770751330.9104533,88,NORMAL
2475,1770751330.9371955,72,NORMAL
2476,1770751330.961152,70,NORMAL
2477,1770751330.986874,72,NORMAL
2478,1770751331.018192,110,ALERT
2479,1770751331.04349,116,ALERT
2480,1770751331.0655525,122,CRITICAL
2481,1770751331.0942466,119,ALERT
2482,1770751331.1189249,120,ALERT
2483,1770751331.1501942,118,ALERT
2484,1770751331.1727135,117,ALERT
2485,1770751331.1968267,123,CRITICAL
2486,1770751331.2212408,118,ALERT
2487,1770751331.2474282,122,CRITICAL
2488,1770751331.2663145,129,CRITICAL
2489,1770751331.2910764,125,CRITICAL
2490,1770751331.3167274,118,ALERT
2491,1770751331.339962,129,CRITICAL
2492,1770751331.365046,128,CRITICAL
2493,1770751331.3903925,118,ALERT
2494,1770751331.4140913,112,ALERT
2495,1770751331.434162,114,ALERT
2496,1770751331.4595118,126,CRITICAL
2497,1770751331.4834087,118,ALERT
2498,1770751331.5083587,115,ALERT
2499,1770751331.5270047,114,ALERT
2500,1770751331.5507116,127,CRITICAL
2501,1770751331.5768077,112,ALERT
2502,1770751331.6039257,118,ALERT
2503,1770751331.6262069,114,ALERT
2504,1770751331.6502473,118,ALERT
2505,1770751331.6699274,112,ALERT
2506,1770751331.6943293,128,CRITICAL
2507,1770751331.7195842,119,ALERT
2508,1770751331.7452292,130,CRITICAL
2509,1770751331.7671294,118,ALERT
2510,1770751331.790238,115,ALERT
2511,1770751331.812312,121,CRITICAL
2512,1770751331.8374448,121,CRITICAL
2513,1770751331.8661985,115,ALERT
2514,1770751331.8900402,116,ALERT
2515,1770751331.919059,113,ALERT
2516,1770751331.9439836,123,CRITICAL
2517,1770751331.9726338,129,CRITICAL
2518,1770751331.9945621,111,ALERT
2519,1770751332.0188353,111,ALERT
2520,1770751332.0423849,111,ALERT
2521,1770751332.0673566,117,ALERT
2522,1770751332.0913177,126,CRITICAL
2523,1770751332.1160166,122,CRITICAL
2524,1770751332.139322,114,ALERT
2525,1770751332.1648953,122,CRITICAL
2526,1770751332.1857936,128,CRITICAL
2527,1770751332.2093148,120,ALERT
2528,1770751332.234568,120,ALERT
2529,1770751332.2576091,115,ALERT
2530,1770751332.2862475,120,ALERT
2531,1770751332.3022497,119,ALERT
2532,1770751332.3225453,118,ALERT
2533,1770751332.344374,120,ALERT
2534,1770751332.3652961,120,ALERT
2535,1770751332.391118,112,ALERT
2536,1770751332.4164898,124,CRITICAL
2537,1770751332.4426775,124,CRITICAL
2538,1770751332.471953,114,ALERT
2539,1770751332.498272,111,ALERT
2540,1770751332.520645,113,ALERT
2541,1770751332.5443904,121,CRITICAL
2542,1770751332.570207,115,ALERT
2543,1770751332.5978112,128,CRITICAL
2544,1770751332.6219273,114,ALERT
2545,1770751332.6454666,111,ALERT
2546,1770751332.6661646,121,CRITICAL
2547,1770751332.690468,130,CRITICAL
2548,1770751332.7206829,117,ALERT
2549,1770751332.7470143,118,ALERT
2550,1770751332.775193,121,CRITICAL
2551,1770751332.8017936,116,ALERT
2552,1770751332.825673,123,CRITICAL
2553,1770751332.8528128,112,ALERT
2554,1770751332.8813286,119,ALERT
2555,1770751332.907218,126,CRITICAL
2556,1770751332.9317713,115,ALERT
2557,1770751332.9582539,121,CRITICAL
2558,1770751332.9861803,126,CRITICAL
2559,1770751333.013188,111,ALERT
2560,1770751333.034591,112,ALERT
2561,1770751333.0598485,129,CRITICAL
2562,1770751333.0808773,123,CRITICAL
2563,1770751333.1044555,116,ALERT
2564,1770751333.130437,126,CRITICAL
2565,1770751333.1530106,121,CRITICAL
2566,1770751333.177687,124,CRITICAL
2567,1770751333.2013574,123,CRITICAL
2568,1770751333.2262034,114,ALERT
2569,1770751333.2504725,121,CRITICAL
2570,1770751333.2759142,125,CRITICAL
2571,1770751333.2982018,115,ALERT
2572,1770751333.3183482,127,CRITICAL
2573,1770751333.340946,116,ALERT
2574,1770751333.3662157,125,CRITICAL
2575,1770751333.3926628,124,CRITICAL
2576,1770751333.4164946,127,CRITICAL
2577,1770751333.4414647,127,CRITICAL
2578,1770751333.4644794,126,CRITICAL
2579,1770751333.4853208,130,CRITICAL
2580,1770751333.5060468,116,ALERT
2581,1770751333.5289614,127,CRITICAL
2582,1770751333.5524652,110,ALERT
2583,1770751333.5883653,114,ALERT
2584,1770751333.6114514,117,ALERT
2585,1770751333.6372,121,CRITICAL
2586,1770751333.6572957,115,ALERT
2587,1770751333.6750915,121,CRITICAL
2588,1770751333.6985898,122,CRITICAL
2589,1770751333.724868,113,ALERT
2590,1770751333.7463448,129,CRITICAL
2591,1770751333.771178,113,ALERT
2592,1770751333.7966862,129,CRITICAL
2593,1770751333.8202975,129,CRITICAL
2594,1770751333.8440006,117,ALERT
2595,1770751333.870529,123,CRITICAL
2596,1770751333.8918784,127,CRITICAL
2597,1770751333.9169726,118,ALERT
2598,1770751333.94243,127,CRITICAL
2599,1770751333.9652834,128,CRITICAL
2600,1770751333.9875627,113,ALERT
2601,1770751334.0142343,121,CRITICAL
2602,1770751334.039415,130,CRITICAL
2603,1770751334.0611155,115,ALERT
2604,1770751334.0843744,118,ALERT
2605,1770751334.1110876,120,ALERT
2606,1770751334.1328282,125,CRITICAL
2607,1770751334.1581678,122,CRITICAL
2608,1770751334.1831043,126,CRITICAL
2609,1770751334.2076213,120,ALERT
2610,1770751334.2337174,116,ALERT
2611,1770751334.2575378,125,CRITICAL
2612,1770751334.2817798,128,CRITICAL
2613,1770751334.303211,125,CRITICAL
2614,1770751334.3313754,122,CRITICAL
2615,1770751334.353068,124,CRITICAL
2616,1770751334.3795352,117,ALERT
2617,1770751334.4004862,117,ALERT
2618,1770751334.4238038,126,CRITICAL
2619,1770751334.446217,127,CRITICAL
2620,1770751334.4722676,115,ALERT
2621,1770751334.49749,116,ALERT
2622,1770751334.521794,117,ALERT
2623,1770751334.5428956,130,CRITICAL
2624,1770751334.5687916,113,ALERT
2625,1770751334.591611,119,ALERT
2626,1770751334.6140926,116,ALERT
2627,1770751334.6394403,129,CRITICAL
2628,1770751334.663191,115,ALERT
2629,1770751334.687068,122,CRITICAL
2630,1770751334.7086384,123,CRITICAL
2631,1770751334.732213,128,CRITICAL
2632,1770751334.76123,128,CRITICAL
2633,1770751334.785125,115,ALERT
2634,1770751334.817916,130,CRITICAL
2635,1770751334.849815,116,ALERT
2636,1770751334.8801513,118,ALERT
2637,1770751334.91186,119,ALERT
2638,1770751334.9367394,117,ALERT
2639,1770751334.9597769,123,CRITICAL
2640,1770751334.9928684,114,ALERT
2641,1770751335.0204983,115,ALERT
2642,1770751335.045491,116,ALERT
2643,1770751335.0690289,125,CRITICAL
2644,1770751335.090915,129,CRITICAL
2645,1770751335.1161025,129,CRITICAL
2646,1770751335.1430752,111,ALERT
2647,1770751335.1661098,115,ALERT
2648,1770751335.189702,119,ALERT
2649,1770751335.2148938,129,CRITICAL
2650,1770751335.2353272,123,CRITICAL
2651,1770751335.2604973,110,ALERT
2652,1770751335.2845817,124,CRITICAL
2653,1770751335.3117702,125,CRITICAL
2654,1770751335.336239,124,CRITICAL
2655,1770751335.3582625,116,ALERT
2656,1770751335.378168,129,CRITICAL
2657,1770751335.40099,112,ALERT
2658,1770751335.4259756,127,CRITICAL
2659,1770751335.4735076,119,ALERT
2660,1770751335.4931276,112,ALERT
2661,1770751335.5142362,122,CRITICAL
2662,1770751335.5367649,130,CRITICAL
2663,1770751335.5581522,113,ALERT
2664,1770751335.584661,119,ALERT
2665,1770751335.6135404,121,CRITICAL
2666,1770751335.6404424,130,CRITICAL
2667,1770751335.6638057,130,CRITICAL
2668,1770751335.6888466,128,CRITICAL
2669,1770751335.7131166,110,ALERT
2670,1770751335.736258,128,CRITICAL
2671,1770751335.7601788,128,CRITICAL
2672,1770751335.7861063,123,CRITICAL
2673,1770751335.811254,122,CRITICAL
2674,1770751335.8334076,112,ALERT
2675,1770751335.8578987,113,ALERT
2676,1770751335.891317,114,ALERT
2677,1770751335.9164867,114,ALERT
2678,1770751335.942406,129,CRITICAL
2679,1770751335.9682283,111,ALERT
2680,1770751335.9956458,119,ALERT
2681,1770751336.0194666,123,CRITICAL
2682,1770751336.0433495,61,NORMAL
2683,1770751336.0720468,87,NORMAL
2684,1770751336.0964966,71,NORMAL
2685,1770751336.1224275,84,NORMAL
2686,1770751336.1535015,69,NORMAL
2687,1770751336.1804316,79,NORMAL
2688,1770751336.2095358,72,NORMAL
2689,1770751336.236319,84,NORMAL
2690,1770751336.2659738,88,NORMAL
2691,1770751336.293586,60,NORMAL
2692,1770751336.3206346,61,NORMAL
2693,1770751336.3421345,71,NORMAL
2694,1770751336.363971,124,CRITICAL
2695,1770751336.3875349,124,CRITICAL
2696,1770751336.4090822,124,CRITICAL
2697,1770751336.4400978,125,CRITICAL
2698,1770751336.4647512,127,CRITICAL
2699,1770751336.4903882,121,CRITICAL
2700,1770751336.5137782,128,CRITICAL
2701,1770751336.5405915,120,ALERT
2702,1770751336.5653126,121,CRITICAL
2703,1770751336.586504,130,CRITICAL
2704,1770751336.6098537,124,CRITICAL
2705,1770751336.6347575,114,ALERT
2706,1770751336.660273,119,ALERT
2707,1770751336.6866772,124,CRITICAL
2708,1770751336.7171063,122,CRITICAL
2709,1770751336.7452712,113,ALERT
2710,1770751336.773415,119,ALERT
2711,1770751336.8014045,114,ALERT
2712,1770751336.8258376,129,CRITICAL
2713,1770751336.8514493,118,ALERT
2714,1770751336.8748503,127,CRITICAL
2715,1770751336.9005673,110,ALERT
2716,1770751336.9277127,122,CRITICAL
2717,1770751336.9471114,120,ALERT
2718,1770751336.9749353,120,ALERT
2719,1770751337.0021515,127,CRITICAL
2720,1770751337.0258276,130,CRITICAL
2721,1770751337.0525963,127,CRITICAL
2722,1770751337.0741205,121,CRITICAL
2723,1770751337.0981982,124,CRITICAL
2724,1770751337.1215055,119,ALERT
2725,1770751337.1471674,122,CRITICAL
2726,1770751337.1692514,117,ALERT
2727,1770751337.1926796,114,ALERT
2728,1770751337.2190173,122,CRITICAL
2729,1770751337.2468393,117,ALERT
2730,1770751337.271218,124,CRITICAL
2731,1770751337.3010256,112,ALERT
2732,1770751337.3266537,122,CRITICAL
2733,1770751337.3552048,125,CRITICAL
2734,1770751337.3771753,129,CRITICAL
2735,1770751337.3991704,115,ALERT
2736,1770751337.4240222,110,ALERT
2737,1770751337.4509335,113,ALERT
2738,1770751337.473294,110,ALERT
2739,1770751337.4981074,127,CRITICAL
2740,1770751337.5227275,121,CRITICAL
2741,1770751337.5459127,111,ALERT
2742,1770751337.5724564,122,CRITICAL
2743,1770751337.5968494,114,ALERT
2744,1770751337.6195931,128,CRITICAL
2745,1770751337.646574,113,ALERT
2746,1770751337.6729262,129,CRITICAL
2747,1770751337.6962612,112,ALERT
2748,1770751337.7205899,113,ALERT
2749,1770751337.746924,122,CRITICAL
2750,1770751337.7630916,125,CRITICAL
2751,1770751337.7832308,128,CRITICAL
2752,1770751337.8113723,118,ALERT
2753,1770751337.8331497,128,CRITICAL
2754,1770751337.858221,117,ALERT
2755,1770751337.8819695,124,CRITICAL
2756,1770751337.906281,124,CRITICAL
2757,1770751337.9301186,113,ALERT
2758,1770751337.9567819,118,ALERT
2759,1770751337.977179,129,CRITICAL
2760,1770751338.0002222,119,ALERT
2761,1770751338.025828,128,CRITICAL
2762,1770751338.0496578,115,ALERT
2763,1770751338.072909,126,CRITICAL
2764,1770751338.1003084,110,ALERT
2765,1770751338.1270218,124,CRITICAL
2766,1770751338.1511102,112,ALERT
2767,1770751338.1779976,113,ALERT
2768,1770751338.2034473,111,ALERT
2769,1770751338.229161,123,CRITICAL
2770,1770751338.251694,121,CRITICAL
2771,1770751338.277859,117,ALERT
2772,1770751338.3063765,126,CRITICAL
2773,1770751338.3316987,110,ALERT
2774,1770751338.3521144,127,CRITICAL
2775,1770751338.3816147,117,ALERT
2776,1770751338.404076,126,CRITICAL
2777,1770751338.4240978,118,ALERT
2778,1770751338.4499078,127,CRITICAL
2779,1770751338.4730477,128,CRITICAL
2780,1770751338.4980948,120,ALERT
2781,1770751338.5242605,121,CRITICAL
2782,1770751338.5442724,119,ALERT
2783,1770751338.56552,123,CRITICAL
2784,1770751338.587604,113,ALERT
2785,1770751338.6128643,124,CRITICAL
2786,1770751338.6332548,118,ALERT
2787,1770751338.6542187,114,ALERT
2788,1770751338.6750853,115,ALERT
2789,1770751338.6960597,126,CRITICAL
2790,1770751338.7182477,128,CRITICAL
2791,1770751338.7419171,111,ALERT
2792,1770751338.762439,119,ALERT
2793,1770751338.7912498,122,CRITICAL
2794,1770751338.817084,113,ALERT
2795,1770751338.837417,121,CRITICAL
2796,1770751338.8589308,120,ALERT
2797,1770751338.8822784,121,CRITICAL
2798,1770751338.9086773,128,CRITICAL
2799,1770751338.932666,124,CRITICAL
2800,1770751338.961317,118,ALERT
2801,1770751338.9852417,110,ALERT
2802,1770751339.0098188,116,ALERT
2803,1770751339.0278566,110,ALERT
2804,1770751339.04952,121,CRITICAL
2805,1770751339.074056,121,CRITICAL
2806,1770751339.0964239,117,ALERT
2807,1770751339.1219673,116,ALERT
2808,1770751339.1495476,117,ALERT
2809,1770751339.1734247,114,ALERT
2810,1770751336.7355497,126,CRITICAL
2811,1770751336.763695,130,CRITICAL
2812,1770751336.7933176,120,ALERT
2813,1770751336.8208425,119,ALERT
2814,1770751336.84374,114,ALERT
2815,1770751336.8706973,121,CRITICAL
2816,1770751336.8927853,116,ALERT
2817,1770751336.9199083,123,CRITICAL
2818,1770751336.942786,114,ALERT
2819,1770751336.9624,114,ALERT
2820,1770751336.9901266,118,ALERT
2821,1770751337.014909,123,CRITICAL
2822,1770751337.0440753,120,ALERT
2823,1770751337.0695484,123,CRITICAL
2824,1770751337.0935574,118,ALERT
2825,1770751337.1193233,117,ALERT
2826,1770751337.1383367,129,CRITICAL
2827,1770751337.165282,126,CRITICAL
2828,1770751337.188898,117,ALERT
2829,1770751337.2175565,130,CRITICAL
2830,1770751337.2446132,120,ALERT
2831,1770751337.2717395,113,ALERT
2832,1770751337.2898157,128,CRITICAL
2833,1770751337.3165143,110,ALERT
2834,1770751337.3391478,111,ALERT
2835,1770751337.3629937,128,CRITICAL
2836,1770751337.384153,121,CRITICAL
2837,1770751337.4067051,118,ALERT
2838,1770751337.428796,121,CRITICAL
2839,1770751337.453368,129,CRITICAL
2840,1770751337.471996,120,ALERT
2841,1770751337.4969716,124,CRITICAL
2842,1770751337.5166347,121,CRITICAL
2843,1770751337.544933,124,CRITICAL
2844,1770751337.5648518,128,CRITICAL
2845,1770751337.5855134,117,ALERT
2846,1770751337.606098,112,ALERT
2847,1770751337.6264496,128,CRITICAL
2848,1770751337.6464849,115,ALERT
2849,1770751337.6707845,111,ALERT
2850,1770751337.6936157,116,ALERT
2851,1770751337.715761,127,CRITICAL
2852,1770751337.7408764,116,ALERT
2853,1770751337.7654388,120,ALERT
2854,1770751337.7936187,122,CRITICAL
2855,1770751337.8138883,129,CRITICAL
2856,1770751337.8424988,125,CRITICAL
2857,1770751337.8706777,111,ALERT
2858,1770751337.892972,129,CRITICAL
2859,1770751337.9188852,117,ALERT
2860,1770751337.9452112,114,ALERT
2861,1770751337.9689982,121,CRITICAL
2862,1770751337.994993,129,CRITICAL
2863,1770751338.015251,128,CRITICAL
2864,1770751338.0419583,116,ALERT
2865,1770751338.0645843,122,CRITICAL
2866,1770751338.0867546,130,CRITICAL
2867,1770751338.113114,114,ALERT
2868,1770751338.1358602,125,CRITICAL
2869,1770751338.1599126,126,CRITICAL
2870,1770751338.1849272,113,ALERT
2871,1770751338.2087312,114,ALERT
2872,1770751338.2339456,118,ALERT
2873,1770751338.255475,119,ALERT
2874,1770751338.2761438,127,CRITICAL
2875,1770751338.2979238,114,ALERT
2876,1770751338.3221028,118,ALERT
2877,1770751338.3445566,113,ALERT
2878,1770751338.3709488,110,ALERT
2879,1770751338.3921483,119,ALERT
2880,1770751338.4198241,124,CRITICAL
2881,1770751338.438286,122,CRITICAL
2882,1770751338.4615731,125,CRITICAL
2883,1770751338.4881327,118,ALERT
2884,1770751338.5099134,115,ALERT
2885,1770751338.5362594,117,ALERT
2886,1770751338.5572577,110,ALERT
2887,1770751338.5814958,125,CRITICAL
2888,1770751338.6058006,111,ALERT
2889,1770751338.6339402,110,ALERT
2890,1770751338.6582086,115,ALERT
2891,1770751338.6796227,126,CRITICAL
2892,1770751338.705659,111,ALERT
2893,1770751338.7294703,113,ALERT
2894,1770751338.7530925,130,CRITICAL
2895,1770751338.7752907,120,ALERT
2896,1770751338.797955,129,CRITICAL
2897,1770751338.8247597,121,CRITICAL
2898,1770751338.8500762,118,ALERT
2899,1770751338.8740084,125,CRITICAL
2900,1770751338.8978198,119,ALERT
2901,1770751338.9207218,127,CRITICAL
2902,1770751338.9403048,117,ALERT
2903,1770751338.9604337,115,ALERT
2904,1770751338.9882545,125,CRITICAL
2905,1770751339.0140278,119,ALERT
2906,1770751339.040929,127,CRITICAL
2907,1770751339.0672681,127,CRITICAL
2908,1770751339.0927918,111,ALERT
2909,1770751339.1175518,113,ALERT
2910,1770751339.1413286,115,ALERT
2911,1770751339.164591,126,CRITICAL
2912,1770751339.1916525,123,CRITICAL
2913,1770751339.2149527,118,ALERT
2914,1770751339.2409666,119,ALERT
2915,1770751339.2615232,124,CRITICAL
2916,1770751339.2839522,117,ALERT
2917,1770751339.3099632,123,CRITICAL
2918,1770751339.3406906,127,CRITICAL
2919,1770751339.3655229,129,CRITICAL
2920,1770751339.3926396,124,CRITICAL
2921,1770751339.413539,127,CRITICAL
2922,1770751339.4369223,110,ALERT
2923,1770751339.4598742,119,ALERT
2924,1770751339.4814165,120,ALERT
2925,1770751339.5055296,126,CRITICAL
2926,1770751339.5286524,115,ALERT
2927,1770751339.5545886,114,ALERT
2928,1770751339.575455,124,CRITICAL
2929,1770751339.597458,126,CRITICAL
2930,1770751339.622133,122,CRITICAL
2931,1770751339.649302,112,ALERT
2932,1770751339.665091,119,ALERT
2933,1770751339.6862614,127,CRITICAL
2934,1770751339.7066376,113,ALERT
2935,1770751339.7294626,128,CRITICAL
2936,1770751339.7507129,111,ALERT
2937,1770751339.772749,126,CRITICAL
2938,1770751339.7908297,126,CRITICAL
2939,1770751339.8122113,123,CRITICAL
2940,1770751339.83506,116,ALERT
2941,1770751339.8582966,119,ALERT
2942,1770751339.8856235,119,ALERT
2943,1770751339.9087315,119,ALERT
2944,1770751339.9317515,117,ALERT
2945,1770751339.9606218,121,CRITICAL
2946,1770751339.9866498,113,ALERT
2947,1770751340.0150511,120,ALERT
2948,1770751340.039531,129,CRITICAL
2949,1770751340.0605767,129,CRITICAL
2950,1770751340.084018,128,CRITICAL
2951,1770751340.109222,121,CRITICAL
2952,1770751340.1339898,112,ALERT
2953,1770751340.1540236,110,ALERT
2954,1770751340.1823819,122,CRITICAL
2955,1770751340.2092853,122,CRITICAL
2956,1770751340.2315774,116,ALERT
2957,1770751340.2574413,119,ALERT
2958,1770751340.2803752,129,CRITICAL
2959,1770751340.3050342,123,CRITICAL
2960,1770751340.3294208,119,ALERT
2961,1770751340.357135,116,ALERT
2962,1770751340.3798537,115,ALERT
2963,1770751340.4052258,111,ALERT
2964,1770751340.429479,123,CRITICAL
2965,1770751340.4573805,122,CRITICAL
2966,1770751340.4774637,125,CRITICAL
2967,1770751340.5047572,111,ALERT
2968,1770751340.523131,115,ALERT
2969,1770751340.5491142,130,CRITICAL
2970,1770751340.5721574,129,CRITICAL
2971,1770751340.599575,121,CRITICAL
2972,1770751340.6214933,128,CRITICAL
2973,1770751340.645684,124,CRITICAL
2974,1770751340.6708484,126,CRITICAL
2975,1770751340.6935432,130,CRITICAL
2976,1770751340.7187638,118,ALERT
2977,1770751340.7451746,120,ALERT
2978,1770751340.7651608,125,CRITICAL
2979,1770751340.7866848,114,ALERT
2980,1770751340.8169267,114,ALERT
2981,1770751340.8441513,130,CRITICAL
2982,1770751340.863432,126,CRITICAL
2983,1770751340.8915243,127,CRITICAL
2984,1770751340.9153626,110,ALERT
2985,1770751340.9431057,121,CRITICAL
2986,1770751340.9655676,121,CRITICAL
2987,1770751340.9895566,120,ALERT
2988,1770751341.011865,126,CRITICAL
2989,1770751341.0341527,110,ALERT
2990,1770751341.0546987,112,ALERT
2991,1770751341.0825195,128,CRITICAL
2992,1770751341.1053777,118,ALERT
2993,1770751341.1282465,121,CRITICAL
2994,1770751341.1503546,130,CRITICAL
2995,1770751341.1734042,128,CRITICAL
2996,1770751341.2009373,113,ALERT
2997,1770751341.2240727,123,CRITICAL
2998,1770751341.2458375,110,ALERT
2999,1770751341.272252,115,ALERT
3000,1770751341.29627,130,CRITICAL
3001,1770751341.3174703,114,ALERT
3002,1770751341.3412025,124,CRITICAL
3003,1770751341.3655014,127,CRITICAL
3004,1770751341.3857067,69,NORMAL
3005,1770751341.4134965,64,NORMAL
3006,1770751341.436079,78,NORMAL
3007,1770751341.4603484,65,NORMAL
3008,1770751341.4884324,63,NORMAL
3009,1770751341.516673,90,NORMAL
3010,1770751341.5413492,62,NORMAL
3011,1770751341.5670087,72,NORMAL
3012,1770751341.5916972,71,NORMAL
3013,1770751341.6192691,83,NORMAL
3014,1770751341.6396616,63,NORMAL
3015,1770751341.6615827,73,NORMAL
3016,1770751341.6866632,85,NORMAL
3017,1770751341.7123318,62,NORMAL
3018,1770751341.7371852,68,NORMAL
3019,1770751341.763947,86,NORMAL
3020,1770751341.7900474,63,NORMAL
3021,1770751341.813525,78,NORMAL
3022,1770751341.8373978,88,NORMAL
3023,1770751341.8622966,71,NORMAL
3024,1770751341.8821754,81,NORMAL
3025,1770751341.9068992,84,NORMAL
3026,1770751341.9284625,88,NORMAL
3027,1770751341.9486737,89,NORMAL
3028,1770751341.9739504,64,NORMAL
3029,1770751341.995995,66,NORMAL
3030,1770751342.0155277,77,NORMAL
3031,1770751342.0411255,68,NORMAL
3032,1770751342.0626767,129,CRITICAL
3033,1770751342.0874422,117,ALERT
3034,1770751342.1094935,130,CRITICAL
3035,1770751342.137207,123,CRITICAL
3036,1770751342.160721,119,ALERT
3037,1770751342.1856472,113,ALERT
3038,1770751342.2096837,127,CRITICAL
3039,1770751342.234532,123,CRITICAL
3040,1770751342.2535188,130,CRITICAL
3041,1770751342.277589,126,CRITICAL
3042,1770751342.299902,119,ALERT
3043,1770751342.3255026,113,ALERT
3044,1770751342.3489454,130,CRITICAL
3045,1770751342.3725364,118,ALERT
3046,1770751342.3946598,122,CRITICAL
3047,1770751342.417539,128,CRITICAL
3048,1770751342.4391215,121,CRITICAL
3049,1770751342.4615164,125,CRITICAL
3050,1770751342.4846063,121,CRITICAL
3051,1770751342.508545,122,CRITICAL
3052,1770751342.5298283,114,ALERT
3053,1770751342.5524068,113,ALERT
3054,1770751342.573228,116,ALERT
3055,1770751342.5935273,112,ALERT
3056,1770751342.6141732,122,CRITICAL
3057,1770751342.640304,113,ALERT
3058,1770751342.6681106,111,ALERT
3059,1770751342.6921477,123,CRITICAL
3060,1770751342.7136364,124,CRITICAL
3061,1770751342.7411404,124,CRITICAL
3062,1770751342.7632437,117,ALERT
3063,1770751342.7887986,112,ALERT
3064,1770751342.812212,112,ALERT
3065,1770751342.8375192,110,ALERT
3066,1770751342.859883,122,CRITICAL
3067,1770751342.8836734,111,ALERT
3068,1770751342.9055312,129,CRITICAL
3069,1770751342.929558,126,CRITICAL
3070,1770751342.9494328,130,CRITICAL
3071,1770751342.973967,126,CRITICAL
3072,1770751342.9955657,129,CRITICAL
3073,1770751343.0215645,114,ALERT
3074,1770751343.0449493,122,CRITICAL
3075,1770751343.0669773,114,ALERT
3076,1770751343.0899663,130,CRITICAL
3077,1770751343.1076384,127,CRITICAL
3078,1770751343.133286,115,ALERT
3079,1770751343.1558895,130,CRITICAL
3080,1770751343.181281,130,CRITICAL
3081,1770751343.2043571,127,CRITICAL
3082,1770751343.2284088,118,ALERT
3083,1770751343.2548974,122,CRITICAL
3084,1770751343.2773998,114,ALERT
3085,1770751343.2997718,122,CRITICAL
3086,1770751343.325705,112,ALERT
3087,1770751343.3508458,128,CRITICAL
3088,1770751343.3723428,125,CRITICAL
3089,1770751343.3934543,122,CRITICAL
3090,1770751343.4135685,123,CRITICAL
3091,1770751343.4387999,124,CRITICAL
3092,1770751343.4635665,130,CRITICAL
3093,1770751343.4885244,111,ALERT
3094,1770751343.511912,113,ALERT
3095,1770751343.5365775,127,CRITICAL
3096,1770751343.5615141,125,CRITICAL
3097,1770751343.5848064,114,ALERT
3098,1770751343.6137393,118,ALERT
3099,1770751343.6348004,129,CRITICAL
3100,1770751343.6575532,112,ALERT
3101,1770751343.677445,114,ALERT
3102,1770751343.7000484,130,CRITICAL
3103,1770751343.7216446,122,CRITICAL
3104,1770751343.7455373,128,CRITICAL
3105,1770751343.7695987,126,CRITICAL
3106,1770751343.792863,126,CRITICAL
3107,1770751343.8135343,128,CRITICAL
3108,1770751343.838483,112,ALERT
3109,1770751343.8600414,121,CRITICAL
3110,1770751343.882658,115,ALERT
3111,1770751343.9033093,130,CRITICAL
3112,1770751343.9289289,117,ALERT
3113,1770751343.9550822,124,CRITICAL
3114,1770751343.9750922,114,ALERT
3115,1770751343.998396,124,CRITICAL
3116,1770751344.0222352,110,ALERT
3117,1770751344.0427945,122,CRITICAL
3118,1770751344.065593,115,ALERT
3119,1770751344.0903213,117,ALERT
3120,1770751344.1110592,118,ALERT
3121,1770751344.1343422,118,ALERT
3122,1770751344.156289,119,ALERT
3123,1770751344.1793056,110,ALERT
3124,1770751344.2004414,129,CRITICAL
3125,1770751344.222713,113,ALERT
3126,1770751344.2465262,129,CRITICAL
3127,1770751344.2689276,119,ALERT
3128,1770751344.2931771,121,CRITICAL
3129,1770751344.320395,129,CRITICAL
3130,1770751344.3453877,127,CRITICAL
3131,1770751344.3694434,114,ALERT
3132,1770751344.3945231,110,ALERT
3133,1770751344.416005,122,CRITICAL
3134,1770751344.4375255,115,ALERT
3135,1770751344.4611738,115,ALERT
3136,1770751344.486711,121,CRITICAL
3137,1770751344.5108383,117,ALERT
3138,1770751344.5368164,114,ALERT
3139,1770751344.5586884,130,CRITICAL
3140,1770751344.5810053,120,ALERT
3141,1770751344.6054816,112,ALERT
3142,1770751344.6251433,113,ALERT
3143,1770751344.645497,123,CRITICAL
3144,1770751344.6664643,115,ALERT
3145,1770751344.6931026,123,CRITICAL
3146,1770751344.715426,110,ALERT
3147,1770751344.7387693,123,CRITICAL
3148,1770751344.7613943,116,ALERT
3149,1770751344.786709,110,ALERT
3150,1770751344.8082786,129,CRITICAL
3151,1770751344.831093,120,ALERT
3152,1770751344.8534272,117,ALERT
3153,1770751344.879321,120,ALERT
3154,1770751344.9015238,114,ALERT
3155,1770751344.9291444,115,ALERT
3156,1770751344.9499438,115,ALERT
3157,1770751344.9721477,118,ALERT
3158,1770751344.9966779,122,CRITICAL
3159,1770751345.016962,113,ALERT
3160,1770751345.0414124,114,ALERT
3161,1770751345.0654194,113,ALERT
3162,1770751345.081699,116,ALERT
3163,1770751345.0985942,121,CRITICAL
3164,1770751345.1197517,122,CRITICAL
3165,1770751345.1429677,123,CRITICAL
3166,1770751345.1673393,123,CRITICAL
3167,1770751345.1934707,126,CRITICAL
3168,1770751345.2122877,122,CRITICAL
3169,1770751345.235591,127,CRITICAL
3170,1770751345.255489,122,CRITICAL
3171,1770751345.2782445,121,CRITICAL
3172,1770751345.3015797,130,CRITICAL
3173,1770751345.3220289,124,CRITICAL
3174,1770751345.3453298,127,CRITICAL
3175,1770751345.367001,113,ALERT
3176,1770751345.3914955,120,ALERT
3177,1770751345.4117174,118,ALERT
3178,1770751345.4322243,115,ALERT
3179,1770751345.4590147,126,CRITICAL
3180,1770751345.4807374,111,ALERT
3181,1770751345.504245,118,ALERT
3182,1770751345.528007,121,CRITICAL
3183,1770751345.553087,122,CRITICAL
3184,1770751345.5782044,128,CRITICAL
3185,1770751345.597559,125,CRITICAL
3186,1770751345.6213803,110,ALERT
3187,1770751345.6435273,124,CRITICAL
3188,1770751345.6679525,128,CRITICAL
3189,1770751345.6933627,110,ALERT
3190,1770751345.7175348,113,ALERT
3191,1770751345.740874,113,ALERT
3192,1770751345.7599146,112,ALERT
3193,1770751345.7842557,128,CRITICAL
3194,1770751345.8065045,110,ALERT
3195,1770751345.8301468,112,ALERT
3196,1770751345.8504648,112,ALERT
3197,1770751345.8723211,130,CRITICAL
3198,1770751345.8983626,126,CRITICAL
3199,1770751345.9203308,129,CRITICAL
3200,1770751345.942998,118,ALERT
3201,1770751345.9677346,119,ALERT
3202,1770751345.989244,120,ALERT
3203,1770751346.009527,130,CRITICAL
3204,1770751346.033305,114,ALERT
3205,1770751346.0575001,112,ALERT
3206,1770751346.082674,111,ALERT
3207,1770751346.1061568,128,CRITICAL
3208,1770751346.1271558,127,CRITICAL
3209,1770751346.149271,110,ALERT
3210,1770751346.1730752,122,CRITICAL
3211,1770751346.196603,120,ALERT
3212,1770751346.2176135,114,ALERT
3213,1770751346.2375236,129,CRITICAL
3214,1770751346.2621338,119,ALERT
3215,1770751346.285508,129,CRITICAL
3216,1770751346.3112528,113,ALERT
3217,1770751346.3338654,117,ALERT
3218,1770751346.358312,125,CRITICAL
3219,1770751346.378534,122,CRITICAL
3220,1770751346.4005375,124,CRITICAL
3221,1770751346.4262192,122,CRITICAL
3222,1770751346.4533894,128,CRITICAL
3223,1770751346.4796982,114,ALERT
3224,1770751346.5072625,127,CRITICAL
3225,1770751346.5306084,122,CRITICAL
3226,1770751346.5575526,120,ALERT
3227,1770751346.5816398,112,ALERT
3228,1770751346.6041925,115,ALERT
3229,1770751346.6292381,118,ALERT
3230,1770751346.653831,118,ALERT
3231,1770751346.6752667,117,ALERT
3232,1770751346.6986861,116,ALERT
3233,1770751346.7202032,123,CRITICAL
3234,1770751346.745083,124,CRITICAL
3235,1770751346.7695405,121,CRITICAL
3236,1770751346.7925756,123,CRITICAL
3237,1770751346.8146245,126,CRITICAL
3238,1770751346.8418589,122,CRITICAL
3239,1770751346.866563,127,CRITICAL
3240,1770751346.8893862,122,CRITICAL
3241,1770751346.9116828,127,CRITICAL
3242,1770751346.9320402,113,ALERT
3243,1770751346.9551566,128,CRITICAL
3244,1770751346.979805,124,CRITICAL
3245,1770751347.0030868,125,CRITICAL
3246,1770751347.0312243,113,ALERT
3247,1770751347.0543396,114,ALERT
3248,1770751347.0748012,125,CRITICAL
3249,1770751347.0975976,88,NORMAL
3250,1770751347.1235535,73,NORMAL
3251,1770751347.146111,83,NORMAL
3252,1770751347.1671731,78,NORMAL
3253,1770751347.1871877,70,NORMAL
3254,1770751347.2128913,66,NORMAL
3255,1770751347.2326815,62,NORMAL
3256,1770751347.2553346,123,CRITICAL
3257,1770751347.2767506,123,CRITICAL
3258,1770751347.297365,124,CRITICAL
3259,1770751347.3214571,122,CRITICAL
3260,1770751347.344896,112,ALERT
3261,1770751347.3686144,110,ALERT
3262,1770751347.3925893,113,ALERT
3263,1770751347.418328,125,CRITICAL
3264,1770751347.4374306,130,CRITICAL
3265,1770751347.462512,123,CRITICAL
3266,1770751347.4858282,110,ALERT
3267,1770751347.5135431,116,ALERT
3268,1770751347.535467,130,CRITICAL
3269,1770751347.565418,115,ALERT
3270,1770751347.5890663,116,ALERT
3271,1770751347.6138031,110,ALERT
3272,1770751347.6387162,116,ALERT
3273,1770751347.6642034,118,ALERT
3274,1770751347.6881468,128,CRITICAL
3275,1770751347.710689,116,ALERT
3276,1770751347.7374978,115,ALERT
3277,1770751347.7605588,116,ALERT
3278,1770751347.7852807,121,CRITICAL
3279,1770751347.809511,110,ALERT
3280,1770751347.8326082,125,CRITICAL
3281,1770751347.8575606,119,ALERT
3282,1770751347.8815608,128,CRITICAL
3283,1770751347.9054823,113,ALERT
3284,1770751347.9294002,130,CRITICAL
3285,1770751347.9541466,127,CRITICAL
3286,1770751347.9772797,127,CRITICAL
3287,1770751348.0039532,130,CRITICAL
3288,1770751348.02413,125,CRITICAL
3289,1770751348.0453877,112,ALERT
3290,1770751348.0687118,117,ALERT
3291,1770751348.091102,118,ALERT
3292,1770751348.1113842,123,CRITICAL
3293,1770751348.1346207,122,CRITICAL
3294,1770751348.1595788,112,ALERT
3295,1770751348.1855166,121,CRITICAL
3296,1770751348.2084897,112,ALERT
3297,1770751348.2308352,111,ALERT
3298,1770751348.2535057,125,CRITICAL
3299,1770751348.2782211,114,ALERT
3300,1770751348.3030493,121,CRITICAL
3301,1770751348.3277519,114,ALERT
3302,1770751348.3514645,116,ALERT
3303,1770751348.3741777,126,CRITICAL
3304,1770751348.3995702,122,CRITICAL
3305,1770751348.4460256,128,CRITICAL
3306,1770751348.4632306,127,CRITICAL
3307,1770751348.4853022,110,ALERT
3308,1770751348.509076,123,CRITICAL
3309,1770751348.534388,128,CRITICAL
3310,1770751348.5538607,129,CRITICAL
3311,1770751348.5764942,127,CRITICAL
3312,1770751348.6014488,123,CRITICAL
3313,1770751348.6255434,127,CRITICAL
3314,1770751348.6484227,115,ALERT
3315,1770751348.6751635,118,ALERT
3316,1770751348.702122,120,ALERT
3317,1770751348.7253826,118,ALERT
3318,1770751348.7473316,126,CRITICAL
3319,1770751348.772925,120,ALERT
3320,1770751348.7966282,125,CRITICAL
3321,1770751348.817137,117,ALERT
3322,1770751348.8421142,125,CRITICAL
3323,1770751348.8639083,126,CRITICAL
3324,1770751348.8877032,116,ALERT
3325,1770751348.913561,128,CRITICAL
3326,1770751348.93747,128,CRITICAL
3327,1770751348.9568827,127,CRITICAL
3328,1770751348.9824548,117,ALERT
3329,1770751349.0049102,125,CRITICAL
3330,1770751349.0312884,129,CRITICAL
3331,1770751349.0540466,130,CRITICAL
3332,1770751349.0799432,110,ALERT
3333,1770751349.104299,112,ALERT
3334,1770751349.136623,121,CRITICAL
3335,1770751349.1589966,128,CRITICAL
3336,1770751349.17967,117,ALERT
3337,1770751349.20328,111,ALERT
3338,1770751349.2251663,124,CRITICAL
3339,1770751349.2471976,126,CRITICAL
3340,1770751349.2710598,130,CRITICAL
3341,1770751349.2935088,123,CRITICAL
3342,1770751349.3135166,121,CRITICAL
3343,1770751349.3372462,127,CRITICAL
3344,1770751349.3600261,127,CRITICAL
3345,1770751349.3816326,127,CRITICAL
3346,1770751349.4049108,125,CRITICAL
3347,1770751349.4306066,123,CRITICAL
3348,1770751349.4502838,124,CRITICAL
3349,1770751349.4688835,111,ALERT
3350,1770751349.4916139,111,ALERT
3351,1770751349.5116823,127,CRITICAL
3352,1770751349.5335658,119,ALERT
3353,1770751349.559629,117,ALERT
3354,1770751349.5804176,115,ALERT
3355,1770751349.605527,129,CRITICAL
3356,1770751349.627337,126,CRITICAL
3357,1770751349.6484363,130,CRITICAL
3358,1770751349.6720939,114,ALERT
3359,1770751349.6955047,113,ALERT
3360,1770751349.7141414,122,CRITICAL
3361,1770751349.7408826,110,ALERT
3362,1770751349.7613204,121,CRITICAL
3363,1770751349.7882502,110,ALERT
3364,1770751349.809085,127,CRITICAL
3365,1770751349.8331282,116,ALERT
3366,1770751349.8556511,113,ALERT
3367,1770751349.8743978,129,CRITICAL
3368,1770751349.8975816,124,CRITICAL
3369,1770751349.9200656,112,ALERT
3370,1770751349.9456449,114,ALERT
3371,1770751349.9673162,128,CRITICAL
3372,1770751349.9891722,116,ALERT
3373,1770751350.0110722,125,CRITICAL
3374,1770751350.0368946,127,CRITICAL
3375,1770751350.059941,119,ALERT
3376,1770751350.082082,130,CRITICAL
3377,1770751350.1031125,123,CRITICAL
3378,1770751350.1272178,110,ALERT
3379,1770751350.15242,120,ALERT
3380,1770751350.1763337,115,ALERT
3381,1770751350.1974285,112,ALERT
3382,1770751350.2233098,110,ALERT
3383,1770751350.2469327,116,ALERT
3384,1770751350.2686856,111,ALERT
3385,1770751350.2938082,114,ALERT
3386,1770751350.3135014,119,ALERT
3387,1770751350.34052,125,CRITICAL
3388,1770751350.3634872,130,CRITICAL
3389,1770751350.3885415,122,CRITICAL
3390,1770751350.4156508,115,ALERT
3391,1770751350.4404578,116,ALERT
3392,1770751350.4661472,130,CRITICAL
3393,1770751350.4825416,129,CRITICAL
3394,1770751350.505006,115,ALERT
3395,1770751350.527696,110,ALERT
3396,1770751350.5515773,112,ALERT
3397,1770751350.5750027,119,ALERT
3398,1770751350.6015575,110,ALERT
3399,1770751350.6251094,112,ALERT
3400,1770751350.6498873,110,ALERT
3401,1770751350.6735067,110,ALERT
3402,1770751350.697455,121,CRITICAL
3403,1770751350.722109,112,ALERT
3404,1770751350.7437828,116,ALERT
3405,1770751350.7691698,126,CRITICAL
3406,1770751350.7907963,130,CRITICAL
3407,1770751350.8136218,110,ALERT
3408,1770751350.8368099,122,CRITICAL
3409,1770751350.8573785,124,CRITICAL
3410,1770751350.8853054,124,CRITICAL
3411,1770751350.907722,121,CRITICAL
3412,1770751350.9349535,116,ALERT
3413,1770751350.9588485,127,CRITICAL
3414,1770751350.9844534,125,CRITICAL
3415,1770751351.0047028,110,ALERT
3416,1770751351.0252302,119,ALERT
3417,1770751351.049088,128,CRITICAL
3418,1770751351.0725567,125,CRITICAL
3419,1770751351.0987005,113,ALERT
3420,1770751351.119621,130,CRITICAL
3421,1770751351.1441126,119,ALERT
3422,1770751351.1654277,113,ALERT
3423,1770751351.1875544,113,ALERT
3424,1770751351.210989,112,ALERT
3425,1770751351.2357333,119,ALERT
3426,1770751351.2590635,115,ALERT
3427,1770751351.2820706,128,CRITICAL
3428,1770751351.3089516,127,CRITICAL
3429,1770751351.3343022,127,CRITICAL
3430,1770751351.3577743,116,ALERT
3431,1770751351.3813522,123,CRITICAL
3432,1770751351.4063294,113,ALERT
3433,1770751351.4269314,111,ALERT
3434,1770751351.4505823,110,ALERT
3435,1770751351.474776,113,ALERT
3436,1770751351.4955747,119,ALERT
3437,1770751351.5211189,124,CRITICAL
3438,1770751351.5431817,127,CRITICAL
3439,1770751351.566905,114,ALERT
3440,1770751351.5899248,122,CRITICAL
3441,1770751351.615967,124,CRITICAL
3442,1770751351.6381896,117,ALERT
3443,1770751351.661791,126,CRITICAL
3444,1770751351.6812434,123,CRITICAL
3445,1770751351.6985693,120,ALERT
3446,1770751351.7184408,118,ALERT
3447,1770751351.7406044,110,ALERT
3448,1770751351.7690156,115,ALERT
3449,1770751351.7923563,127,CRITICAL
3450,1770751351.8135855,117,ALERT
3451,1770751351.8375165,126,CRITICAL
3452,1770751351.8581867,113,ALERT
3453,1770751351.8821237,119,ALERT
3454,1770751351.904514,128,CRITICAL
3455,1770751351.9310408,119,ALERT
3456,1770751351.952783,111,ALERT
3457,1770751351.981181,126,CRITICAL
3458,1770751352.0032556,119,ALERT
3459,1770751352.023849,124,CRITICAL
3460,1770751352.0485182,118,ALERT
3461,1770751352.068973,126,CRITICAL
3462,1770751352.091548,118,ALERT
3463,1770751352.11343,126,CRITICAL
3464,1770751352.1358275,115,ALERT
3465,1770751352.1572933,112,ALERT
3466,1770751352.1789699,127,CRITICAL
3467,1770751352.2043207,122,CRITICAL
3468,1770751352.2310293,113,ALERT
3469,1770751352.2527137,111,ALERT
3470,1770751352.2769642,110,ALERT
3471,1770751352.3015826,89,NORMAL
3472,1770751352.3241918,69,NORMAL
3473,1770751352.3511405,88,NORMAL
3474,1770751352.3728561,60,NORMAL
3475,1770751352.3952763,72,NORMAL
3476,1770751352.4210064,69,NORMAL
3477,1770751352.4415271,68,NORMAL
3478,1770751352.4640448,79,NORMAL
3479,1770751352.4887736,73,NORMAL
3480,1770751352.5129468,71,NORMAL
3481,1770751352.5350385,69,NORMAL
3482,1770751352.5577538,69,NORMAL
3483,1770751352.5785203,74,NORMAL
3484,1770751352.611386,68,NORMAL
3485,1770751352.6336868,86,NORMAL
3486,1770751352.659752,88,NORMAL
3487,1770751352.6831908,87,NORMAL
3488,1770751352.7023404,85,NORMAL
3489,1770751352.724341,62,NORMAL
3490,1770751352.7472892,76,NORMAL
3491,1770751352.7695613,80,NORMAL
3492,1770751352.7934272,75,NORMAL
3493,1770751352.8184597,83,NORMAL
3494,1770751352.8414283,77,NORMAL
3495,1770751352.8656182,85,NORMAL
3496,1770751352.890108,71,NORMAL
3497,1770751352.9144058,88,NORMAL
3498,1770751352.9370117,79,NORMAL
3499,1770751352.960636,90,NORMAL
3500,1770751352.9830718,86,NORMAL
3501,1770751353.0051138,86,NORMAL
3502,1770751353.025237,89,NORMAL
3503,1770751353.0449336,85,NORMAL
3504,1770751353.0669312,77,NORMAL
3505,1770751353.0926993,65,NORMAL
3506,1770751353.111562,79,NORMAL
3507,1770751353.1352909,75,NORMAL
3508,1770751353.1617246,90,NORMAL
3509,1770751353.1843724,60,NORMAL
3510,1770751353.2067726,89,NORMAL
3511,1770751353.2261631,63,NORMAL
3512,1770751353.2483306,115,ALERT
3513,1770751353.2705677,113,ALERT
3514,1770751353.2913508,110,ALERT
3515,1770751353.315654,126,CRITICAL
3516,1770751353.3374774,127,CRITICAL
3517,1770751353.3587768,112,ALERT
3518,1770751353.3811336,121,CRITICAL
3519,1770751353.4046822,119,ALERT
3520,1770751353.4286532,111,ALERT
3521,1770751353.4500253,129,CRITICAL
3522,1770751353.475257,111,ALERT
3523,1770751353.4987857,111,ALERT
3524,1770751353.522127,124,CRITICAL
3525,1770751353.543579,120,ALERT
3526,1770751353.5663846,118,ALERT
3527,1770751353.591574,117,ALERT
3528,1770751353.6214507,120,ALERT
3529,1770751353.6464348,128,CRITICAL
3530,1770751353.6703432,126,CRITICAL
3531,1770751353.6955974,116,ALERT
3532,1770751353.7172,120,ALERT
3533,1770751353.7390757,116,ALERT
3534,1770751353.762936,124,CRITICAL
3535,1770751353.7871208,128,CRITICAL
3536,1770751353.8091319,130,CRITICAL
3537,1770751353.8304896,110,ALERT
3538,1770751353.8546655,123,CRITICAL
3539,1770751353.8793309,110,ALERT
3540,1770751353.903024,114,ALERT
3541,1770751353.9284859,112,ALERT
3542,1770751353.9502306,126,CRITICAL
3543,1770751353.9734888,124,CRITICAL
3544,1770751353.9984195,114,ALERT
3545,1770751354.0280404,130,CRITICAL
3546,1770751354.049289,116,ALERT
3547,1770751354.0761867,119,ALERT
3548,1770751354.100058,114,ALERT
3549,1770751354.1281624,114,ALERT
3550,1770751354.1521406,125,CRITICAL
3551,1770751354.1774082,121,CRITICAL
3552,1770751354.203077,118,ALERT
3553,1770751354.2282982,130,CRITICAL
3554,1770751354.248742,121,CRITICAL
3555,1770751354.2745564,117,ALERT
3556,1770751354.295296,125,CRITICAL
3557,1770751354.317436,121,CRITICAL
3558,1770751354.3416038,116,ALERT
3559,1770751354.36186,130,CRITICAL
3560,1770751354.3914568,118,ALERT
3561,1770751354.4162216,127,CRITICAL
3562,1770751354.4371128,118,ALERT
3563,1770751354.4616218,128,CRITICAL
3564,1770751354.486492,117,ALERT
3565,1770751354.5084121,118,ALERT
3566,1770751354.5372853,120,ALERT
3567,1770751354.5638688,111,ALERT
3568,1770751354.590313,114,ALERT
3569,1770751354.616256,118,ALERT
3570,1770751354.6405523,126,CRITICAL
3571,1770751354.6650748,115,ALERT
3572,1770751354.6879191,115,ALERT
3573,1770751354.7149522,121,CRITICAL
3574,1770751354.7374315,118,ALERT
3575,1770751354.7630107,126,CRITICAL
3576,1770751354.7886453,127,CRITICAL
3577,1770751354.8104,126,CRITICAL
3578,1770751354.8312798,113,ALERT
3579,1770751354.8556612,130,CRITICAL
3580,1770751354.8750834,130,CRITICAL
3581,1770751354.9002752,112,ALERT
3582,1770751354.9248903,122,CRITICAL
3583,1770751354.948232,128,CRITICAL
3584,1770751354.971572,113,ALERT
3585,1770751354.9938855,110,ALERT
3586,1770751355.015731,114,ALERT
3587,1770751355.0390224,120,ALERT
3588,1770751355.063384,122,CRITICAL
3589,1770751355.0863287,118,ALERT
3590,1770751355.1135886,128,CRITICAL
3591,1770751355.137222,118,ALERT
3592,1770751355.165779,117,ALERT
3593,1770751355.1893067,121,CRITICAL
3594,1770751355.2149894,124,CRITICAL
3595,1770751355.236731,119,ALERT
3596,1770751355.2589104,127,CRITICAL
3597,1770751355.281873,129,CRITICAL
3598,1770751355.305589,128,CRITICAL
3599,1770751355.3289242,126,CRITICAL
3600,1770751355.3478198,111,ALERT
3601,1770751355.3703542,112,ALERT
3602,1770751355.3918822,115,ALERT
3603,1770751355.413753,112,ALERT
3604,1770751355.441719,121,CRITICAL
3605,1770751355.4629517,120,ALERT
3606,1770751355.48572,115,ALERT
3607,1770751355.5083783,119,ALERT
3608,1770751355.5295749,124,CRITICAL
3609,1770751355.5536432,126,CRITICAL
3610,1770751355.574501,128,CRITICAL
3611,1770751355.598222,128,CRITICAL
3612,1770751355.6204743,110,ALERT
3613,1770751355.643603,130,CRITICAL
3614,1770751355.6690726,116,ALERT
3615,1770751355.6916652,118,ALERT
3616,1770751355.7108195,128,CRITICAL
3617,1770751355.7289736,128,CRITICAL
3618,1770751355.745551,128,CRITICAL
3619,1770751355.7695115,128,CRITICAL
3620,1770751355.7935216,115,ALERT
3621,1770751355.8161378,119,ALERT
3622,1770751355.8414814,123,CRITICAL
3623,1770751355.8669908,118,ALERT
3624,1770751355.8894029,126,CRITICAL
3625,1770751355.9084797,123,CRITICAL
3626,1770751355.9253988,122,CRITICAL
3627,1770751355.9452398,122,CRITICAL
3628,1770751355.9630115,121,CRITICAL
3629,1770751355.9849944,111,ALERT
3630,1770751356.0101557,113,ALERT
3631,1770751356.0302727,119,ALERT
3632,1770751356.0552888,130,CRITICAL
3633,1770751356.0776844,120,ALERT
3634,1770751356.1003382,128,CRITICAL
3635,1770751356.1228454,110,ALERT
3636,1770751356.1476996,120,ALERT
3637,1770751356.1724036,128,CRITICAL
3638,1770751356.190135,125,CRITICAL
3639,1770751356.2112653,124,CRITICAL
3640,1770751356.2347264,123,CRITICAL
3641,1770751356.2541616,118,ALERT
3642,1770751356.2791903,120,ALERT
3643,1770751356.3028693,115,ALERT
3644,1770751356.3216934,118,ALERT
3645,1770751356.3459642,128,CRITICAL
3646,1770751356.3694172,122,CRITICAL
3647,1770751356.3934155,116,ALERT
3648,1770751356.4178364,128,CRITICAL
3649,1770751356.4448829,127,CRITICAL
3650,1770751356.4655108,115,ALERT
3651,1770751356.4881802,124,CRITICAL
3652,1770751356.509962,112,ALERT
3653,1770751356.5316062,128,CRITICAL
3654,1770751356.5577059,125,CRITICAL
3655,1770751356.5853136,111,ALERT
3656,1770751356.6051304,118,ALERT
3657,1770751356.6281009,119,ALERT
3658,1770751356.6493998,119,ALERT
3659,1770751356.6711302,112,ALERT
3660,1770751356.6957977,120,ALERT
3661,1770751356.7168627,124,CRITICAL
3662,1770751356.743159,126,CRITICAL
3663,1770751356.7684033,110,ALERT
3664,1770751356.7920084,111,ALERT
3665,1770751356.8148,114,ALERT
3666,1770751356.8361988,130,CRITICAL
3667,1770751356.859147,130,CRITICAL
3668,1770751356.8822918,126,CRITICAL
3669,1770751356.9042103,123,CRITICAL
3670,1770751356.92568,112,ALERT
3671,1770751356.9487348,110,ALERT
3672,1770751356.9732268,124,CRITICAL
3673,1770751356.9967391,112,ALERT
3674,1770751357.0205052,127,CRITICAL
3675,1770751357.0476527,120,ALERT
3676,1770751357.065799,122,CRITICAL
3677,1770751357.0906816,115,ALERT
3678,1770751357.1159203,118,ALERT
3679,1770751357.1374664,130,CRITICAL
3680,1770751357.156905,113,ALERT
3681,1770751357.1775153,120,ALERT
3682,1770751357.2002769,117,ALERT
3683,1770751357.225164,125,CRITICAL
3684,1770751357.2498937,116,ALERT
3685,1770751357.2711332,113,ALERT
3686,1770751357.2968102,121,CRITICAL
3687,1770751357.3208008,127,CRITICAL
3688,1770751357.347015,111,ALERT
3689,1770751357.372792,124,CRITICAL
3690,1770751357.3977363,118,ALERT
3691,1770751357.4223099,127,CRITICAL
3692,1770751357.4424808,130,CRITICAL
3693,1770751357.4669635,112,ALERT
3694,1770751357.489053,120,ALERT
3695,1770751357.512471,120,ALERT
3696,1770751357.534901,130,CRITICAL
3697,1770751357.5597532,116,ALERT
3698,1770751357.58567,123,CRITICAL
3699,1770751357.6060064,116,ALERT
3700,1770751357.631605,113,ALERT
3701,1770751357.6545634,110,ALERT
3702,1770751357.6746554,124,CRITICAL
3703,1770751357.700682,110,ALERT
3704,1770751357.725269,122,CRITICAL
3705,1770751357.7467752,128,CRITICAL
3706,1770751357.7673845,130,CRITICAL
3707,1770751357.7929618,116,ALERT
3708,1770751357.8155818,126,CRITICAL
3709,1770751357.8384213,113,ALERT
3710,1770751357.862943,123,CRITICAL
3711,1770751357.8868022,120,ALERT
3712,1770751357.910891,110,ALERT
3713,1770751357.9327908,113,ALERT
3714,1770751357.9526246,111,ALERT
3715,1770751357.9769056,116,ALERT
3716,1770751358.001449,126,CRITICAL
3717,1770751358.0247126,113,ALERT
3718,1770751358.045538,118,ALERT
3719,1770751358.0682588,124,CRITICAL
3720,1770751358.091235,113,ALERT
3721,1770751358.113583,123,CRITICAL
3722,1770751358.1404126,111,ALERT
3723,1770751358.1638546,112,ALERT
3724,1770751358.1851315,126,CRITICAL
3725,1770751358.209389,121,CRITICAL
3726,1770751358.2306063,112,ALERT
3727,1770751358.2541144,118,ALERT
3728,1770751358.2786398,67,NORMAL
3729,1770751358.3032048,74,NORMAL
3730,1770751358.3273919,65,NORMAL
3731,1770751358.3535955,71,NORMAL
3732,1770751358.3707163,79,NORMAL
3733,1770751358.3971531,78,NORMAL
3734,1770751358.4228876,87,NORMAL
3735,1770751358.4464028,66,NORMAL
3736,1770751358.4723973,80,NORMAL
3737,1770751358.4935455,79,NORMAL
3738,1770751358.5149322,78,NORMAL
3739,1770751358.5377042,74,NORMAL
3740,1770751358.5613127,69,NORMAL
3741,1770751358.5844648,84,NORMAL
3742,1770751358.6072245,66,NORMAL
3743,1770751358.6292238,62,NORMAL
3744,1770751358.6510909,65,NORMAL
3745,1770751358.6746633,60,NORMAL
3746,1770751358.6971993,115,ALERT
3747,1770751358.721154,112,ALERT
3748,1770751358.743851,125,CRITICAL
3749,1770751358.765823,128,CRITICAL
3750,1770751358.7880638,129,CRITICAL
3751,1770751358.8136597,116,ALERT
3752,1770751358.838203,117,ALERT
3753,1770751358.8602388,115,ALERT
3754,1770751358.8833783,125,CRITICAL
3755,1770751358.9094882,115,ALERT
3756,1770751358.933492,125,CRITICAL
3757,1770751358.9552267,110,ALERT
3758,1770751358.9748323,124,CRITICAL
3759,1770751358.9992766,120,ALERT
3760,1770751359.0235965,128,CRITICAL
3761,1770751359.0469115,126,CRITICAL
3762,1770751359.0707612,120,ALERT
3763,1770751359.0938728,125,CRITICAL
3764,1770751359.119356,118,ALERT
3765,1770751359.1429842,124,CRITICAL
3766,1770751359.1640337,130,CRITICAL
3767,1770751359.1880887,130,CRITICAL
3768,1770751359.2050447,126,CRITICAL
3769,1770751359.2274766,116,ALERT
3770,1770751359.2529817,120,ALERT
3771,1770751359.2719672,118,ALERT
3772,1770751359.2969193,129,CRITICAL
3773,1770751359.3170216,127,CRITICAL
3774,1770751359.3374145,116,ALERT
3775,1770751359.3587348,120,ALERT
3776,1770751359.381154,112,ALERT
3777,1770751359.4002445,111,ALERT
3778,1770751359.4257848,119,ALERT
3779,1770751359.4456267,113,ALERT
3780,1770751359.47316,112,ALERT
3781,1770751359.494924,114,ALERT
3782,1770751359.5213814,123,CRITICAL
3783,1770751359.5444634,111,ALERT
3784,1770751359.5665514,125,CRITICAL
3785,1770751359.5930123,118,ALERT
3786,1770751359.6144524,114,ALERT
3787,1770751359.6375341,124,CRITICAL
3788,1770751359.65849,116,ALERT
3789,1770751359.6812618,118,ALERT
3790,1770751359.7068262,120,ALERT
3791,1770751359.7317622,113,ALERT
3792,1770751359.7544558,130,CRITICAL
3793,1770751359.7782643,129,CRITICAL
3794,1770751359.8008058,121,CRITICAL
3795,1770751359.826626,113,ALERT
3796,1770751359.8504388,125,CRITICAL
3797,1770751359.8720515,113,ALERT
3798,1770751359.8953195,120,ALERT
3799,1770751359.9198403,130,CRITICAL
3800,1770751359.9441948,126,CRITICAL
3801,1770751359.968302,115,ALERT
3802,1770751359.9944067,120,ALERT
3803,1770751360.020589,119,ALERT
3804,1770751360.0430703,124,CRITICAL
3805,1770751360.0660534,122,CRITICAL
3806,1770751360.0874155,126,CRITICAL
3807,1770751360.107505,114,ALERT
3808,1770751360.1301444,125,CRITICAL
3809,1770751360.1516669,117,ALERT
3810,1770751360.173582,114,ALERT
3811,1770751360.1972613,126,CRITICAL
3812,1770751360.217212,110,ALERT
3813,1770751360.2374063,117,ALERT
3814,1770751360.2610037,111,ALERT
3815,1770751360.2837725,124,CRITICAL
3816,1770751360.3095243,126,CRITICAL
3817,1770751360.3289595,110,ALERT
3818,1770751360.3565605,115,ALERT
3819,1770751360.3805325,115,ALERT
3820,1770751360.405872,117,ALERT
3821,1770751360.4295661,120,ALERT
3822,1770751360.449219,118,ALERT
3823,1770751360.4691796,110,ALERT
3824,1770751360.4919972,110,ALERT
3825,1770751360.516713,121,CRITICAL
3826,1770751360.5417912,129,CRITICAL
3827,1770751360.5676703,115,ALERT
3828,1770751360.5885663,112,ALERT
3829,1770751360.6125777,120,ALERT
3830,1770751360.637242,126,CRITICAL
3831,1770751360.65861,117,ALERT
3832,1770751360.6814544,115,ALERT
3833,1770751360.7044184,113,ALERT
3834,1770751360.7276564,130,CRITICAL
3835,1770751360.749777,116,ALERT
3836,1770751360.7755997,123,CRITICAL
3837,1770751360.8013058,116,ALERT
3838,1770751360.8247821,120,ALERT
3839,1770751360.8503847,116,ALERT
3840,1770751360.8707988,119,ALERT
3841,1770751360.892049,124,CRITICAL
3842,1770751360.9179778,113,ALERT
3843,1770751360.9401424,130,CRITICAL
3844,1770751360.9649487,119,ALERT
3845,1770751360.985624,126,CRITICAL
3846,1770751361.0114439,122,CRITICAL
3847,1770751361.038829,122,CRITICAL
3848,1770751361.0595248,127,CRITICAL
3849,1770751361.084601,122,CRITICAL
3850,1770751361.109501,117,ALERT
3851,1770751361.132204,111,ALERT
3852,1770751361.1552386,112,ALERT
3853,1770751361.1808503,127,CRITICAL
3854,1770751361.2036839,123,CRITICAL
3855,1770751361.2282488,111,ALERT
3856,1770751361.2520967,120,ALERT
3857,1770751361.2767875,110,ALERT
3858,1770751361.3002038,127,CRITICAL
3859,1770751361.3251567,126,CRITICAL
3860,1770751361.3397357,112,ALERT
3861,1770751361.3583484,126,CRITICAL
3862,1770751361.3791518,128,CRITICAL
3863,1770751361.400984,117,ALERT
3864,1770751361.4247825,115,ALERT
3865,1770751361.44981,114,ALERT
3866,1770751361.473891,112,ALERT
3867,1770751361.4981287,111,ALERT
3868,1770751361.5215058,118,ALERT
3869,1770751361.5449374,121,CRITICAL
3870,1770751361.565493,117,ALERT
3871,1770751361.587874,125,CRITICAL
3872,1770751361.6088367,112,ALERT
3873,1770751361.6323924,117,ALERT
3874,1770751361.6563702,121,CRITICAL
3875,1770751361.682893,124,CRITICAL
3876,1770751361.7033827,129,CRITICAL
3877,1770751361.732908,120,ALERT
3878,1770751361.7574286,124,CRITICAL
3879,1770751361.781473,118,ALERT
3880,1770751361.8031197,115,ALERT
3881,1770751361.824407,115,ALERT
3882,1770751361.8474438,130,CRITICAL
3883,1770751361.867739,110,ALERT
3884,1770751361.8914247,123,CRITICAL
3885,1770751361.9196815,118,ALERT
3886,1770751361.943971,125,CRITICAL
3887,1770751361.968129,111,ALERT
3888,1770751361.9921744,129,CRITICAL
3889,1770751362.017275,122,CRITICAL
3890,1770751362.0376194,123,CRITICAL
3891,1770751362.0625064,110,ALERT
3892,1770751362.0843794,120,ALERT
3893,1770751362.1070313,112,ALERT
3894,1770751362.1303282,110,ALERT
3895,1770751362.1534216,117,ALERT
3896,1770751362.1733816,126,CRITICAL
3897,1770751362.1972477,117,ALERT
3898,1770751362.2224002,122,CRITICAL
3899,1770751362.2425096,124,CRITICAL
3900,1770751362.2642663,117,ALERT
3901,1770751362.2843795,127,CRITICAL
3902,1770751362.307256,111,ALERT
3903,1770751362.3475835,121,CRITICAL
3904,1770751362.3810792,111,ALERT
3905,1770751362.4053574,110,ALERT
3906,1770751362.429722,110,ALERT
3907,1770751362.4495573,110,ALERT
3908,1770751362.4750345,127,CRITICAL
3909,1770751362.4963286,114,ALERT
3910,1770751362.5220697,120,ALERT
3911,1770751362.5416043,128,CRITICAL
3912,1770751362.5622838,115,ALERT
3913,1770751362.5853584,129,CRITICAL
3914,1770751362.6098592,111,ALERT
3915,1770751362.6335444,126,CRITICAL
3916,1770751362.660314,120,ALERT
3917,1770751362.6841044,116,ALERT
3918,1770751362.7055914,116,ALERT
3919,1770751362.7288158,127,CRITICAL
3920,1770751362.7503026,120,ALERT
3921,1770751362.7726092,111,ALERT
3922,1770751362.7947085,123,CRITICAL
3923,1770751362.8222992,124,CRITICAL
3924,1770751362.848125,114,ALERT
3925,1770751362.8727534,113,ALERT
3926,1770751362.9007742,117,ALERT
3927,1770751362.9285893,116,ALERT
3928,1770751362.9510164,129,CRITICAL
3929,1770751362.973449,112,ALERT
3930,1770751362.99623,122,CRITICAL
3931,1770751363.0210807,119,ALERT
3932,1770751363.0476513,112,ALERT
3933,1770751363.0799818,111,ALERT
3934,1770751363.1077402,115,ALERT
3935,1770751363.136359,127,CRITICAL
3936,1770751363.1639237,121,CRITICAL
3937,1770751363.186662,126,CRITICAL
3938,1770751363.212974,127,CRITICAL
3939,1770751363.2335124,115,ALERT
3940,1770751363.2591596,125,CRITICAL
3941,1770751363.282816,128,CRITICAL
3942,1770751363.3010836,118,ALERT
3943,1770751363.3177037,121,CRITICAL
3944,1770751363.341518,125,CRITICAL
3945,1770751363.3614657,118,ALERT
3946,1770751363.3856137,122,CRITICAL
3947,1770751363.407419,120,ALERT
3948,1770751363.429212,111,ALERT
3949,1770751363.455285,123,CRITICAL
3950,1770751363.4774637,120,ALERT
3951,1770751363.5043523,120,ALERT
3952,1770751363.5282001,120,ALERT
3953,1770751363.5535886,116,ALERT
3954,1770751363.57922,112,ALERT
3955,1770751363.6055477,129,CRITICAL
3956,1770751363.6305764,121,CRITICAL
3957,1770751363.6526632,126,CRITICAL
3958,1770751363.6740472,130,CRITICAL
3959,1770751363.693504,113,ALERT
3960,1770751363.717231,121,CRITICAL
3961,1770751363.7402334,90,NORMAL
3962,1770751363.7648075,85,NORMAL
3963,1770751363.7863584,76,NORMAL
3964,1770751363.8075078,81,NORMAL
3965,1770751363.8305275,84,NORMAL
3966,1770751363.8509948,73,NORMAL
3967,1770751363.8746722,63,NORMAL
3968,1770751363.9020183,86,NORMAL
3969,1770751363.925266,72,NORMAL
3970,1770751363.9481962,67,NORMAL
3971,1770751363.9722214,67,NORMAL
3972,1770751363.9908834,61,NORMAL
3973,1770751364.0143728,90,NORMAL
3974,1770751364.037876,82,NORMAL
3975,1770751364.0574977,79,NORMAL
3976,1770751364.0807734,70,NORMAL
3977,1770751364.1054218,76,NORMAL
3978,1770751364.1279387,67,NORMAL
3979,1770751364.1524642,88,NORMAL
3980,1770751364.172609,77,NORMAL
3981,1770751364.1990607,84,NORMAL
3982,1770751364.2199204,60,NORMAL
3983,1770751364.2436764,79,NORMAL
3984,1770751364.2692313,88,NORMAL
3985,1770751364.2918234,70,NORMAL
3986,1770751364.3158665,85,NORMAL
3987,1770751364.3378093,75,NORMAL
3988,1770751364.3613386,63,NORMAL
3989,1770751364.3851554,81,NORMAL
3990,1770751364.4069839,79,NORMAL
3991,1770751364.434711,86,NORMAL
3992,1770751364.455455,67,NORMAL
3993,1770751364.4775527,65,NORMAL
3994,1770751364.502115,74,NORMAL
3995,1770751364.524426,62,NORMAL
3996,1770751364.5456233,74,NORMAL
3997,1770751364.5669467,77,NORMAL
3998,1770751364.589407,82,NORMAL
3999,1770751364.615743,76,NORMAL
4000,1770751364.641271,72,NORMAL
4001,1770751364.6672847,88,NORMAL
4002,1770751364.6894333,79,NORMAL
4003,1770751364.7135003,84,NORMAL
4004,1770751364.7331214,60,NORMAL
4005,1770751364.7596397,69,NORMAL
4006,1770751364.781583,65,NORMAL
4007,1770751364.8078947,64,NORMAL
4008,1770751364.8288293,60,NORMAL
4009,1770751364.8563032,71,NORMAL
4010,1770751364.8797696,87,NORMAL
4011,1770751364.898232,67,NORMAL
4012,1770751364.9257665,67,NORMAL
4013,1770751364.949078,79,NORMAL
4014,1770751364.9730089,83,NORMAL
4015,1770751364.996262,86,NORMAL
4016,1770751365.0185452,76,NORMAL
4017,1770751365.044302,76,NORMAL
4018,1770751365.0692658,89,NORMAL
4019,1770751365.0948594,86,NORMAL
4020,1770751365.1200554,65,NORMAL
4021,1770751365.1424859,61,NORMAL
4022,1770751365.1665494,89,NORMAL
4023,1770751365.1898067,86,NORMAL
4024,1770751365.2125516,69,NORMAL
4025,1770751365.2365856,78,NORMAL
4026,1770751365.2613885,74,NORMAL
4027,1770751365.2855322,84,NORMAL
4028,1770751365.3095758,88,NORMAL
4029,1770751365.3334286,85,NORMAL
4030,1770751365.3533967,60,NORMAL
4031,1770751365.3770583,64,NORMAL
4032,1770751365.4004931,73,NORMAL
4033,1770751365.4235172,60,NORMAL
4034,1770751365.4426806,76,NORMAL
4035,1770751365.4654312,88,NORMAL
4036,1770751365.4865055,78,NORMAL
4037,1770751365.5091088,60,NORMAL
4038,1770751365.5328798,76,NORMAL
4039,1770751365.5532334,81,NORMAL
4040,1770751365.5775213,62,NORMAL
4041,1770751365.6015034,87,NORMAL
4042,1770751365.6255212,78,NORMAL
4043,1770751365.6506078,64,NORMAL
4044,1770751365.6735916,129,CRITICAL
4045,1770751365.6976457,127,CRITICAL
4046,1770751365.724325,122,CRITICAL
4047,1770751365.7465718,125,CRITICAL
4048,1770751365.770318,114,ALERT
4049,1770751365.7917278,111,ALERT
4050,1770751365.8186374,110,ALERT
4051,1770751365.839139,127,CRITICAL
4052,1770751365.8635085,111,ALERT
4053,1770751365.8874166,121,CRITICAL
4054,1770751365.911298,118,ALERT
4055,1770751365.9352348,130,CRITICAL
4056,1770751365.957788,119,ALERT
4057,1770751365.9825907,130,CRITICAL
4058,1770751366.008742,120,ALERT
4059,1770751366.036866,110,ALERT
4060,1770751366.0619252,121,CRITICAL
4061,1770751366.0852823,113,ALERT
4062,1770751366.1102695,116,ALERT
4063,1770751366.1321409,123,CRITICAL
4064,1770751366.1527495,113,ALERT
4065,1770751366.1775627,110,ALERT
4066,1770751366.2033012,113,ALERT
4067,1770751366.2236886,114,ALERT
4068,1770751366.2483692,115,ALERT
4069,1770751366.2688777,126,CRITICAL
4070,1770751366.2906468,125,CRITICAL
4071,1770751366.3164005,112,ALERT
4072,1770751366.3364575,119,ALERT
4073,1770751366.3583882,114,ALERT
4074,1770751366.381827,119,ALERT
4075,1770751366.4055088,124,CRITICAL
4076,1770751366.4289255,111,ALERT
4077,1770751366.4497337,119,ALERT
4078,1770751366.4706342,123,CRITICAL
4079,1770751366.49493,130,CRITICAL
4080,1770751366.520841,113,ALERT
4081,1770751366.543801,127,CRITICAL
4082,1770751366.5655136,130,CRITICAL
4083,1770751366.5888202,118,ALERT
4084,1770751366.6127517,124,CRITICAL
4085,1770751366.6334083,111,ALERT
4086,1770751366.6575263,125,CRITICAL
4087,1770751366.6839712,124,CRITICAL
4088,1770751366.7026334,114,ALERT
4089,1770751366.7221515,128,CRITICAL
4090,1770751366.7453094,117,ALERT
4091,1770751366.763838,127,CRITICAL
4092,1770751366.7816281,118,ALERT
4093,1770751366.807325,122,CRITICAL
4094,1770751366.826718,130,CRITICAL
4095,1770751366.8489008,130,CRITICAL
4096,1770751366.871877,129,CRITICAL
4097,1770751366.8956056,122,CRITICAL
4098,1770751366.9211614,129,CRITICAL
4099,1770751366.943463,129,CRITICAL
4100,1770751366.9665022,115,ALERT
4101,1770751366.9884455,124,CRITICAL
4102,1770751367.0139372,119,ALERT
4103,1770751367.0396898,121,CRITICAL
4104,1770751367.0588732,125,CRITICAL
4105,1770751367.0762177,115,ALERT
4106,1770751367.1004825,124,CRITICAL
4107,1770751367.1209004,115,ALERT
4108,1770751367.1454449,122,CRITICAL
4109,1770751367.1668673,114,ALERT
4110,1770751367.1882288,128,CRITICAL
4111,1770751367.2103446,111,ALERT
4112,1770751367.2335203,123,CRITICAL
4113,1770751367.258814,127,CRITICAL
4114,1770751367.2822056,116,ALERT
4115,1770751367.3056877,117,ALERT
4116,1770751367.326959,120,ALERT
4117,1770751367.3494468,114,ALERT
4118,1770751367.3702538,127,CRITICAL
4119,1770751367.3967774,126,CRITICAL
4120,1770751367.416207,110,ALERT
4121,1770751367.4422605,122,CRITICAL
4122,1770751367.4648736,116,ALERT
4123,1770751367.4882593,128,CRITICAL
4124,1770751367.5095904,110,ALERT
4125,1770751367.5326245,124,CRITICAL
4126,1770751367.554513,114,ALERT
4127,1770751367.5763698,112,ALERT
4128,1770751367.5990767,122,CRITICAL
4129,1770751367.6247244,130,CRITICAL
4130,1770751367.6465797,110,ALERT
4131,1770751367.6712193,117,ALERT
4132,1770751367.6929905,110,ALERT
4133,1770751367.7132304,114,ALERT
4134,1770751367.7320259,121,CRITICAL
4135,1770751367.759066,111,ALERT
4136,1770751367.7814214,120,ALERT
4137,1770751367.802568,118,ALERT
4138,1770751367.8265133,119,ALERT
4139,1770751367.8488815,116,ALERT
4140,1770751367.8730059,125,CRITICAL
4141,1770751367.8949409,116,ALERT
4142,1770751367.9218295,128,CRITICAL
4143,1770751367.9480538,118,ALERT
4144,1770751367.9705086,117,ALERT
4145,1770751367.9956884,129,CRITICAL
4146,1770751368.0251932,121,CRITICAL
4147,1770751368.051392,118,ALERT
4148,1770751368.0739615,110,ALERT
4149,1770751368.0938547,123,CRITICAL
4150,1770751368.116983,123,CRITICAL
4151,1770751368.1351416,119,ALERT
4152,1770751368.1576316,125,CRITICAL
4153,1770751368.1807163,125,CRITICAL
4154,1770751368.2015119,128,CRITICAL
4155,1770751368.2252665,116,ALERT
4156,1770751368.250154,127,CRITICAL
4157,1770751368.2801406,128,CRITICAL
4158,1770751368.3032799,125,CRITICAL
4159,1770751368.3310864,112,ALERT
4160,1770751368.357592,123,CRITICAL
4161,1770751368.3855226,125,CRITICAL
4162,1770751368.4154692,115,ALERT
4163,1770751368.440029,118,ALERT
4164,1770751368.4678953,126,CRITICAL
4165,1770751368.5000138,128,CRITICAL
4166,1770751368.5259147,115,ALERT
4167,1770751368.5517426,117,ALERT
4168,1770751368.5734413,114,ALERT
4169,1770751368.5974352,130,CRITICAL
4170,1770751368.6239648,129,CRITICAL
4171,1770751368.6476045,112,ALERT
4172,1770751368.674288,129,CRITICAL
4173,1770751368.7027318,123,CRITICAL
4174,1770751368.7296138,130,CRITICAL
4175,1770751368.758324,120,ALERT
4176,1770751368.7808895,128,CRITICAL
4177,1770751368.8085773,129,CRITICAL
4178,1770751368.8343554,111,ALERT
4179,1770751368.855976,123,CRITICAL
4180,1770751368.8779511,124,CRITICAL
4181,1770751368.9034085,125,CRITICAL
4182,1770751368.9283116,128,CRITICAL
4183,1770751368.953902,115,ALERT
4184,1770751368.9919562,117,ALERT
4185,1770751366.5188484,123,CRITICAL
4186,1770751366.5440874,116,ALERT
4187,1770751366.5683231,117,ALERT
4188,1770751366.588305,129,CRITICAL
4189,1770751366.611551,113,ALERT
4190,1770751366.6324496,113,ALERT
4191,1770751366.6562595,123,CRITICAL
4192,1770751366.6843538,116,ALERT
4193,1770751366.7067003,126,CRITICAL
4194,1770751366.730792,114,ALERT
4195,1770751366.758109,124,CRITICAL
4196,1770751366.784451,115,ALERT
4197,1770751366.8080401,122,CRITICAL
4198,1770751366.834555,124,CRITICAL
4199,1770751366.8572156,121,CRITICAL
4200,1770751366.8839157,121,CRITICAL
4201,1770751366.9083304,126,CRITICAL
4202,1770751366.9322217,117,ALERT
4203,1770751366.95696,119,ALERT
4204,1770751366.9809403,122,CRITICAL
4205,1770751367.0023906,120,ALERT
4206,1770751367.0287263,127,CRITICAL
4207,1770751367.0526595,112,ALERT
4208,1770751367.0776002,122,CRITICAL
4209,1770751367.1011906,125,CRITICAL
4210,1770751367.1258028,121,CRITICAL
4211,1770751367.1525886,124,CRITICAL
4212,1770751367.1750333,128,CRITICAL
4213,1770751367.194393,113,ALERT
4214,1770751367.2167838,119,ALERT
4215,1770751367.2379663,128,CRITICAL
4216,1770751367.2639608,123,CRITICAL
4217,1770751367.2962315,122,CRITICAL
4218,1770751367.3234043,129,CRITICAL
4219,1770751367.344299,130,CRITICAL
4220,1770751367.3676276,124,CRITICAL
4221,1770751367.3922493,125,CRITICAL
4222,1770751367.4163458,119,ALERT
4223,1770751367.4429898,117,ALERT
4224,1770751367.4695375,113,ALERT
4225,1770751367.496427,130,CRITICAL
4226,1770751367.5201983,123,CRITICAL
4227,1770751367.5467446,127,CRITICAL
4228,1770751367.5669641,129,CRITICAL
4229,1770751367.5898757,129,CRITICAL
4230,1770751367.6115465,121,CRITICAL
4231,1770751367.635343,129,CRITICAL
4232,1770751367.661306,127,CRITICAL
4233,1770751367.6827269,129,CRITICAL
4234,1770751367.7022946,113,ALERT
4235,1770751367.7248955,114,ALERT
4236,1770751367.748855,113,ALERT
4237,1770751367.7793672,113,ALERT
4238,1770751367.8064475,110,ALERT
4239,1770751367.82828,127,CRITICAL
4240,1770751367.8508408,112,ALERT
4241,1770751367.8749146,111,ALERT
4242,1770751367.8966596,125,CRITICAL
4243,1770751367.92121,112,ALERT
4244,1770751367.945384,112,ALERT
4245,1770751367.9682949,112,ALERT
4246,1770751367.9945612,123,CRITICAL
4247,1770751368.0187702,123,CRITICAL
4248,1770751368.0403404,118,ALERT
4249,1770751368.05945,115,ALERT
4250,1770751368.081264,113,ALERT
4251,1770751368.1023524,110,ALERT
4252,1770751368.1225467,128,CRITICAL
4253,1770751368.151443,128,CRITICAL
4254,1770751368.1759596,126,CRITICAL
4255,1770751368.200851,110,ALERT
4256,1770751368.2281094,112,ALERT
4257,1770751368.2483141,127,CRITICAL
4258,1770751368.2712843,112,ALERT
4259,1770751368.2956188,126,CRITICAL
4260,1770751368.3170385,125,CRITICAL
4261,1770751368.340104,124,CRITICAL
4262,1770751368.3625767,128,CRITICAL
4263,1770751368.38767,112,ALERT
4264,1770751368.4112585,115,ALERT
4265,1770751368.437321,125,CRITICAL
4266,1770751368.4600604,119,ALERT
4267,1770751368.4801881,112,ALERT
4268,1770751368.5041003,119,ALERT
4269,1770751368.5235848,112,ALERT
4270,1770751368.5482001,121,CRITICAL
4271,1770751368.568079,125,CRITICAL
4272,1770751368.5922384,127,CRITICAL
4273,1770751368.6157155,118,ALERT
4274,1770751368.636537,130,CRITICAL
4275,1770751368.660632,127,CRITICAL
4276,1770751368.6823034,115,ALERT
4277,1770751368.7062407,119,ALERT
4278,1770751368.7299168,124,CRITICAL
4279,1770751368.7540524,125,CRITICAL
4280,1770751368.776419,124,CRITICAL
4281,1770751368.794469,122,CRITICAL
4282,1770751368.8159373,125,CRITICAL
4283,1770751368.8355024,115,ALERT
4284,1770751368.8570168,115,ALERT
4285,1770751368.8790507,117,ALERT
4286,1770751368.9051905,112,ALERT
4287,1770751368.9316823,110,ALERT
4288,1770751368.956776,117,ALERT
4289,1770751368.9803622,123,CRITICAL
4290,1770751369.002121,123,CRITICAL
4291,1770751369.0219307,120,ALERT
4292,1770751369.0477593,130,CRITICAL
4293,1770751369.0709767,123,CRITICAL
4294,1770751369.0919974,115,ALERT
4295,1770751369.119085,126,CRITICAL
4296,1770751369.140926,126,CRITICAL
4297,1770751369.163417,122,CRITICAL
4298,1770751369.1873045,112,ALERT
4299,1770751369.2137253,117,ALERT
4300,1770751369.2358942,114,ALERT
4301,1770751369.2598612,113,ALERT
4302,1770751369.2879117,120,ALERT
4303,1770751369.3118007,127,CRITICAL
4304,1770751369.3327482,111,ALERT
4305,1770751369.3523276,127,CRITICAL
4306,1770751369.3742836,122,CRITICAL
4307,1770751369.394308,112,ALERT
4308,1770751369.415768,112,ALERT
4309,1770751369.4403915,115,ALERT
4310,1770751369.4626062,128,CRITICAL
4311,1770751369.4850657,113,ALERT
4312,1770751369.510061,123,CRITICAL
4313,1770751369.5339553,121,CRITICAL
4314,1770751369.5603132,122,CRITICAL
4315,1770751369.5798147,124,CRITICAL
4316,1770751369.6080165,130,CRITICAL
4317,1770751369.632384,113,ALERT
4318,1770751369.6577077,127,CRITICAL
4319,1770751369.6762125,129,CRITICAL
4320,1770751369.696226,112,ALERT
4321,1770751369.715759,127,CRITICAL
4322,1770751369.7409806,120,ALERT
4323,1770751369.765053,125,CRITICAL
4324,1770751369.7898865,122,CRITICAL
4325,1770751369.8155491,126,CRITICAL
4326,1770751369.8380556,130,CRITICAL
4327,1770751369.8623219,117,ALERT
4328,1770751369.880319,126,CRITICAL
4329,1770751369.9040728,110,ALERT
4330,1770751369.9261448,122,CRITICAL
4331,1770751369.947587,124,CRITICAL
4332,1770751369.9697978,117,ALERT
4333,1770751369.996054,129,CRITICAL
4334,1770751370.016489,110,ALERT
4335,1770751370.0408983,130,CRITICAL
4336,1770751370.0599153,124,CRITICAL
4337,1770751370.0835147,116,ALERT
4338,1770751370.107687,115,ALERT
4339,1770751370.1314921,126,CRITICAL
4340,1770751370.156013,110,ALERT
4341,1770751370.1816423,124,CRITICAL
4342,1770751370.2048674,114,ALERT
4343,1770751370.228778,113,ALERT
4344,1770751370.252552,126,CRITICAL
4345,1770751370.27623,126,CRITICAL
4346,1770751370.3027222,115,ALERT
4347,1770751370.327586,112,ALERT
4348,1770751370.3511198,115,ALERT
4349,1770751370.379575,125,CRITICAL
4350,1770751370.3995118,123,CRITICAL
4351,1770751370.4199312,117,ALERT
4352,1770751370.445444,118,ALERT
4353,1770751370.470366,110,ALERT
4354,1770751370.4938886,129,CRITICAL
4355,1770751370.5178065,116,ALERT
4356,1770751370.5394206,113,ALERT
4357,1770751370.5639849,113,ALERT
4358,1770751370.5865388,123,CRITICAL
4359,1770751370.6097677,123,CRITICAL
4360,1770751370.6350234,129,CRITICAL
4361,1770751370.6595714,124,CRITICAL
4362,1770751370.683669,124,CRITICAL
4363,1770751370.7056966,67,NORMAL
4364,1770751370.730794,88,NORMAL
4365,1770751370.754046,76,NORMAL
4366,1770751370.7755268,61,NORMAL
4367,1770751370.7958853,82,NORMAL
4368,1770751370.818469,70,NORMAL
4369,1770751370.8436313,72,NORMAL
4370,1770751370.8680055,87,NORMAL
4371,1770751370.8921664,122,CRITICAL
4372,1770751370.9184058,112,ALERT
4373,1770751370.9412444,114,ALERT
4374,1770751370.962354,118,ALERT
4375,1770751370.984304,118,ALERT
4376,1770751371.0066435,114,ALERT
4377,1770751371.030179,123,CRITICAL
4378,1770751371.051023,128,CRITICAL
4379,1770751371.096521,115,ALERT
4380,1770751371.122651,116,ALERT
4381,1770751371.144936,116,ALERT
4382,1770751371.166745,117,ALERT
4383,1770751371.1922143,128,CRITICAL
4384,1770751371.219053,120,ALERT
4385,1770751371.2438023,118,ALERT
4386,1770751371.2683177,114,ALERT
4387,1770751371.2894328,118,ALERT
4388,1770751371.318641,124,CRITICAL
4389,1770751371.3483617,128,CRITICAL
4390,1770751371.3739169,117,ALERT
4391,1770751371.4029808,119,ALERT
4392,1770751371.4294095,121,CRITICAL
4393,1770751371.4549322,119,ALERT
4394,1770751371.4800863,124,CRITICAL
4395,1770751371.5018742,112,ALERT
4396,1770751371.528318,129,CRITICAL
4397,1770751371.5523589,120,ALERT
4398,1770751371.5732996,119,ALERT
4399,1770751371.6010952,117,ALERT
4400,1770751371.6244366,114,ALERT
4401,1770751371.6493123,111,ALERT
4402,1770751371.673086,126,CRITICAL
4403,1770751371.6937847,125,CRITICAL
4404,1770751371.718608,129,CRITICAL
4405,1770751371.7470927,117,ALERT
4406,1770751371.7698734,110,ALERT
4407,1770751371.7962253,123,CRITICAL
4408,1770751371.820083,114,ALERT
4409,1770751371.8395143,116,ALERT
4410,1770751371.8619516,115,ALERT
4411,1770751371.8837852,127,CRITICAL
4412,1770751371.906595,114,ALERT
4413,1770751371.9271178,119,ALERT
4414,1770751371.9504235,121,CRITICAL
4415,1770751371.9702647,129,CRITICAL
4416,1770751371.9883237,110,ALERT
4417,1770751372.0123003,110,ALERT
4418,1770751372.0354455,125,CRITICAL
4419,1770751372.0544991,114,ALERT
4420,1770751372.0754013,125,CRITICAL
4421,1770751372.0983088,117,ALERT
4422,1770751372.1259265,119,ALERT
4423,1770751372.1506197,120,ALERT
4424,1770751372.1723871,111,ALERT
4425,1770751372.1979308,123,CRITICAL
4426,1770751372.220585,119,ALERT
4427,1770751372.2442434,118,ALERT
4428,1770751372.2682688,120,ALERT
4429,1770751372.2941217,112,ALERT
4430,1770751372.3123872,117,ALERT
4431,1770751372.3367555,122,CRITICAL
4432,1770751372.3609574,115,ALERT
4433,1770751372.3839107,119,ALERT
4434,1770751372.4065487,113,ALERT
4435,1770751372.4323,116,ALERT
4436,1770751372.458613,122,CRITICAL
4437,1770751372.480222,130,CRITICAL
4438,1770751372.5043604,111,ALERT
4439,1770751372.526303,110,ALERT
4440,1770751372.5494359,111,ALERT
4441,1770751372.5662768,119,ALERT
4442,1770751372.589718,126,CRITICAL
4443,1770751372.6113162,129,CRITICAL
4444,1770751372.635961,117,ALERT
4445,1770751372.655539,117,ALERT
4446,1770751372.6784842,113,ALERT
4447,1770751372.7017782,126,CRITICAL
4448,1770751372.724244,115,ALERT
4449,1770751372.7476244,125,CRITICAL
4450,1770751372.7722158,128,CRITICAL
4451,1770751372.7918756,111,ALERT
4452,1770751372.8175132,120,ALERT
4453,1770751372.842841,118,ALERT
4454,1770751372.8664837,123,CRITICAL
4455,1770751372.8897548,113,ALERT
4456,1770751372.9153345,128,CRITICAL
4457,1770751372.9403095,112,ALERT
4458,1770751372.9643528,121,CRITICAL
4459,1770751372.9854693,119,ALERT
4460,1770751373.007426,112,ALERT
4461,1770751373.0284996,115,ALERT
4462,1770751373.0524824,116,ALERT
4463,1770751373.0756025,124,CRITICAL
4464,1770751373.1003804,121,CRITICAL
4465,1770751373.1211038,130,CRITICAL
4466,1770751373.1442757,118,ALERT
4467,1770751373.167294,120,ALERT
4468,1770751373.1923914,116,ALERT
4469,1770751373.216668,118,ALERT
4470,1770751373.2420552,117,ALERT
4471,1770751373.269957,114,ALERT
4472,1770751373.2882354,119,ALERT
4473,1770751373.3129036,128,CRITICAL
4474,1770751373.339225,119,ALERT
4475,1770751373.363353,130,CRITICAL
4476,1770751373.3841984,117,ALERT
4477,1770751373.4093246,116,ALERT
4478,1770751373.4309366,124,CRITICAL
4479,1770751373.4544852,111,ALERT
4480,1770751373.4797044,122,CRITICAL
4481,1770751373.5036612,128,CRITICAL
4482,1770751373.527043,127,CRITICAL
4483,1770751373.5493803,118,ALERT
4484,1770751373.571619,111,ALERT
4485,1770751373.5954514,122,CRITICAL
4486,1770751373.622665,116,ALERT
4487,1770751373.6500087,117,ALERT
4488,1770751373.676932,116,ALERT
4489,1770751373.6999502,125,CRITICAL
4490,1770751373.7239,125,CRITICAL
4491,1770751373.7444634,124,CRITICAL
4492,1770751373.7683146,115,ALERT
4493,1770751373.7950509,116,ALERT
4494,1770751373.8206553,110,ALERT
4495,1770751373.8418615,123,CRITICAL
4496,1770751373.8642747,110,ALERT
4497,1770751373.8890812,117,ALERT
4498,1770751373.9160354,123,CRITICAL
4499,1770751373.9416285,111,ALERT
4500,1770751373.9652913,110,ALERT
4501,1770751373.9877653,124,CRITICAL
4502,1770751374.0109608,118,ALERT
4503,1770751374.0364177,110,ALERT
4504,1770751374.0593524,130,CRITICAL
4505,1770751374.083475,124,CRITICAL
4506,1770751374.108238,115,ALERT
4507,1770751374.1332772,122,CRITICAL
4508,1770751374.1586044,129,CRITICAL
4509,1770751374.1799638,127,CRITICAL
4510,1770751374.2055957,115,ALERT
4511,1770751374.22739,120,ALERT
4512,1770751374.2512517,114,ALERT
4513,1770751374.274579,127,CRITICAL
4514,1770751374.3035214,123,CRITICAL
4515,1770751374.3308315,114,ALERT
4516,1770751374.354895,125,CRITICAL
4517,1770751374.3761554,115,ALERT
4518,1770751374.401903,122,CRITICAL
4519,1770751374.424365,127,CRITICAL
4520,1770751374.4495473,112,ALERT
4521,1770751374.4754896,120,ALERT
4522,1770751374.502762,113,ALERT
4523,1770751374.5272179,119,ALERT
4524,1770751374.5530257,117,ALERT
4525,1770751374.5786715,130,CRITICAL
4526,1770751374.6036685,122,CRITICAL
4527,1770751374.6256056,118,ALERT
4528,1770751374.6501043,111,ALERT
4529,1770751374.6761055,115,ALERT
4530,1770751374.7002761,124,CRITICAL
4531,1770751374.7222924,128,CRITICAL
4532,1770751374.7447958,116,ALERT
4533,1770751374.7708838,118,ALERT
4534,1770751374.7959957,117,ALERT
4535,1770751374.8190186,123,CRITICAL
4536,1770751374.8461769,115,ALERT
4537,1770751374.8708274,113,ALERT
4538,1770751374.8977602,120,ALERT
4539,1770751374.921071,126,CRITICAL
4540,1770751374.9428267,116,ALERT
4541,1770751374.9683177,125,CRITICAL
4542,1770751374.9906619,120,ALERT
4543,1770751375.0197742,118,ALERT
4544,1770751375.0442834,119,ALERT
4545,1770751375.073486,111,ALERT
4546,1770751375.094621,125,CRITICAL
4547,1770751375.1113503,111,ALERT
4548,1770751375.141429,114,ALERT
4549,1770751375.1660213,111,ALERT
4550,1770751375.187945,122,CRITICAL
4551,1770751375.2127373,116,ALERT
4552,1770751375.2439713,116,ALERT
4553,1770751375.2693279,121,CRITICAL
4554,1770751375.2919846,127,CRITICAL
4555,1770751375.3201087,111,ALERT
4556,1770751375.3435118,130,CRITICAL
4557,1770751375.3704786,111,ALERT
4558,1770751375.3975012,117,ALERT
4559,1770751375.4206333,110,ALERT
4560,1770751375.4469504,110,ALERT
4561,1770751375.4655378,130,CRITICAL
4562,1770751375.4894462,122,CRITICAL
4563,1770751375.5153265,127,CRITICAL
4564,1770751375.54046,113,ALERT
4565,1770751375.5682914,126,CRITICAL
4566,1770751375.5912619,122,CRITICAL
4567,1770751375.6200616,115,ALERT
4568,1770751375.644327,118,ALERT
4569,1770751375.6671948,116,ALERT
4570,1770751375.692644,116,ALERT
4571,1770751375.7173133,128,CRITICAL
4572,1770751375.7369719,118,ALERT
4573,1770751375.7618537,115,ALERT
4574,1770751375.7871602,129,CRITICAL
4575,1770751375.811429,117,ALERT
4576,1770751375.8363302,113,ALERT
4577,1770751375.859613,121,CRITICAL
4578,1770751375.886547,126,CRITICAL
4579,1770751375.9084105,127,CRITICAL
4580,1770751375.9322278,78,NORMAL
4581,1770751375.9507318,85,NORMAL
4582,1770751375.974636,68,NORMAL
4583,1770751375.9985971,66,NORMAL
4584,1770751376.0250564,79,NORMAL
4585,1770751376.044765,66,NORMAL
4586,1770751376.0712528,86,NORMAL
4587,1770751376.098103,64,NORMAL
4588,1770751376.1249764,78,NORMAL
4589,1770751376.1499028,88,NORMAL
4590,1770751376.1723263,60,NORMAL
4591,1770751376.1963997,87,NORMAL
4592,1770751376.221542,88,NORMAL
4593,1770751376.2504864,62,NORMAL
4594,1770751376.2740827,112,ALERT
4595,1770751376.2979543,129,CRITICAL
4596,1770751376.3226376,124,CRITICAL
4597,1770751376.3503556,110,ALERT
4598,1770751376.3763092,120,ALERT
4599,1770751376.4003549,122,CRITICAL
4600,1770751376.418683,112,ALERT
4601,1770751376.4471655,120,ALERT
4602,1770751376.4762542,124,CRITICAL
4603,1770751376.5013237,127,CRITICAL
4604,1770751376.5250442,114,ALERT
4605,1770751376.5486333,122,CRITICAL
4606,1770751376.5733216,114,ALERT
4607,1770751376.5990102,110,ALERT
4608,1770751376.6220818,128,CRITICAL
4609,1770751376.64719,114,ALERT
4610,1770751376.6698847,118,ALERT
4611,1770751376.695907,119,ALERT
4612,1770751376.7227414,114,ALERT
4613,1770751376.7508543,128,CRITICAL
4614,1770751376.7759228,115,ALERT
4615,1770751376.7996173,113,ALERT
4616,1770751376.8227067,121,CRITICAL
4617,1770751376.8443382,110,ALERT
4618,1770751376.866234,119,ALERT
4619,1770751376.8880513,127,CRITICAL
4620,1770751376.9148057,119,ALERT
4621,1770751376.93665,117,ALERT
4622,1770751376.960909,125,CRITICAL
4623,1770751376.9859915,123,CRITICAL
4624,1770751377.011976,113,ALERT
4625,1770751377.0350978,129,CRITICAL
4626,1770751377.0589972,112,ALERT
4627,1770751377.0785515,113,ALERT
4628,1770751377.1039288,120,ALERT
4629,1770751377.1294231,122,CRITICAL
4630,1770751377.1593668,125,CRITICAL
4631,1770751377.179794,124,CRITICAL
4632,1770751377.204759,126,CRITICAL
4633,1770751377.228773,120,ALERT
4634,1770751377.251177,121,CRITICAL
4635,1770751377.2767677,126,CRITICAL
4636,1770751377.2995524,122,CRITICAL
4637,1770751377.3233278,130,CRITICAL
4638,1770751377.3485005,111,ALERT
4639,1770751377.369652,122,CRITICAL
4640,1770751377.3958783,114,ALERT
4641,1770751377.4240525,126,CRITICAL
4642,1770751377.4475586,127,CRITICAL
4643,1770751377.470776,124,CRITICAL
4644,1770751377.4928524,112,ALERT
4645,1770751377.5170248,115,ALERT
4646,1770751377.541906,117,ALERT
4647,1770751377.565078,126,CRITICAL
4648,1770751377.5897756,111,ALERT
4649,1770751377.614307,111,ALERT
4650,1770751377.639822,110,ALERT
4651,1770751377.6617644,120,ALERT
4652,1770751377.6900938,127,CRITICAL
4653,1770751377.712194,113,ALERT
4654,1770751377.7333062,117,ALERT
4655,1770751377.7575338,130,CRITICAL
4656,1770751377.7798705,122,CRITICAL
4657,1770751377.8052886,116,ALERT
4658,1770751377.8266752,126,CRITICAL
4659,1770751377.8507574,124,CRITICAL
4660,1770751377.8708184,113,ALERT
4661,1770751377.8923097,129,CRITICAL
4662,1770751377.9163392,128,CRITICAL
4663,1770751377.9404337,128,CRITICAL
4664,1770751377.965471,120,ALERT
4665,1770751377.989107,123,CRITICAL
4666,1770751378.0141745,120,ALERT
4667,1770751378.039501,128,CRITICAL
4668,1770751378.0677223,114,ALERT
4669,1770751378.097465,122,CRITICAL
4670,1770751378.1200926,122,CRITICAL
4671,1770751378.1406631,122,CRITICAL
4672,1770751378.1658914,123,CRITICAL
4673,1770751378.1880155,123,CRITICAL
4674,1770751378.216603,128,CRITICAL
4675,1770751378.2419434,120,ALERT
4676,1770751378.2669744,113,ALERT
4677,1770751378.2948112,122,CRITICAL
4678,1770751378.3142505,111,ALERT
4679,1770751378.3349125,119,ALERT
4680,1770751378.3586102,114,ALERT
4681,1770751378.3807912,120,ALERT
4682,1770751378.403715,114,ALERT
4683,1770751378.4245753,113,ALERT
4684,1770751378.4489138,113,ALERT
4685,1770751378.470706,128,CRITICAL
4686,1770751378.4946358,124,CRITICAL
4687,1770751378.5151148,126,CRITICAL
4688,1770751378.5430613,115,ALERT
4689,1770751378.5691392,123,CRITICAL
4690,1770751378.5942957,129,CRITICAL
4691,1770751378.6204257,119,ALERT
4692,1770751378.6464791,119,ALERT
4693,1770751378.6799014,125,CRITICAL
4694,1770751378.7048366,115,ALERT
4695,1770751378.7303073,129,CRITICAL
4696,1770751378.758496,120,ALERT
4697,1770751378.7827146,119,ALERT
4698,1770751378.807489,111,ALERT
4699,1770751378.836048,127,CRITICAL
4700,1770751378.8601665,120,ALERT
4701,1770751378.8843231,129,CRITICAL
4702,1770751378.909648,127,CRITICAL
4703,1770751378.940275,124,CRITICAL
4704,1770751378.9656372,125,CRITICAL
4705,1770751378.9885132,117,ALERT
4706,1770751379.0148993,120,ALERT
4707,1770751379.0326412,123,CRITICAL
4708,1770751379.049801,113,ALERT
4709,1770751379.075594,117,ALERT
4710,1770751379.0977407,116,ALERT
4711,1770751379.1224608,122,CRITICAL
4712,1770751379.1461945,114,ALERT
4713,1770751379.1709933,119,ALERT
4714,1770751379.1934612,118,ALERT
4715,1770751379.2232847,114,ALERT
4716,1770751379.2452505,123,CRITICAL
4717,1770751379.2691987,128,CRITICAL
4718,1770751379.2923431,120,ALERT
4719,1770751379.3160915,114,ALERT
4720,1770751379.3399518,119,ALERT
4721,1770751379.365804,130,CRITICAL
4722,1770751379.3888445,118,ALERT
4723,1770751379.414103,121,CRITICAL
4724,1770751379.4405212,130,CRITICAL
4725,1770751379.4599817,114,ALERT
4726,1770751379.4902031,126,CRITICAL
4727,1770751379.5135856,127,CRITICAL
4728,1770751379.5398881,115,ALERT
4729,1770751379.5633109,119,ALERT
4730,1770751379.5873005,116,ALERT
4731,1770751379.6071014,117,ALERT
4732,1770751379.629931,110,ALERT
4733,1770751379.6515367,120,ALERT
4734,1770751379.6740432,129,CRITICAL
4735,1770751379.6956182,124,CRITICAL
4736,1770751379.7240198,125,CRITICAL
4737,1770751379.7513957,116,ALERT
4738,1770751379.7768507,128,CRITICAL
4739,1770751379.8025966,124,CRITICAL
4740,1770751379.825631,123,CRITICAL
4741,1770751379.8523505,127,CRITICAL
4742,1770751379.8767989,111,ALERT
4743,1770751379.8977427,129,CRITICAL
4744,1770751379.926233,117,ALERT
4745,1770751379.951552,118,ALERT
4746,1770751379.977277,127,CRITICAL
4747,1770751379.9991324,110,ALERT
4748,1770751380.0246246,112,ALERT
4749,1770751380.0470233,110,ALERT
4750,1770751380.0727005,123,CRITICAL
4751,1770751380.0974088,116,ALERT
4752,1770751380.1207633,119,ALERT
4753,1770751380.1450272,130,CRITICAL
4754,1770751380.1701167,127,CRITICAL
4755,1770751380.193735,120,ALERT
4756,1770751380.2208889,130,CRITICAL
4757,1770751380.2440562,115,ALERT
4758,1770751380.2641876,119,ALERT
4759,1770751380.2883096,115,ALERT
4760,1770751380.312309,120,ALERT
4761,1770751380.3364627,123,CRITICAL
4762,1770751380.3622563,117,ALERT
4763,1770751380.3829203,122,CRITICAL
4764,1770751380.4043627,123,CRITICAL
4765,1770751380.4282641,121,CRITICAL
4766,1770751380.4548302,116,ALERT
4767,1770751380.4726317,111,ALERT
4768,1770751380.4913378,119,ALERT
4769,1770751380.5122066,113,ALERT
4770,1770751380.526014,125,CRITICAL
4771,1770751380.5500402,118,ALERT
4772,1770751380.5693805,119,ALERT
4773,1770751380.594848,127,CRITICAL
4774,1770751380.620809,118,ALERT
4775,1770751380.6464136,127,CRITICAL
4776,1770751380.67013,128,CRITICAL
4777,1770751380.6943884,112,ALERT
4778,1770751380.7162082,118,ALERT
4779,1770751380.740367,126,CRITICAL
4780,1770751380.7659805,129,CRITICAL
4781,1770751380.789453,127,CRITICAL
4782,1770751380.8163567,111,ALERT
4783,1770751380.8441308,112,ALERT
4784,1770751380.8678162,113,ALERT
4785,1770751380.891192,127,CRITICAL
4786,1770751380.916321,111,ALERT
4787,1770751380.9400008,115,ALERT
4788,1770751380.9648883,126,CRITICAL
4789,1770751380.9883804,120,ALERT
4790,1770751381.014427,121,CRITICAL
4791,1770751381.035416,121,CRITICAL
4792,1770751381.0593395,116,ALERT
4793,1770751381.0870793,115,ALERT
4794,1770751381.1088467,120,ALERT
4795,1770751381.1347892,130,CRITICAL
4796,1770751381.1640418,126,CRITICAL
4797,1770751381.1909711,118,ALERT
4798,1770751381.21403,128,CRITICAL
4799,1770751381.2403197,124,CRITICAL
4800,1770751381.2659445,114,ALERT
4801,1770751381.2928472,113,ALERT
4802,1770751381.3203056,89,NORMAL
4803,1770751381.342153,68,NORMAL
4804,1770751381.36847,78,NORMAL
4805,1770751381.389988,82,NORMAL
4806,1770751381.4170613,84,NORMAL
4807,1770751381.4369714,63,NORMAL
4808,1770751381.4634407,63,NORMAL
4809,1770751381.488124,70,NORMAL
4810,1770751381.5112646,87,NORMAL
4811,1770751381.5371473,68,NORMAL
4812,1770751381.5633562,79,NORMAL
4813,1770751381.5903063,88,NORMAL
4814,1770751381.6160169,80,NORMAL
4815,1770751381.6376715,77,NORMAL
4816,1770751381.6617951,83,NORMAL
4817,1770751381.6859965,71,NORMAL
4818,1770751381.7093563,69,NORMAL
4819,1770751381.734421,66,NORMAL
4820,1770751381.7558925,64,NORMAL
4821,1770751381.7762406,71,NORMAL
4822,1770751381.7996821,73,NORMAL
4823,1770751381.82473,65,NORMAL
4824,1770751381.8534615,63,NORMAL
4825,1770751381.8806956,65,NORMAL
4826,1770751381.9062579,79,NORMAL
4827,1770751381.9310768,73,NORMAL
4828,1770751381.9563525,76,NORMAL
4829,1770751381.9802809,60,NORMAL
4830,1770751382.0051868,73,NORMAL
4831,1770751382.03127,121,CRITICAL
4832,1770751382.0491776,116,ALERT
4833,1770751382.0691032,126,CRITICAL
4834,1770751382.0937428,117,ALERT
4835,1770751382.1181655,117,ALERT
4836,1770751382.1430573,124,CRITICAL
4837,1770751382.171588,110,ALERT
4838,1770751382.1944795,128,CRITICAL
4839,1770751382.2168713,125,CRITICAL
4840,1770751382.2402966,112,ALERT
4841,1770751382.2641742,111,ALERT
4842,1770751382.284245,130,CRITICAL
4843,1770751382.305556,116,ALERT
4844,1770751382.3302207,116,ALERT
4845,1770751382.3577304,124,CRITICAL
4846,1770751382.382638,127,CRITICAL
4847,1770751382.401419,116,ALERT
4848,1770751382.4215417,121,CRITICAL
4849,1770751382.446095,116,ALERT
4850,1770751382.4703605,127,CRITICAL
4851,1770751382.496035,128,CRITICAL
4852,1770751382.5164912,130,CRITICAL
4853,1770751382.5423262,111,ALERT
4854,1770751382.5655675,111,ALERT
4855,1770751382.589436,128,CRITICAL
4856,1770751382.616726,112,ALERT
4857,1770751382.64184,124,CRITICAL
4858,1770751382.6623242,112,ALERT
4859,1770751382.6844733,127,CRITICAL
4860,1770751382.7117553,124,CRITICAL
4861,1770751382.7506955,130,CRITICAL
4862,1770751382.7761467,126,CRITICAL
4863,1770751382.8016746,123,CRITICAL
4864,1770751382.8232965,114,ALERT
4865,1770751382.8472743,114,ALERT
4866,1770751382.8711765,130,CRITICAL
4867,1770751382.8916585,114,ALERT
4868,1770751382.9144123,129,CRITICAL
4869,1770751382.9459174,123,CRITICAL
4870,1770751382.9727664,120,ALERT
4871,1770751382.9923177,125,CRITICAL
4872,1770751383.0162978,112,ALERT
4873,1770751383.0481913,125,CRITICAL
4874,1770751383.076023,127,CRITICAL
4875,1770751383.105435,114,ALERT
4876,1770751383.1368906,110,ALERT
4877,1770751383.1601706,125,CRITICAL
4878,1770751383.182863,121,CRITICAL
4879,1770751383.206884,117,ALERT
4880,1770751383.2326915,112,ALERT
4881,1770751383.2597728,114,ALERT
4882,1770751383.2876623,123,CRITICAL
4883,1770751383.314875,129,CRITICAL
4884,1770751383.3397202,125,CRITICAL
4885,1770751383.3632407,117,ALERT
4886,1770751383.3892188,114,ALERT
4887,1770751383.4119682,116,ALERT
4888,1770751383.4336522,123,CRITICAL
4889,1770751383.453891,116,ALERT
4890,1770751383.480406,113,ALERT
4891,1770751383.5023785,111,ALERT
4892,1770751383.5285883,114,ALERT
4893,1770751383.5530958,126,CRITICAL
4894,1770751383.577357,121,CRITICAL
4895,1770751383.6019604,123,CRITICAL
4896,1770751383.626028,112,ALERT
4897,1770751383.6488578,128,CRITICAL
4898,1770751383.6764681,123,CRITICAL
4899,1770751383.6975389,120,ALERT
4900,1770751383.7202816,119,ALERT
4901,1770751383.7480516,123,CRITICAL
4902,1770751383.776298,111,ALERT
4903,1770751383.7996802,121,CRITICAL
4904,1770751383.8247175,126,CRITICAL
4905,1770751383.8501747,121,CRITICAL
4906,1770751383.873851,114,ALERT
4907,1770751383.8924434,112,ALERT
4908,1770751383.9199963,124,CRITICAL
4909,1770751383.945257,116,ALERT
4910,1770751383.966948,128,CRITICAL
4911,1770751383.9917467,110,ALERT
4912,1770751384.0175369,124,CRITICAL
4913,1770751384.0617285,130,CRITICAL
4914,1770751384.082281,114,ALERT
4915,1770751384.1007264,123,CRITICAL
4916,1770751384.1223326,121,CRITICAL
4917,1770751384.1499264,123,CRITICAL
4918,1770751384.1716893,125,CRITICAL
4919,1770751384.1983647,122,CRITICAL
4920,1770751384.2200043,124,CRITICAL
4921,1770751384.2457654,130,CRITICAL
4922,1770751384.2677476,122,CRITICAL
4923,1770751384.293365,130,CRITICAL
4924,1770751384.316456,124,CRITICAL
4925,1770751384.3466692,118,ALERT
4926,1770751384.3682663,123,CRITICAL
4927,1770751384.39687,120,ALERT
4928,1770751384.4226294,115,ALERT
4929,1770751384.444701,124,CRITICAL
4930,1770751384.4721844,127,CRITICAL
4931,1770751384.498697,130,CRITICAL
4932,1770751384.5228083,112,ALERT
4933,1770751384.5458252,119,ALERT
4934,1770751384.566482,115,ALERT
4935,1770751384.5912323,125,CRITICAL
4936,1770751384.6164706,116,ALERT
4937,1770751384.6389697,118,ALERT
4938,1770751384.6622274,117,ALERT
4939,1770751384.6882472,124,CRITICAL
4940,1770751384.7148526,124,CRITICAL
4941,1770751384.7401454,128,CRITICAL
4942,1770751384.7662616,120,ALERT
4943,1770751384.7866545,130,CRITICAL
4944,1770751384.8123014,115,ALERT
4945,1770751384.8351114,118,ALERT
4946,1770751384.8626819,112,ALERT
4947,1770751384.887442,117,ALERT
4948,1770751384.911345,115,ALERT
4949,1770751384.9371033,113,ALERT
4950,1770751384.9673216,115,ALERT
4951,1770751384.9947,113,ALERT
4952,1770751385.0204804,120,ALERT
4953,1770751385.0488613,126,CRITICAL
4954,1770751385.0741107,118,ALERT
4955,1770751385.0958068,130,CRITICAL
4956,1770751385.1195564,112,ALERT
4957,1770751385.1412294,115,ALERT
4958,1770751385.1644602,110,ALERT
4959,1770751385.1939962,127,CRITICAL
4960,1770751385.2173233,129,CRITICAL
4961,1770751385.2381926,128,CRITICAL
4962,1770751385.2605991,123,CRITICAL
4963,1770751385.2822452,124,CRITICAL
4964,1770751385.3066845,112,ALERT
4965,1770751385.328777,129,CRITICAL
4966,1770751385.3532195,112,ALERT
4967,1770751385.3792286,112,ALERT
4968,1770751385.403432,128,CRITICAL
4969,1770751385.4283047,123,CRITICAL
4970,1770751385.4546895,110,ALERT
4971,1770751385.4788666,130,CRITICAL
4972,1770751385.5101385,122,CRITICAL
4973,1770751385.5364103,128,CRITICAL
4974,1770751385.5590525,114,ALERT
4975,1770751385.5847135,123,CRITICAL
4976,1770751385.6041973,113,ALERT
4977,1770751385.6290026,112,ALERT
4978,1770751385.6524236,119,ALERT
4979,1770751385.6762183,110,ALERT
4980,1770751385.7008436,120,ALERT
4981,1770751385.7314568,130,CRITICAL
4982,1770751385.757593,129,CRITICAL
4983,1770751385.7831938,121,CRITICAL
4984,1770751385.8068526,119,ALERT
4985,1770751385.8319936,113,ALERT
4986,1770751385.8558114,118,ALERT
4987,1770751385.8804812,129,CRITICAL
4988,1770751385.906073,127,CRITICAL
4989,1770751385.9341164,116,ALERT
4990,1770751385.9515846,127,CRITICAL
4991,1770751385.977191,128,CRITICAL
4992,1770751386.0007954,121,CRITICAL
4993,1770751386.029858,123,CRITICAL
4994,1770751386.0537674,117,ALERT
4995,1770751386.0804949,111,ALERT
4996,1770751386.1086125,122,CRITICAL
4997,1770751386.1346014,129,CRITICAL
4998,1770751386.1596968,116,ALERT
4999,1770751386.1860566,112,ALERT
5000,1770751386.2150178,117,ALERT
5001,1770751386.241102,117,ALERT
5002,1770751386.262282,122,CRITICAL
5003,1770751386.285335,116,ALERT
5004,1770751386.3082662,119,ALERT
5005,1770751386.3326597,110,ALERT
5006,1770751386.3565438,114,ALERT
5007,1770751386.381323,118,ALERT
5008,1770751386.4068413,129,CRITICAL
5009,1770751386.4362414,123,CRITICAL
5010,1770751386.4618747,116,ALERT
5011,1770751386.4882243,113,ALERT
5012,1770751386.5170116,122,CRITICAL
5013,1770751386.5442007,112,ALERT
5014,1770751386.5655036,119,ALERT
5015,1770751386.588848,111,ALERT
5016,1770751386.6136792,114,ALERT
5017,1770751386.6363351,129,CRITICAL
5018,1770751386.6603389,119,ALERT
5019,1770751386.6867678,126,CRITICAL
5020,1770751386.7109318,124,CRITICAL
5021,1770751386.7418199,124,CRITICAL
5022,1770751386.7677093,116,ALERT
5023,1770751386.792037,113,ALERT
5024,1770751386.816317,123,CRITICAL
5025,1770751386.8403456,116,ALERT
5026,1770751386.8614717,120,ALERT
5027,1770751386.8872323,124,CRITICAL
5028,1770751386.9110627,117,ALERT
5029,1770751386.938038,116,ALERT
5030,1770751386.9641333,129,CRITICAL
5031,1770751386.9886603,121,CRITICAL
5032,1770751387.0141065,119,ALERT
5033,1770751387.0403376,117,ALERT
5034,1770751387.06714,89,NORMAL
5035,1770751387.0921137,61,NORMAL
5036,1770751387.1175067,69,NORMAL
5037,1770751387.1434135,66,NORMAL
5038,1770751387.1738691,68,NORMAL
5039,1770751387.1988177,82,NORMAL
5040,1770751387.2228174,85,NORMAL
5041,1770751387.2485764,84,NORMAL
5042,1770751387.2727306,62,NORMAL
5043,1770751387.30077,82,NORMAL
5044,1770751387.3283665,65,NORMAL
5045,1770751387.3571508,66,NORMAL
5046,1770751387.384807,89,NORMAL
5047,1770751387.4076889,61,NORMAL
5048,1770751387.4259262,74,NORMAL
5049,1770751387.4475865,62,NORMAL
5050,1770751387.4710689,68,NORMAL
5051,1770751387.4998226,69,NORMAL
5052,1770751387.5190477,76,NORMAL
5053,1770751387.536281,60,NORMAL
5054,1770751387.5656703,84,NORMAL
5055,1770751387.5858939,119,ALERT
5056,1770751387.612299,115,ALERT
5057,1770751387.636331,116,ALERT
5058,1770751387.6641433,115,ALERT
5059,1770751387.6908042,110,ALERT
5060,1770751387.7181592,127,CRITICAL
5061,1770751387.7443392,126,CRITICAL
5062,1770751387.7690468,129,CRITICAL
5063,1770751387.794077,120,ALERT
5064,1770751387.8198235,128,CRITICAL
5065,1770751387.8500829,119,ALERT
5066,1770751387.8774533,129,CRITICAL
5067,1770751387.9017003,114,ALERT
5068,1770751387.9296298,129,CRITICAL
5069,1770751387.9594412,111,ALERT
5070,1770751387.9831898,125,CRITICAL
5071,1770751388.006516,120,ALERT
5072,1770751388.026991,113,ALERT
5073,1770751388.0491574,121,CRITICAL
5074,1770751388.072263,119,ALERT
5075,1770751388.0997996,112,ALERT
5076,1770751388.126909,124,CRITICAL
5077,1770751388.1509185,110,ALERT
5078,1770751388.1803644,117,ALERT
5079,1770751388.2059615,121,CRITICAL
5080,1770751388.228491,128,CRITICAL
5081,1770751388.2505198,124,CRITICAL
5082,1770751388.2750032,130,CRITICAL
5083,1770751388.306181,112,ALERT
5084,1770751388.3322558,121,CRITICAL
5085,1770751388.3595262,116,ALERT
5086,1770751388.3860748,130,CRITICAL
5087,1770751388.4077244,129,CRITICAL
5088,1770751388.43178,118,ALERT
5089,1770751388.4526596,126,CRITICAL
5090,1770751388.4796455,120,ALERT
5091,1770751388.5050888,124,CRITICAL
5092,1770751388.528329,114,ALERT
5093,1770751388.5503318,130,CRITICAL
5094,1770751388.5719564,123,CRITICAL
5095,1770751388.6008484,117,ALERT
5096,1770751388.626127,120,ALERT
5097,1770751388.6503813,130,CRITICAL
5098,1770751388.6724222,126,CRITICAL
5099,1770751388.698571,123,CRITICAL
5100,1770751388.7241278,125,CRITICAL
5101,1770751388.7475464,122,CRITICAL
5102,1770751388.7727964,126,CRITICAL
5103,1770751388.798758,119,ALERT
5104,1770751388.8240674,120,ALERT
5105,1770751388.8471467,116,ALERT
5106,1770751388.8693924,122,CRITICAL
5107,1770751388.890635,115,ALERT
5108,1770751388.917855,113,ALERT
5109,1770751388.948357,126,CRITICAL
5110,1770751388.977103,117,ALERT
5111,1770751389.0013633,117,ALERT
5112,1770751389.024592,111,ALERT
5113,1770751389.0500607,124,CRITICAL
5114,1770751389.0783923,126,CRITICAL
5115,1770751389.10321,129,CRITICAL
5116,1770751389.128357,123,CRITICAL
5117,1770751389.1515055,110,ALERT
5118,1770751389.1771784,123,CRITICAL
5119,1770751389.1969032,110,ALERT
5120,1770751389.226242,113,ALERT
5121,1770751389.24752,112,ALERT
5122,1770751389.2718275,116,ALERT
5123,1770751389.2934968,127,CRITICAL
5124,1770751389.3194668,112,ALERT
5125,1770751389.339707,126,CRITICAL
5126,1770751389.3640604,119,ALERT
5127,1770751389.3893282,116,ALERT
5128,1770751389.4146113,130,CRITICAL
5129,1770751389.4387538,123,CRITICAL
5130,1770751389.4666805,122,CRITICAL
5131,1770751389.492249,116,ALERT
5132,1770751389.5161803,121,CRITICAL
5133,1770751389.5359051,127,CRITICAL
5134,1770751389.5642242,127,CRITICAL
5135,1770751389.5880399,130,CRITICAL
5136,1770751389.607435,110,ALERT
5137,1770751389.633683,127,CRITICAL
5138,1770751389.6583068,113,ALERT
5139,1770751389.6798842,111,ALERT
5140,1770751389.7070193,118,ALERT
5141,1770751389.729893,115,ALERT
5142,1770751389.752995,121,CRITICAL
5143,1770751389.7786298,121,CRITICAL
5144,1770751389.8034332,123,CRITICAL
5145,1770751389.824006,126,CRITICAL
5146,1770751389.845199,122,CRITICAL
5147,1770751389.8675938,121,CRITICAL
5148,1770751389.8912401,119,ALERT
5149,1770751389.9160686,117,ALERT
5150,1770751389.9415658,125,CRITICAL
5151,1770751389.9721127,119,ALERT
5152,1770751389.993561,120,ALERT
5153,1770751390.0193083,114,ALERT
5154,1770751390.0416803,115,ALERT
5155,1770751390.0667944,117,ALERT
5156,1770751390.0896468,130,CRITICAL
5157,1770751390.1131186,130,CRITICAL
5158,1770751390.138219,113,ALERT
5159,1770751390.1637805,111,ALERT
5160,1770751390.1879263,117,ALERT
5161,1770751390.2074146,130,CRITICAL
5162,1770751390.2320817,126,CRITICAL
5163,1770751390.2545133,110,ALERT
5164,1770751390.273201,122,CRITICAL
5165,1770751390.2980957,120,ALERT
5166,1770751390.3235512,119,ALERT
5167,1770751390.3501294,110,ALERT
5168,1770751390.3732777,125,CRITICAL
5169,1770751390.3961856,125,CRITICAL
5170,1770751390.4259937,119,ALERT
5171,1770751390.4518256,121,CRITICAL
5172,1770751390.4736483,120,ALERT
5173,1770751390.505606,123,CRITICAL
5174,1770751390.5323274,120,ALERT
5175,1770751390.5583599,110,ALERT
5176,1770751390.5828524,113,ALERT
5177,1770751390.6075888,117,ALERT
5178,1770751390.6283412,116,ALERT
5179,1770751390.6478786,117,ALERT
5180,1770751390.6763406,129,CRITICAL
5181,1770751390.6980984,114,ALERT
5182,1770751390.720215,116,ALERT
5183,1770751390.7505465,113,ALERT
5184,1770751390.7762768,114,ALERT
5185,1770751390.7998712,120,ALERT
5186,1770751390.8279557,121,CRITICAL
5187,1770751390.8555174,114,ALERT
5188,1770751390.8791687,118,ALERT
5189,1770751390.900184,126,CRITICAL
5190,1770751390.9250338,125,CRITICAL
5191,1770751390.9482384,127,CRITICAL
5192,1770751390.9704857,123,CRITICAL
5193,1770751390.9919388,124,CRITICAL
5194,1770751391.0166154,114,ALERT
5195,1770751391.0429077,126,CRITICAL
5196,1770751391.0653198,112,ALERT
5197,1770751391.0896149,114,ALERT
5198,1770751391.116058,120,ALERT
5199,1770751391.136938,124,CRITICAL
5200,1770751391.1664474,129,CRITICAL
5201,1770751391.1892705,110,ALERT
5202,1770751391.2148943,116,ALERT
5203,1770751391.240042,116,ALERT
5204,1770751391.2705941,129,CRITICAL
5205,1770751391.2998812,123,CRITICAL
5206,1770751391.324988,111,ALERT
5207,1770751391.3437817,117,ALERT
5208,1770751391.3596754,121,CRITICAL
5209,1770751391.3850324,129,CRITICAL
5210,1770751391.4100626,115,ALERT
5211,1770751391.438182,113,ALERT
5212,1770751391.4610865,112,ALERT
5213,1770751391.4847279,118,ALERT
5214,1770751391.5108385,111,ALERT
5215,1770751391.5368514,119,ALERT
5216,1770751391.5631144,128,CRITICAL
5217,1770751391.5942006,113,ALERT
5218,1770751391.6227536,114,ALERT
5219,1770751391.6501756,117,ALERT
5220,1770751391.6783652,126,CRITICAL
5221,1770751391.7070258,128,CRITICAL
5222,1770751391.7298613,116,ALERT
5223,1770751391.7588022,122,CRITICAL
5224,1770751391.7843423,113,ALERT
5225,1770751391.8107495,125,CRITICAL
5226,1770751391.838588,127,CRITICAL
5227,1770751391.8642428,130,CRITICAL
5228,1770751391.8922884,130,CRITICAL
5229,1770751391.913552,118,ALERT
5230,1770751391.94096,129,CRITICAL
5231,1770751391.962475,125,CRITICAL
5232,1770751391.9875405,121,CRITICAL
5233,1770751392.0163312,117,ALERT
5234,1770751392.0369792,130,CRITICAL
5235,1770751392.0609171,118,ALERT
5236,1770751392.0828917,130,CRITICAL
5237,1770751392.1051064,126,CRITICAL
5238,1770751392.1261156,122,CRITICAL
5239,1770751392.1496444,125,CRITICAL
5240,1770751392.1734688,118,ALERT
5241,1770751392.200364,119,ALERT
5242,1770751392.225155,110,ALERT
5243,1770751392.2484667,122,CRITICAL
5244,1770751392.2736168,113,ALERT
5245,1770751392.2986479,110,ALERT
5246,1770751392.3244936,120,ALERT
5247,1770751392.3536131,112,ALERT
5248,1770751392.3750775,122,CRITICAL
5249,1770751392.400552,118,ALERT
5250,1770751392.4255238,112,ALERT
5251,1770751392.449411,113,ALERT
5252,1770751392.4770794,115,ALERT
5253,1770751392.5041568,114,ALERT
5254,1770751392.5351665,126,CRITICAL
5255,1770751392.5620592,129,CRITICAL
5256,1770751392.5871205,127,CRITICAL
5257,1770751392.6104279,89,NORMAL
5258,1770751392.6374874,82,NORMAL
5259,1770751392.6621923,61,NORMAL
5260,1770751392.6827981,60,NORMAL
5261,1770751392.7084339,67,NORMAL
5262,1770751392.7351182,72,NORMAL
5263,1770751392.759048,90,NORMAL
5264,1770751392.7844458,62,NORMAL
5265,1770751392.80836,87,NORMAL
5266,1770751392.8341157,78,NORMAL
5267,1770751392.865663,80,NORMAL
5268,1770751392.8906705,111,ALERT
5269,1770751392.9163024,115,ALERT
5270,1770751392.9373548,116,ALERT
5271,1770751392.960243,111,ALERT
5272,1770751392.97621,123,CRITICAL
5273,1770751392.993324,126,CRITICAL
5274,1770751393.017708,122,CRITICAL
5275,1770751393.0418017,117,ALERT
5276,1770751393.0643613,125,CRITICAL
5277,1770751393.092364,126,CRITICAL
5278,1770751393.1190915,114,ALERT
5279,1770751393.141091,129,CRITICAL
5280,1770751393.1652973,112,ALERT
5281,1770751393.19037,123,CRITICAL
5282,1770751393.2123215,115,ALERT
5283,1770751393.2340577,122,CRITICAL
5284,1770751393.255549,124,CRITICAL
5285,1770751393.280966,117,ALERT
5286,1770751393.30163,120,ALERT
5287,1770751393.3258512,110,ALERT
5288,1770751393.3503885,111,ALERT
5289,1770751393.3763692,122,CRITICAL
5290,1770751393.4025419,111,ALERT
5291,1770751393.430353,125,CRITICAL
5292,1770751393.4579372,111,ALERT
5293,1770751393.484476,130,CRITICAL
5294,1770751393.5123198,123,CRITICAL
5295,1770751393.5373995,120,ALERT
5296,1770751393.56439,129,CRITICAL
5297,1770751393.588252,127,CRITICAL
5298,1770751393.616169,112,ALERT
5299,1770751393.6426616,121,CRITICAL
5300,1770751393.6754363,114,ALERT
5301,1770751393.7094789,127,CRITICAL
5302,1770751393.7293556,121,CRITICAL
5303,1770751393.755529,112,ALERT
5304,1770751393.778856,115,ALERT
5305,1770751393.8012605,126,CRITICAL
5306,1770751393.8312156,115,ALERT
5307,1770751393.8555367,118,ALERT
5308,1770751393.8853312,123,CRITICAL
5309,1770751393.906744,121,CRITICAL
5310,1770751393.9313655,117,ALERT
5311,1770751393.9530516,110,ALERT
5312,1770751393.9742198,114,ALERT
5313,1770751394.0032904,115,ALERT
5314,1770751394.0282786,122,CRITICAL
5315,1770751394.0516992,113,ALERT
5316,1770751394.0715973,127,CRITICAL
5317,1770751394.0995944,111,ALERT
5318,1770751394.1251063,110,ALERT
5319,1770751394.1485615,110,ALERT
5320,1770751394.1726687,124,CRITICAL
5321,1770751394.1989334,120,ALERT
5322,1770751394.2226849,111,ALERT
5323,1770751394.2524374,127,CRITICAL
5324,1770751394.2696881,130,CRITICAL
5325,1770751394.2890778,117,ALERT
5326,1770751394.314884,125,CRITICAL
5327,1770751394.3388739,124,CRITICAL
5328,1770751394.3596082,124,CRITICAL
5329,1770751394.3836708,112,ALERT
5330,1770751394.4071958,129,CRITICAL
5331,1770751394.4261806,119,ALERT
5332,1770751394.4515104,130,CRITICAL
5333,1770751394.4762273,117,ALERT
5334,1770751394.4993052,110,ALERT
5335,1770751394.5244012,119,ALERT
5336,1770751394.5446632,127,CRITICAL
5337,1770751394.5704203,121,CRITICAL
5338,1770751394.6035452,130,CRITICAL
5339,1770751394.6280296,127,CRITICAL
5340,1770751394.6557567,128,CRITICAL
5341,1770751394.677062,113,ALERT
5342,1770751394.6989093,112,ALERT
5343,1770751394.7228813,122,CRITICAL
5344,1770751394.7457283,112,ALERT
5345,1770751394.7724907,119,ALERT
5346,1770751394.7971625,127,CRITICAL
5347,1770751394.8229294,111,ALERT
5348,1770751394.8519814,123,CRITICAL
5349,1770751394.880268,114,ALERT
5350,1770751394.9123697,112,ALERT
5351,1770751394.9401927,127,CRITICAL
5352,1770751394.9639752,112,ALERT
5353,1770751394.9916518,123,CRITICAL
5354,1770751395.01662,121,CRITICAL
5355,1770751395.041168,130,CRITICAL
5356,1770751395.060321,127,CRITICAL
5357,1770751395.0850582,112,ALERT
5358,1770751395.1133385,111,ALERT
5359,1770751395.1393156,120,ALERT
5360,1770751395.163977,111,ALERT
5361,1770751395.191801,122,CRITICAL
5362,1770751395.216848,119,ALERT
5363,1770751395.2437186,116,ALERT
5364,1770751395.2652617,127,CRITICAL
5365,1770751395.2904766,121,CRITICAL
5366,1770751395.3132305,111,ALERT
5367,1770751395.3384552,129,CRITICAL
5368,1770751395.368379,128,CRITICAL
5369,1770751395.3922756,120,ALERT
5370,1770751395.4205658,113,ALERT
5371,1770751395.448101,116,ALERT
5372,1770751395.4733102,122,CRITICAL
5373,1770751395.4961276,117,ALERT
5374,1770751395.522696,120,ALERT
5375,1770751395.5466063,111,ALERT
5376,1770751395.5723703,121,CRITICAL
5377,1770751395.5972407,114,ALERT
5378,1770751395.6228242,125,CRITICAL
5379,1770751395.644141,112,ALERT
5380,1770751395.6681912,121,CRITICAL
5381,1770751395.6946545,122,CRITICAL
5382,1770751395.720645,127,CRITICAL
5383,1770751395.7442396,115,ALERT
5384,1770751395.7683296,116,ALERT
5385,1770751395.792874,116,ALERT
5386,1770751395.8175564,122,CRITICAL
5387,1770751395.838793,130,CRITICAL
5388,1770751395.8638673,122,CRITICAL
5389,1770751395.8920743,122,CRITICAL
5390,1770751395.9188056,110,ALERT
5391,1770751395.9466245,128,CRITICAL
5392,1770751395.9723682,126,CRITICAL
5393,1770751396.0030687,124,CRITICAL
5394,1770751396.034415,115,ALERT
5395,1770751396.056223,128,CRITICAL
5396,1770751396.0786152,113,ALERT
5397,1770751396.1013956,118,ALERT
5398,1770751396.1250324,111,ALERT
5399,1770751396.1464953,127,CRITICAL
5400,1770751396.1724064,118,ALERT
5401,1770751396.194651,114,ALERT
5402,1770751396.2227108,124,CRITICAL
5403,1770751396.2461066,121,CRITICAL
5404,1770751396.268925,110,ALERT
5405,1770751396.2973292,117,ALERT
5406,1770751396.3166378,120,ALERT
5407,1770751396.3402786,128,CRITICAL
5408,1770751396.361531,129,CRITICAL
5409,1770751396.3874907,112,ALERT
5410,1770751396.409451,127,CRITICAL
5411,1770751396.4337618,118,ALERT
5412,1770751396.4590354,115,ALERT
5413,1770751396.4847155,127,CRITICAL
5414,1770751396.5092335,129,CRITICAL
5415,1770751396.5335524,124,CRITICAL
5416,1770751396.556309,130,CRITICAL
5417,1770751396.583286,127,CRITICAL
5418,1770751396.607114,128,CRITICAL
5419,1770751396.6312563,130,CRITICAL
5420,1770751396.6564705,118,ALERT
5421,1770751396.6821146,128,CRITICAL
5422,1770751396.70366,115,ALERT
5423,1770751396.7292802,118,ALERT
5424,1770751396.754119,130,CRITICAL
5425,1770751396.7712734,122,CRITICAL
5426,1770751396.79622,125,CRITICAL
5427,1770751396.8227072,118,ALERT
5428,1770751396.8438919,119,ALERT
5429,1770751396.8763497,114,ALERT
5430,1770751396.9049973,116,ALERT
5431,1770751396.9330928,126,CRITICAL
5432,1770751396.9590697,116,ALERT
5433,1770751396.983415,130,CRITICAL
5434,1770751397.0107853,126,CRITICAL
5435,1770751397.0374482,128,CRITICAL
5436,1770751397.0644493,115,ALERT
5437,1770751397.0889106,126,CRITICAL
5438,1770751397.1197846,112,ALERT
5439,1770751397.145165,119,ALERT
5440,1770751397.166648,126,CRITICAL
5441,1770751397.1915417,121,CRITICAL
5442,1770751397.2151139,118,ALERT
5443,1770751397.239709,123,CRITICAL
5444,1770751397.2664928,129,CRITICAL
5445,1770751397.2908664,113,ALERT
5446,1770751397.3167803,129,CRITICAL
5447,1770751397.3422565,128,CRITICAL
5448,1770751397.3676078,112,ALERT
5449,1770751397.3961382,119,ALERT
5450,1770751397.4245014,121,CRITICAL
5451,1770751397.4500513,125,CRITICAL
5452,1770751397.4759455,120,ALERT
5453,1770751397.4955702,120,ALERT
5454,1770751397.5180557,129,CRITICAL
5455,1770751397.5430815,111,ALERT
5456,1770751397.5699615,129,CRITICAL
5457,1770751397.5950449,126,CRITICAL
5458,1770751397.622886,112,ALERT
5459,1770751397.647175,115,ALERT
5460,1770751397.666837,129,CRITICAL
5461,1770751397.6938114,119,ALERT
5462,1770751397.7213092,121,CRITICAL
5463,1770751397.7535172,115,ALERT
5464,1770751397.7794816,126,CRITICAL
5465,1770751397.8042483,120,ALERT
5466,1770751397.8294728,124,CRITICAL
5467,1770751397.8596942,117,ALERT
5468,1770751397.8842416,120,ALERT
5469,1770751397.9122896,128,CRITICAL
5470,1770751397.9385116,90,NORMAL
5471,1770751397.9692605,65,NORMAL
5472,1770751398.00208,75,NORMAL
5473,1770751398.0283022,64,NORMAL
5474,1770751398.0539114,83,NORMAL
5475,1770751398.0818887,64,NORMAL
5476,1770751398.1088688,89,NORMAL
5477,1770751398.1363447,62,NORMAL
5478,1770751398.1587832,85,NORMAL
5479,1770751398.1843095,78,NORMAL
5480,1770751398.2108216,60,NORMAL
5481,1770751398.240355,71,NORMAL
5482,1770751398.2662778,85,NORMAL
5483,1770751398.2900856,76,NORMAL
5484,1770751398.3121734,66,NORMAL
5485,1770751398.3358185,63,NORMAL
5486,1770751398.3602912,69,NORMAL
5487,1770751398.3862495,73,NORMAL
5488,1770751398.4091,64,NORMAL
5489,1770751398.429222,86,NORMAL
5490,1770751398.4523454,74,NORMAL
5491,1770751398.4812853,66,NORMAL
5492,1770751398.5006502,83,NORMAL
5493,1770751398.5230584,82,NORMAL
5494,1770751398.5442963,62,NORMAL
5495,1770751398.5695739,120,ALERT
5496,1770751398.5925915,129,CRITICAL
5497,1770751398.618111,130,CRITICAL
5498,1770751398.6444328,120,ALERT
5499,1770751398.6684515,110,ALERT
5500,1770751398.6926517,120,ALERT
5501,1770751398.7172754,111,ALERT
5502,1770751396.2669601,112,ALERT
5503,1770751396.2877932,130,CRITICAL
5504,1770751396.3164878,122,CRITICAL
5505,1770751396.3463836,125,CRITICAL
5506,1770751396.372754,130,CRITICAL
5507,1770751396.3972914,119,ALERT
5508,1770751396.4195652,124,CRITICAL
5509,1770751396.4441679,114,ALERT
5510,1770751396.4724984,125,CRITICAL
5511,1770751396.5039806,116,ALERT
5512,1770751396.5292835,127,CRITICAL
5513,1770751396.5524666,111,ALERT
5514,1770751396.575684,129,CRITICAL
5515,1770751396.595221,122,CRITICAL
5516,1770751396.625925,114,ALERT
5517,1770751396.6532893,118,ALERT
5518,1770751396.679109,118,ALERT
5519,1770751396.7063084,110,ALERT
5520,1770751396.732193,127,CRITICAL
5521,1770751396.7595923,130,CRITICAL
5522,1770751396.7825596,111,ALERT
5523,1770751396.802499,121,CRITICAL
5524,1770751396.82769,111,ALERT
5525,1770751396.8523755,112,ALERT
5526,1770751396.8771806,123,CRITICAL
5527,1770751396.9022026,114,ALERT
5528,1770751396.9204445,124,CRITICAL
5529,1770751396.944666,116,ALERT
5530,1770751396.9699602,130,CRITICAL
5531,1770751396.9921672,124,CRITICAL
5532,1770751397.015811,126,CRITICAL
5533,1770751397.0402122,124,CRITICAL
5534,1770751397.0663302,114,ALERT
5535,1770751397.0957844,124,CRITICAL
5536,1770751397.1175878,125,CRITICAL
5537,1770751397.142651,119,ALERT
5538,1770751397.1673257,113,ALERT
5539,1770751397.1952088,124,CRITICAL
5540,1770751397.2202706,129,CRITICAL
5541,1770751397.2412043,122,CRITICAL
5542,1770751397.2699556,122,CRITICAL
5543,1770751397.2963188,113,ALERT
5544,1770751397.3213334,124,CRITICAL
5545,1770751397.34495,119,ALERT
5546,1770751397.3683062,110,ALERT
5547,1770751397.3923218,123,CRITICAL
5548,1770751397.418098,116,ALERT
5549,1770751397.4505906,111,ALERT
5550,1770751397.4776077,128,CRITICAL
5551,1770751397.5002005,120,ALERT
5552,1770751397.523965,122,CRITICAL
5553,1770751397.5509982,114,ALERT
5554,1770751397.576855,127,CRITICAL
5555,1770751397.6060898,113,ALERT
5556,1770751397.6296449,122,CRITICAL
5557,1770751397.6580544,126,CRITICAL
5558,1770751397.6838298,113,ALERT
5559,1770751397.7148066,114,ALERT
5560,1770751397.7404509,111,ALERT
5561,1770751397.7666197,121,CRITICAL
5562,1770751397.792175,126,CRITICAL
5563,1770751397.8179588,123,CRITICAL
5564,1770751397.8404844,121,CRITICAL
5565,1770751397.8722746,129,CRITICAL
5566,1770751397.8917518,129,CRITICAL
5567,1770751397.913303,128,CRITICAL
5568,1770751397.9362721,113,ALERT
5569,1770751397.9612398,113,ALERT
5570,1770751397.9901998,116,ALERT
5571,1770751398.0165453,127,CRITICAL
5572,1770751398.045358,116,ALERT
5573,1770751398.0706506,129,CRITICAL
5574,1770751398.0953717,117,ALERT
5575,1770751398.1203468,123,CRITICAL
5576,1770751398.144359,123,CRITICAL
5577,1770751398.1715963,130,CRITICAL
5578,1770751398.1960962,126,CRITICAL
5579,1770751398.219152,123,CRITICAL
5580,1770751398.24577,116,ALERT
5581,1770751398.2690463,111,ALERT
5582,1770751398.2962756,120,ALERT
5583,1770751398.321238,123,CRITICAL
5584,1770751398.3410244,126,CRITICAL
5585,1770751398.3666224,110,ALERT
5586,1770751398.3894396,126,CRITICAL
5587,1770751398.4154067,113,ALERT
5588,1770751398.4400914,125,CRITICAL
5589,1770751398.4642234,114,ALERT
5590,1770751398.4843717,130,CRITICAL
5591,1770751398.5082617,128,CRITICAL
5592,1770751398.5324836,121,CRITICAL
5593,1770751398.5573804,112,ALERT
5594,1770751398.5836763,116,ALERT
5595,1770751398.6080048,128,CRITICAL
5596,1770751398.63601,113,ALERT
5597,1770751398.6642895,122,CRITICAL
5598,1770751398.6934392,130,CRITICAL
5599,1770751398.7169747,115,ALERT
5600,1770751398.738322,124,CRITICAL
5601,1770751398.7644248,115,ALERT
5602,1770751398.7907052,114,ALERT
5603,1770751398.817748,126,CRITICAL
5604,1770751398.8403375,122,CRITICAL
5605,1770751398.8660877,128,CRITICAL
5606,1770751398.8916876,115,ALERT
5607,1770751398.91488,125,CRITICAL
5608,1770751398.9439971,121,CRITICAL
5609,1770751398.968179,112,ALERT
5610,1770751398.9919398,116,ALERT
5611,1770751399.0213566,112,ALERT
5612,1770751399.0460753,128,CRITICAL
5613,1770751399.0696113,116,ALERT
5614,1770751399.0903406,115,ALERT
5615,1770751399.1124175,120,ALERT
5616,1770751399.138859,113,ALERT
5617,1770751399.166572,117,ALERT
5618,1770751399.1899006,117,ALERT
5619,1770751399.218734,129,CRITICAL
5620,1770751399.249849,114,ALERT
5621,1770751399.2757542,112,ALERT
5622,1770751399.2973635,122,CRITICAL
5623,1770751399.3228462,123,CRITICAL
5624,1770751399.347917,123,CRITICAL
5625,1770751399.3743896,113,ALERT
5626,1770751399.3997998,121,CRITICAL
5627,1770751399.4245095,113,ALERT
5628,1770751399.4507554,123,CRITICAL
5629,1770751399.476158,117,ALERT
5630,1770751399.4998682,120,ALERT
5631,1770751399.5247536,130,CRITICAL
5632,1770751399.5497243,119,ALERT
5633,1770751399.575826,111,ALERT
5634,1770751399.6042795,115,ALERT
5635,1770751399.627676,110,ALERT
5636,1770751399.6530387,118,ALERT
5637,1770751399.6790738,128,CRITICAL
5638,1770751399.7005382,111,ALERT
5639,1770751399.7158859,123,CRITICAL
5640,1770751399.7363594,122,CRITICAL
5641,1770751399.7580466,119,ALERT
5642,1770751399.7812352,110,ALERT
5643,1770751399.8060517,110,ALERT
5644,1770751399.8305142,126,CRITICAL
5645,1770751399.8561459,114,ALERT
5646,1770751399.8803186,124,CRITICAL
5647,1770751399.9003277,128,CRITICAL
5648,1770751399.9234562,112,ALERT
5649,1770751399.9438426,122,CRITICAL
5650,1770751399.9691236,113,ALERT
5651,1770751399.9927714,127,CRITICAL
5652,1770751400.0135942,114,ALERT
5653,1770751400.0430703,127,CRITICAL
5654,1770751400.0650878,129,CRITICAL
5655,1770751400.0858948,118,ALERT
5656,1770751400.1082788,128,CRITICAL
5657,1770751400.1346502,112,ALERT
5658,1770751400.15974,130,CRITICAL
5659,1770751400.1789927,113,ALERT
5660,1770751400.203471,116,ALERT
5661,1770751400.2283301,129,CRITICAL
5662,1770751400.2522464,123,CRITICAL
5663,1770751400.276315,119,ALERT
5664,1770751400.300334,129,CRITICAL
5665,1770751400.3248944,114,ALERT
5666,1770751400.3537538,128,CRITICAL
5667,1770751400.3753333,115,ALERT
5668,1770751400.4016829,117,ALERT
5669,1770751400.4230294,129,CRITICAL
5670,1770751400.4438002,129,CRITICAL
5671,1770751400.4658937,118,ALERT
5672,1770751400.4865797,121,CRITICAL
5673,1770751400.510274,117,ALERT
5674,1770751400.5378377,110,ALERT
5675,1770751400.563795,117,ALERT
5676,1770751400.5897007,126,CRITICAL
5677,1770751400.614852,115,ALERT
5678,1770751400.642737,124,CRITICAL
5679,1770751400.6704056,126,CRITICAL
5680,1770751400.6962612,111,ALERT
5681,1770751400.721655,127,CRITICAL
5682,1770751400.7448628,111,ALERT
5683,1770751400.7679043,116,ALERT
5684,1770751400.7880354,112,ALERT
5685,1770751400.8122888,124,CRITICAL
5686,1770751400.834569,112,ALERT
5687,1770751400.861633,122,CRITICAL
5688,1770751400.8870435,127,CRITICAL
5689,1770751400.908326,125,CRITICAL
5690,1770751400.9342346,121,CRITICAL
5691,1770751400.958465,128,CRITICAL
5692,1770751400.982344,121,CRITICAL
5693,1770751401.011376,125,CRITICAL
5694,1770751401.0370421,112,ALERT
5695,1770751401.0650403,113,ALERT
5696,1770751401.0911095,122,CRITICAL
5697,1770751401.116095,124,CRITICAL
5698,1770751401.1384642,121,CRITICAL
5699,1770751401.161787,118,ALERT
5700,1770751401.1843495,118,ALERT
5701,1770751401.206311,114,ALERT
5702,1770751401.2358027,129,CRITICAL
5703,1770751401.2605543,120,ALERT
5704,1770751401.2831683,120,ALERT
5705,1770751401.307743,125,CRITICAL
5706,1770751401.3343422,114,ALERT
5707,1770751401.3619351,123,CRITICAL
5708,1770751401.3889012,118,ALERT
5709,1770751401.416305,119,ALERT
5710,1770751401.4387171,121,CRITICAL
5711,1770751401.4638352,117,ALERT
5712,1770751401.4937067,121,CRITICAL
5713,1770751401.5160892,126,CRITICAL
5714,1770751401.545364,126,CRITICAL
5715,1770751401.5712311,127,CRITICAL
5716,1770751401.5970545,115,ALERT
5717,1770751401.6212604,122,CRITICAL
5718,1770751401.6471343,110,ALERT
5719,1770751401.6684785,126,CRITICAL
5720,1770751401.6924777,116,ALERT
5721,1770751401.7148602,125,CRITICAL
5722,1770751401.7384179,110,ALERT
5723,1770751401.7629673,116,ALERT
5724,1770751401.7858546,129,CRITICAL
5725,1770751401.807548,110,ALERT
5726,1770751401.8327048,114,ALERT
5727,1770751401.8571482,128,CRITICAL
5728,1770751401.880725,125,CRITICAL
5729,1770751401.906378,111,ALERT
5730,1770751401.934518,110,ALERT
5731,1770751401.9619298,128,CRITICAL
5732,1770751401.9879372,118,ALERT
5733,1770751402.0163682,121,CRITICAL
5734,1770751402.0414965,128,CRITICAL
5735,1770751402.0667193,110,ALERT
5736,1770751402.0913987,128,CRITICAL
5737,1770751402.1156344,113,ALERT
5738,1770751402.1384678,125,CRITICAL
5739,1770751402.1622682,124,CRITICAL
5740,1770751402.1869853,128,CRITICAL
5741,1770751402.2097454,123,CRITICAL
5742,1770751402.2306213,128,CRITICAL
5743,1770751402.2511432,119,ALERT
5744,1770751402.275196,116,ALERT
5745,1770751402.297497,127,CRITICAL
5746,1770751402.322126,129,CRITICAL
5747,1770751402.3455205,128,CRITICAL
5748,1770751402.3665588,110,ALERT
5749,1770751402.388163,123,CRITICAL
5750,1770751402.4100974,129,CRITICAL
5751,1770751402.434282,125,CRITICAL
5752,1770751402.4602833,112,ALERT
5753,1770751402.4843853,120,ALERT
5754,1770751402.5090284,113,ALERT
5755,1770751402.5347798,123,CRITICAL
5756,1770751402.5602198,111,ALERT
5757,1770751402.5906782,129,CRITICAL
5758,1770751402.6175044,111,ALERT
5759,1770751402.6416748,129,CRITICAL
5760,1770751402.6603403,123,CRITICAL
5761,1770751402.685611,125,CRITICAL
5762,1770751402.7130356,126,CRITICAL
5763,1770751402.734774,110,ALERT
5764,1770751402.7628226,115,ALERT
5765,1770751402.7921972,127,CRITICAL
5766,1770751402.8138573,114,ALERT
5767,1770751402.8381395,114,ALERT
5768,1770751402.8602233,114,ALERT
5769,1770751402.888407,122,CRITICAL
5770,1770751402.9106164,110,ALERT
5771,1770751402.9405854,115,ALERT
5772,1770751402.9655304,117,ALERT
5773,1770751402.9896915,116,ALERT
5774,1770751403.0100048,114,ALERT
5775,1770751403.0337403,113,ALERT
5776,1770751403.059611,126,CRITICAL
5777,1770751403.0834925,111,ALERT
5778,1770751403.1068747,116,ALERT
5779,1770751403.134183,123,CRITICAL
5780,1770751403.1590676,124,CRITICAL
5781,1770751403.180362,123,CRITICAL
5782,1770751403.2083461,122,CRITICAL
5783,1770751403.232237,130,CRITICAL
5784,1770751403.257976,115,ALERT
5785,1770751403.2883835,111,ALERT
5786,1770751403.316251,128,CRITICAL
5787,1770751403.3434565,122,CRITICAL
5788,1770751403.366661,119,ALERT
5789,1770751403.3917313,128,CRITICAL
5790,1770751403.4202287,125,CRITICAL
5791,1770751403.4425492,115,ALERT
5792,1770751403.4695532,130,CRITICAL
5793,1770751403.4962387,120,ALERT
5794,1770751403.5183935,114,ALERT
5795,1770751403.5432675,113,ALERT
5796,1770751403.5684867,125,CRITICAL
5797,1770751403.592919,127,CRITICAL
5798,1770751403.6167197,81,NORMAL
5799,1770751403.6390858,88,NORMAL
5800,1770751403.664124,82,NORMAL
5801,1770751403.6886215,77,NORMAL
5802,1770751403.7146757,78,NORMAL
5803,1770751403.7400763,67,NORMAL
5804,1770751403.7644498,85,NORMAL
5805,1770751403.7941363,82,NORMAL
5806,1770751403.8196056,68,NORMAL
5807,1770751403.8422573,63,NORMAL
5808,1770751403.8751318,86,NORMAL
5809,1770751403.902126,86,NORMAL
5810,1770751403.9249847,81,NORMAL
5811,1770751403.9498093,81,NORMAL
5812,1770751403.968142,86,NORMAL
5813,1770751403.9883323,90,NORMAL
5814,1770751404.0163279,74,NORMAL
5815,1770751404.0397887,68,NORMAL
5816,1770751404.0644727,71,NORMAL
5817,1770751404.0879767,81,NORMAL
5818,1770751404.116707,68,NORMAL
5819,1770751404.1421719,86,NORMAL
5820,1770751404.1651933,71,NORMAL
5821,1770751404.191502,117,ALERT
5822,1770751404.2219794,110,ALERT
5823,1770751404.247608,121,CRITICAL
5824,1770751404.2725632,110,ALERT
5825,1770751404.2981217,124,CRITICAL
5826,1770751404.32324,123,CRITICAL
5827,1770751404.3490937,122,CRITICAL
5828,1770751404.3784034,113,ALERT
5829,1770751404.4098456,116,ALERT
5830,1770751404.4366188,120,ALERT
5831,1770751404.4562416,113,ALERT
5832,1770751404.4823768,119,ALERT
5833,1770751404.5055509,119,ALERT
5834,1770751404.5282414,128,CRITICAL
5835,1770751404.5549352,123,CRITICAL
5836,1770751404.5809097,116,ALERT
5837,1770751404.6041887,121,CRITICAL
5838,1770751404.6271546,122,CRITICAL
5839,1770751404.650707,130,CRITICAL
5840,1770751404.675111,128,CRITICAL
5841,1770751404.6996868,127,CRITICAL
5842,1770751404.725375,111,ALERT
5843,1770751404.7503345,130,CRITICAL
5844,1770751404.7755432,130,CRITICAL
5845,1770751404.8001223,130,CRITICAL
5846,1770751404.8270326,111,ALERT
5847,1770751404.8473642,117,ALERT
5848,1770751404.8712153,121,CRITICAL
5849,1770751404.8923833,115,ALERT
5850,1770751404.91611,126,CRITICAL
5851,1770751404.940076,111,ALERT
5852,1770751404.9633875,128,CRITICAL
5853,1770751404.9861505,117,ALERT
5854,1770751405.0129342,110,ALERT
5855,1770751405.0357275,113,ALERT
5856,1770751405.0606067,119,ALERT
5857,1770751405.0843613,129,CRITICAL
5858,1770751405.109145,121,CRITICAL
5859,1770751405.1392856,127,CRITICAL
5860,1770751405.1586058,115,ALERT
5861,1770751405.1779935,110,ALERT
5862,1770751405.2004392,115,ALERT
5863,1770751405.2240398,116,ALERT
5864,1770751405.2479992,126,CRITICAL
5865,1770751405.2733424,114,ALERT
5866,1770751405.2984087,114,ALERT
5867,1770751405.3249295,117,ALERT
5868,1770751405.350018,126,CRITICAL
5869,1770751405.379128,119,ALERT
5870,1770751405.406016,118,ALERT
5871,1770751405.4260247,119,ALERT
5872,1770751405.4511266,121,CRITICAL
5873,1770751405.4742255,122,CRITICAL
5874,1770751405.5031652,125,CRITICAL
5875,1770751405.52774,111,ALERT
5876,1770751405.552186,119,ALERT
5877,1770751405.583751,120,ALERT
5878,1770751405.6108692,113,ALERT
5879,1770751405.631781,119,ALERT
5880,1770751405.6548522,113,ALERT
5881,1770751405.6841693,125,CRITICAL
5882,1770751405.7121816,118,ALERT
5883,1770751405.7306943,123,CRITICAL
5884,1770751405.7541919,111,ALERT
5885,1770751405.7790701,130,CRITICAL
5886,1770751405.8042998,113,ALERT
5887,1770751405.829893,128,CRITICAL
5888,1770751405.8553643,126,CRITICAL
5889,1770751405.8804505,113,ALERT
5890,1770751405.901974,123,CRITICAL
5891,1770751405.9243119,129,CRITICAL
5892,1770751405.9467983,121,CRITICAL
5893,1770751405.9697368,117,ALERT
5894,1770751405.9930277,119,ALERT
5895,1770751406.0191016,111,ALERT
5896,1770751406.0446327,123,CRITICAL
5897,1770751406.0693986,125,CRITICAL
5898,1770751406.0948105,113,ALERT
5899,1770751406.120013,125,CRITICAL
5900,1770751406.1443295,118,ALERT
5901,1770751406.1689024,127,CRITICAL
5902,1770751406.1917622,119,ALERT
5903,1770751406.2228658,126,CRITICAL
5904,1770751406.2483866,123,CRITICAL
5905,1770751406.2683277,120,ALERT
5906,1770751406.2925525,112,ALERT
5907,1770751406.3179994,122,CRITICAL
5908,1770751406.3431818,130,CRITICAL
5909,1770751406.3671906,125,CRITICAL
5910,1770751406.3910332,124,CRITICAL
5911,1770751406.4145901,130,CRITICAL
5912,1770751406.4375772,123,CRITICAL
5913,1770751406.4603045,119,ALERT
5914,1770751406.4916184,116,ALERT
5915,1770751406.515716,130,CRITICAL
5916,1770751406.540657,110,ALERT
5917,1770751406.5706244,117,ALERT
5918,1770751406.5951881,129,CRITICAL
5919,1770751406.618699,124,CRITICAL
5920,1770751406.642322,126,CRITICAL
5921,1770751406.667343,113,ALERT
5922,1770751406.6924827,117,ALERT
5923,1770751406.7136233,129,CRITICAL
5924,1770751406.7368822,125,CRITICAL
5925,1770751406.757723,128,CRITICAL
5926,1770751406.7798755,123,CRITICAL
5927,1770751406.8017893,126,CRITICAL
5928,1770751406.8262434,110,ALERT
5929,1770751406.8504808,117,ALERT
5930,1770751406.8737483,117,ALERT
5931,1770751406.8918877,115,ALERT
5932,1770751406.908332,124,CRITICAL
5933,1770751406.9324374,118,ALERT
5934,1770751406.954366,122,CRITICAL
5935,1770751406.985305,127,CRITICAL
5936,1770751407.0108964,113,ALERT
5937,1770751407.0359247,123,CRITICAL
5938,1770751407.061232,113,ALERT
5939,1770751407.0863402,117,ALERT
5940,1770751407.1120574,110,ALERT
5941,1770751407.135462,130,CRITICAL
5942,1770751407.1625223,121,CRITICAL
5943,1770751407.186089,114,ALERT
5944,1770751407.2124994,116,ALERT
5945,1770751407.2418134,122,CRITICAL
5946,1770751407.2630696,111,ALERT
5947,1770751407.2842762,118,ALERT
5948,1770751407.3092778,128,CRITICAL
5949,1770751407.331362,127,CRITICAL
5950,1770751407.3552036,124,CRITICAL
5951,1770751407.3773317,113,ALERT
5952,1770751407.4001813,116,ALERT
5953,1770751407.4258242,115,ALERT
5954,1770751407.4491968,112,ALERT
5955,1770751407.4742515,120,ALERT
5956,1770751407.4963858,126,CRITICAL
5957,1770751407.5276613,120,ALERT
5958,1770751407.556204,129,CRITICAL
5959,1770751407.5766842,128,CRITICAL
5960,1770751407.602837,121,CRITICAL
5961,1770751407.626712,111,ALERT
5962,1770751407.6529467,122,CRITICAL
5963,1770751407.6787782,113,ALERT
5964,1770751407.7081974,112,ALERT
5965,1770751407.7291796,128,CRITICAL
5966,1770751407.7539272,127,CRITICAL
5967,1770751407.7788887,111,ALERT
5968,1770751407.804148,122,CRITICAL
5969,1770751407.8306952,129,CRITICAL
5970,1770751407.8534887,122,CRITICAL
5971,1770751407.8775508,127,CRITICAL
5972,1770751407.9024065,114,ALERT
5973,1770751407.9281974,115,ALERT
5974,1770751407.949036,120,ALERT
5975,1770751407.973268,116,ALERT
5976,1770751407.9975293,125,CRITICAL
5977,1770751408.0228052,123,CRITICAL
5978,1770751408.0499163,111,ALERT
5979,1770751408.0717618,119,ALERT
5980,1770751408.0922482,124,CRITICAL
5981,1770751408.1181273,122,CRITICAL
5982,1770751408.1384623,123,CRITICAL
5983,1770751408.1568954,124,CRITICAL
5984,1770751408.1826117,120,ALERT
5985,1770751408.2132103,111,ALERT
5986,1770751408.238912,118,ALERT
5987,1770751408.2627409,123,CRITICAL
5988,1770751408.2921772,124,CRITICAL
5989,1770751408.3162796,129,CRITICAL
5990,1770751408.3421907,120,ALERT
5991,1770751408.3663828,125,CRITICAL
5992,1770751408.3909197,127,CRITICAL
5993,1770751408.4168203,114,ALERT
5994,1770751408.4434857,125,CRITICAL
5995,1770751408.4682484,117,ALERT
5996,1770751408.4911253,125,CRITICAL
5997,1770751408.511015,119,ALERT
5998,1770751408.5348344,127,CRITICAL
5999,1770751408.55933,116,ALERT
6000,1770751408.5804772,124,CRITICAL
6001,1770751408.607109,124,CRITICAL
6002,1770751408.6329784,114,ALERT
6003,1770751408.659975,126,CRITICAL
6004,1770751408.6880722,123,CRITICAL
6005,1770751408.7120783,130,CRITICAL
6006,1770751408.738382,121,CRITICAL
6007,1770751408.7657433,117,ALERT
6008,1770751408.792559,125,CRITICAL
6009,1770751408.8151186,118,ALERT
6010,1770751408.840961,127,CRITICAL
6011,1770751408.8656938,128,CRITICAL
6012,1770751408.8889332,122,CRITICAL
6013,1770751408.9122417,129,CRITICAL
6014,1770751408.9369724,110,ALERT
6015,1770751408.9669962,120,ALERT
6016,1770751408.9915254,125,CRITICAL
6017,1770751409.0153346,115,ALERT
6018,1770751409.0397692,123,CRITICAL
6019,1770751409.0646832,115,ALERT
6020,1770751409.084846,119,ALERT
6021,1770751409.1066675,123,CRITICAL
6022,1770751409.1307528,123,CRITICAL
6023,1770751409.1536806,114,ALERT
6024,1770751409.1786745,110,ALERT
6025,1770751409.2008135,118,ALERT
6026,1770751409.2276378,62,NORMAL
6027,1770751409.2505028,79,NORMAL
6028,1770751409.2802324,64,NORMAL
6029,1770751409.304526,83,NORMAL
6030,1770751409.3252606,90,NORMAL
6031,1770751409.3493428,64,NORMAL
6032,1770751409.3759801,61,NORMAL
6033,1770751409.394209,60,NORMAL
6034,1770751409.4163249,60,NORMAL
6035,1770751409.4451625,73,NORMAL
6036,1770751409.4699566,66,NORMAL
6037,1770751409.4969575,79,NORMAL
6038,1770751409.5253057,78,NORMAL
6039,1770751409.5500805,72,NORMAL
6040,1770751409.5785067,67,NORMAL
6041,1770751409.6042175,83,NORMAL
6042,1770751409.62398,60,NORMAL
6043,1770751409.6503577,62,NORMAL
6044,1770751409.6746848,68,NORMAL
6045,1770751409.697863,83,NORMAL
6046,1770751409.7236762,84,NORMAL
6047,1770751409.7548535,78,NORMAL
6048,1770751409.781693,75,NORMAL
6049,1770751409.8052354,89,NORMAL
6050,1770751409.8311334,68,NORMAL
6051,1770751409.8546047,68,NORMAL
6052,1770751409.8826559,90,NORMAL
6053,1770751409.9094582,60,NORMAL
6054,1770751409.9343357,84,NORMAL
6055,1770751409.9551315,69,NORMAL
6056,1770751409.9796872,129,CRITICAL
6057,1770751410.0027072,129,CRITICAL
6058,1770751410.0270884,124,CRITICAL
6059,1770751410.0478978,123,CRITICAL
6060,1770751410.0733125,119,ALERT
6061,1770751410.0982494,110,ALERT
6062,1770751410.1235807,128,CRITICAL
6063,1770751410.1475637,122,CRITICAL
6064,1770751410.1683102,120,ALERT
6065,1770751410.193282,117,ALERT
6066,1770751410.2184274,124,CRITICAL
6067,1770751410.2436552,130,CRITICAL
6068,1770751410.270439,113,ALERT
6069,1770751410.295275,110,ALERT
6070,1770751410.3252578,124,CRITICAL
6071,1770751410.3505116,114,ALERT
6072,1770751410.3757818,128,CRITICAL
6073,1770751410.4012816,127,CRITICAL
6074,1770751410.423127,118,ALERT
6075,1770751410.4476638,123,CRITICAL
6076,1770751410.4730752,123,CRITICAL
6077,1770751410.4994593,128,CRITICAL
6078,1770751410.5307925,130,CRITICAL
6079,1770751410.549936,123,CRITICAL
6080,1770751410.5745962,117,ALERT
6081,1770751410.5982938,120,ALERT
6082,1770751410.623304,111,ALERT
6083,1770751410.6493707,130,CRITICAL
6084,1770751410.673077,130,CRITICAL
6085,1770751410.6977098,113,ALERT
6086,1770751410.720765,120,ALERT
6087,1770751410.742687,123,CRITICAL
6088,1770751410.7720973,113,ALERT
6089,1770751410.7962856,128,CRITICAL
6090,1770751410.816326,124,CRITICAL
6091,1770751410.8387837,124,CRITICAL
6092,1770751410.8643534,113,ALERT
6093,1770751410.8858924,127,CRITICAL
6094,1770751410.9123044,129,CRITICAL
6095,1770751410.941338,113,ALERT
6096,1770751410.9679317,123,CRITICAL
6097,1770751410.9919891,111,ALERT
6098,1770751411.0172317,126,CRITICAL
6099,1770751411.0414681,126,CRITICAL
6100,1770751411.067021,129,CRITICAL
6101,1770751411.092153,118,ALERT
6102,1770751411.1178527,124,CRITICAL
6103,1770751411.142064,130,CRITICAL
6104,1770751411.1668158,119,ALERT
6105,1770751411.189765,120,ALERT
6106,1770751411.2111664,120,ALERT
6107,1770751411.235951,121,CRITICAL
6108,1770751411.2603047,120,ALERT
6109,1770751411.2842255,130,CRITICAL
6110,1770751411.3095105,122,CRITICAL
6111,1770751411.3349214,129,CRITICAL
6112,1770751411.3581817,125,CRITICAL
6113,1770751411.3874238,116,ALERT
6114,1770751411.407247,130,CRITICAL
6115,1770751411.4317212,126,CRITICAL
6116,1770751411.4563549,116,ALERT
6117,1770751411.4852796,116,ALERT
6118,1770751411.5082335,110,ALERT
6119,1770751411.5282884,122,CRITICAL
6120,1770751411.5505455,129,CRITICAL
6121,1770751411.574811,119,ALERT
6122,1770751411.601086,127,CRITICAL
6123,1770751411.6312084,126,CRITICAL
6124,1770751411.6574976,122,CRITICAL
6125,1770751411.682128,118,ALERT
6126,1770751411.712029,129,CRITICAL
6127,1770751411.7355735,111,ALERT
6128,1770751411.7620096,114,ALERT
6129,1770751411.7873342,114,ALERT
6130,1770751411.8128927,126,CRITICAL
6131,1770751411.8403301,118,ALERT
6132,1770751411.8626277,129,CRITICAL
6133,1770751411.8888676,121,CRITICAL
6134,1770751411.9111605,117,ALERT
6135,1770751411.9373524,114,ALERT
6136,1770751411.962878,115,ALERT
6137,1770751411.9894,128,CRITICAL
6138,1770751412.0138726,130,CRITICAL
6139,1770751412.0322607,116,ALERT
6140,1770751412.0524802,128,CRITICAL
6141,1770751412.0737803,122,CRITICAL
6142,1770751412.1000085,113,ALERT
6143,1770751412.120459,130,CRITICAL
6144,1770751412.1461554,125,CRITICAL
6145,1770751412.1722212,123,CRITICAL
6146,1770751412.2001004,120,ALERT
6147,1770751412.2231157,110,ALERT
6148,1770751412.2453513,110,ALERT
6149,1770751412.2691886,124,CRITICAL
6150,1770751412.2938955,122,CRITICAL
6151,1770751412.3237123,117,ALERT
6152,1770751412.3433385,110,ALERT
6153,1770751412.3676524,119,ALERT
6154,1770751412.390732,121,CRITICAL
6155,1770751412.41628,124,CRITICAL
6156,1770751412.4465592,110,ALERT
6157,1770751412.4692612,129,CRITICAL
6158,1770751412.4930613,117,ALERT
6159,1770751412.5192904,130,CRITICAL
6160,1770751412.5407994,125,CRITICAL
6161,1770751412.5676982,127,CRITICAL
6162,1770751412.5970137,113,ALERT
6163,1770751412.6224098,129,CRITICAL
6164,1770751412.6430867,116,ALERT
6165,1770751412.6666424,127,CRITICAL
6166,1770751412.6986043,126,CRITICAL
6167,1770751412.7238986,118,ALERT
6168,1770751412.7458732,116,ALERT
6169,1770751412.771497,130,CRITICAL
6170,1770751412.796688,113,ALERT
6171,1770751412.8195343,118,ALERT
6172,1770751412.8445535,112,ALERT
6173,1770751412.8683476,117,ALERT
6174,1770751412.8923268,112,ALERT
6175,1770751412.9170284,114,ALERT
6176,1770751412.943506,123,CRITICAL
6177,1770751412.9706385,123,CRITICAL
6178,1770751412.997097,113,ALERT
6179,1770751413.024422,113,ALERT
6180,1770751413.057065,115,ALERT
6181,1770751413.0840955,110,ALERT
6182,1770751413.1106207,125,CRITICAL
6183,1770751413.1341898,124,CRITICAL
6184,1770751413.16317,114,ALERT
6185,1770751413.1892574,117,ALERT
6186,1770751413.2083561,122,CRITICAL
6187,1770751413.230815,119,ALERT
6188,1770751413.258758,114,ALERT
6189,1770751413.2884886,123,CRITICAL
6190,1770751413.3132648,130,CRITICAL
6191,1770751413.3363569,124,CRITICAL
6192,1770751413.3684473,122,CRITICAL
6193,1770751413.3938382,126,CRITICAL
6194,1770751413.4169154,123,CRITICAL
6195,1770751413.4425905,120,ALERT
6196,1770751413.4681945,112,ALERT
6197,1770751413.4959638,121,CRITICAL
6198,1770751413.522846,123,CRITICAL
6199,1770751413.5537379,112,ALERT
6200,1770751413.5802495,112,ALERT
6201,1770751413.6019125,123,CRITICAL
6202,1770751413.6327517,115,ALERT
6203,1770751413.6602569,127,CRITICAL
6204,1770751413.6845896,122,CRITICAL
6205,1770751413.7094405,117,ALERT
6206,1770751413.7349296,129,CRITICAL
6207,1770751413.7591228,119,ALERT
6208,1770751413.7849507,127,CRITICAL
6209,1770751413.8100777,123,CRITICAL
6210,1770751413.8345869,129,CRITICAL
6211,1770751413.858631,112,ALERT
6212,1770751413.8843625,110,ALERT
6213,1770751413.9089837,116,ALERT
6214,1770751413.9348955,128,CRITICAL
6215,1770751413.9555547,123,CRITICAL
6216,1770751413.980421,123,CRITICAL
6217,1770751414.0095253,126,CRITICAL
6218,1770751414.0350637,111,ALERT
6219,1770751414.0556803,112,ALERT
6220,1770751414.081541,111,ALERT
6221,1770751414.1037598,123,CRITICAL
6222,1770751414.1311936,110,ALERT
6223,1770751414.1560917,124,CRITICAL
6224,1770751414.1822004,120,ALERT
6225,1770751414.2053173,125,CRITICAL
6226,1770751414.229373,125,CRITICAL
6227,1770751414.2509847,128,CRITICAL
6228,1770751414.28106,127,CRITICAL
6229,1770751414.2983794,120,ALERT
6230,1770751414.3248281,111,ALERT
6231,1770751414.3495417,120,ALERT
6232,1770751414.374175,113,ALERT
6233,1770751414.3974426,123,CRITICAL
6234,1770751414.4184074,121,CRITICAL
6235,1770751414.449528,114,ALERT
6236,1770751414.473196,110,ALERT
6237,1770751414.4995046,130,CRITICAL
6238,1770751414.5250177,110,ALERT
6239,1770751414.5492368,116,ALERT
6240,1770751414.573633,124,CRITICAL
6241,1770751414.5967674,127,CRITICAL
6242,1770751414.6189046,120,ALERT
6243,1770751414.6484423,112,ALERT
6244,1770751414.6697707,114,ALERT
6245,1770751414.6943922,120,ALERT
6246,1770751414.7179546,123,CRITICAL
6247,1770751414.743333,122,CRITICAL
6248,1770751414.7738376,111,ALERT
6249,1770751414.7996893,119,ALERT
6250,1770751414.831109,117,ALERT
6251,1770751414.8526793,120,ALERT
6252,1770751414.8763127,129,CRITICAL
6253,1770751414.9001915,127,CRITICAL
6254,1770751414.9264393,112,ALERT
6255,1770751414.9555988,127,CRITICAL
6256,1770751414.9783826,118,ALERT
6257,1770751414.9984386,127,CRITICAL
6258,1770751415.0259075,62,NORMAL
6259,1770751415.0475578,83,NORMAL
6260,1770751415.074784,75,NORMAL
6261,1770751415.0994372,90,NORMAL
6262,1770751415.1285424,121,CRITICAL
6263,1770751415.153957,113,ALERT
6264,1770751415.1792476,127,CRITICAL
6265,1770751415.2024658,119,ALERT
6266,1770751415.229675,116,ALERT
6267,1770751415.2590253,123,CRITICAL
6268,1770751415.2820792,117,ALERT
6269,1770751415.3016286,123,CRITICAL
6270,1770751415.3244386,130,CRITICAL
6271,1770751415.348418,128,CRITICAL
6272,1770751415.3732023,126,CRITICAL
6273,1770751415.3968596,114,ALERT
6274,1770751415.4180222,122,CRITICAL
6275,1770751415.4442246,121,CRITICAL
6276,1770751415.469605,110,ALERT
6277,1770751415.492234,112,ALERT
6278,1770751415.515376,112,ALERT
6279,1770751415.5394962,126,CRITICAL
6280,1770751415.5648327,124,CRITICAL
6281,1770751415.5908022,117,ALERT
6282,1770751415.6146698,116,ALERT
6283,1770751415.6362457,123,CRITICAL
6284,1770751415.6610873,119,ALERT
6285,1770751415.6849973,126,CRITICAL
6286,1770751415.7115583,118,ALERT
6287,1770751415.7363548,129,CRITICAL
6288,1770751415.7611606,110,ALERT
6289,1770751415.7851424,118,ALERT
6290,1770751415.8110251,126,CRITICAL
6291,1770751415.8374693,118,ALERT
6292,1770751415.8630881,115,ALERT
6293,1770751415.8868465,120,ALERT
6294,1770751415.9091468,110,ALERT
6295,1770751415.9322398,114,ALERT
6296,1770751415.9553237,129,CRITICAL
6297,1770751415.9716284,126,CRITICAL
6298,1770751415.990121,130,CRITICAL
6299,1770751416.0143106,117,ALERT
6300,1770751416.0404153,113,ALERT
6301,1770751416.0654278,129,CRITICAL
6302,1770751416.0871627,117,ALERT
6303,1770751416.1134322,124,CRITICAL
6304,1770751416.137767,126,CRITICAL
6305,1770751416.160795,121,CRITICAL
6306,1770751416.1908932,120,ALERT
6307,1770751416.2193298,128,CRITICAL
6308,1770751416.2484164,128,CRITICAL
6309,1770751416.280662,129,CRITICAL
6310,1770751416.3088927,125,CRITICAL
6311,1770751416.3295105,118,ALERT
6312,1770751416.3513963,120,ALERT
6313,1770751416.3762505,130,CRITICAL
6314,1770751416.3948674,121,CRITICAL
6315,1770751416.419641,126,CRITICAL
6316,1770751416.446078,111,ALERT
6317,1770751416.4715123,122,CRITICAL
6318,1770751416.4962537,124,CRITICAL
6319,1770751416.5224552,122,CRITICAL
6320,1770751416.5454576,127,CRITICAL
6321,1770751416.5652945,120,ALERT
6322,1770751416.5911841,126,CRITICAL
6323,1770751416.6158383,122,CRITICAL
6324,1770751416.6436307,122,CRITICAL
6325,1770751416.661719,117,ALERT
6326,1770751416.680606,127,CRITICAL
6327,1770751416.7055426,129,CRITICAL
6328,1770751416.7322967,126,CRITICAL
6329,1770751416.7565296,124,CRITICAL
6330,1770751416.7794585,115,ALERT
6331,1770751416.8043532,117,ALERT
6332,1770751416.8283575,124,CRITICAL
6333,1770751416.8518953,110,ALERT
6334,1770751416.8818877,125,CRITICAL
6335,1770751416.908111,112,ALERT
6336,1770751416.9345737,121,CRITICAL
6337,1770751416.9591763,127,CRITICAL
6338,1770751416.9844031,130,CRITICAL
6339,1770751417.0090415,125,CRITICAL
6340,1770751417.0338278,129,CRITICAL
6341,1770751417.057227,126,CRITICAL
6342,1770751417.0824525,116,ALERT
6343,1770751417.1081512,126,CRITICAL
6344,1770751417.1297028,111,ALERT
6345,1770751417.1519709,117,ALERT
6346,1770751417.1805456,122,CRITICAL
6347,1770751417.2023928,111,ALERT
6348,1770751417.2259693,116,ALERT
6349,1770751417.250649,127,CRITICAL
6350,1770751417.2724016,110,ALERT
6351,1770751417.2978919,125,CRITICAL
6352,1770751417.322888,121,CRITICAL
6353,1770751417.3471224,121,CRITICAL
6354,1770751417.3748763,121,CRITICAL
6355,1770751417.3968444,123,CRITICAL
6356,1770751417.4201407,129,CRITICAL
6357,1770751417.4439943,123,CRITICAL
6358,1770751417.4653826,123,CRITICAL
6359,1770751417.4902241,120,ALERT
6360,1770751417.5117004,110,ALERT
6361,1770751417.5350306,121,CRITICAL
6362,1770751417.5576198,122,CRITICAL
6363,1770751417.583674,127,CRITICAL
6364,1770751417.6092298,110,ALERT
6365,1770751417.63401,116,ALERT
6366,1770751417.6584492,130,CRITICAL
6367,1770751417.6837878,127,CRITICAL
6368,1770751417.7075768,113,ALERT
6369,1770751417.7325747,111,ALERT
6370,1770751417.7567039,112,ALERT
6371,1770751417.7810793,115,ALERT
6372,1770751417.800441,129,CRITICAL
6373,1770751417.8212492,122,CRITICAL
6374,1770751417.8425655,112,ALERT
6375,1770751417.866738,119,ALERT
6376,1770751417.8906224,115,ALERT
6377,1770751417.9156132,119,ALERT
6378,1770751417.9403338,121,CRITICAL
6379,1770751417.9665349,111,ALERT
6380,1770751417.9931526,124,CRITICAL
6381,1770751418.0164957,130,CRITICAL
6382,1770751418.0424283,119,ALERT
6383,1770751418.067065,125,CRITICAL
6384,1770751418.0969026,124,CRITICAL
6385,1770751418.1226938,118,ALERT
6386,1770751418.1521268,113,ALERT
6387,1770751418.177461,125,CRITICAL
6388,1770751418.1975026,120,ALERT
6389,1770751418.2210221,111,ALERT
6390,1770751418.2442799,116,ALERT
6391,1770751418.2636104,110,ALERT
6392,1770751418.2871704,125,CRITICAL
6393,1770751418.3106089,117,ALERT
6394,1770751418.335342,129,CRITICAL
6395,1770751418.3592024,117,ALERT
6396,1770751418.3852293,122,CRITICAL
6397,1770751418.4061863,114,ALERT
6398,1770751418.4304674,128,CRITICAL
6399,1770751418.456394,130,CRITICAL
6400,1770751418.480996,125,CRITICAL
6401,1770751418.506801,122,CRITICAL
6402,1770751418.5351994,111,ALERT
6403,1770751418.5580847,118,ALERT
6404,1770751418.585092,123,CRITICAL
6405,1770751418.613903,117,ALERT
6406,1770751418.6461515,129,CRITICAL
6407,1770751418.6643896,128,CRITICAL
6408,1770751418.6911588,110,ALERT
6409,1770751418.7148137,125,CRITICAL
6410,1770751418.7389379,123,CRITICAL
6411,1770751418.7637556,122,CRITICAL
6412,1770751418.7859416,112,ALERT
6413,1770751418.8111815,113,ALERT
6414,1770751418.837773,113,ALERT
6415,1770751418.8611567,116,ALERT
6416,1770751418.8883357,114,ALERT
6417,1770751418.9117537,118,ALERT
6418,1770751418.936922,120,ALERT
6419,1770751418.9591105,116,ALERT
6420,1770751418.9794104,110,ALERT
6421,1770751419.0008914,130,CRITICAL
6422,1770751419.0264716,112,ALERT
6423,1770751419.0487087,118,ALERT
6424,1770751419.0742652,118,ALERT
6425,1770751419.0993276,129,CRITICAL
6426,1770751419.1243854,126,CRITICAL
6427,1770751419.1507795,124,CRITICAL
6428,1770751419.1748252,113,ALERT
6429,1770751419.2002935,129,CRITICAL
6430,1770751419.2240539,114,ALERT
6431,1770751419.2508461,120,ALERT
6432,1770751419.2758727,125,CRITICAL
6433,1770751419.3009613,112,ALERT
6434,1770751419.323112,112,ALERT
6435,1770751419.3451085,120,ALERT
6436,1770751419.3685262,119,ALERT
6437,1770751419.3920202,123,CRITICAL
6438,1770751419.42223,121,CRITICAL
6439,1770751419.445629,118,ALERT
6440,1770751419.472394,119,ALERT
6441,1770751419.5043576,126,CRITICAL
6442,1770751419.5311308,113,ALERT
6443,1770751419.560349,115,ALERT
6444,1770751419.5853982,126,CRITICAL
6445,1770751419.6081765,110,ALERT
6446,1770751419.632667,116,ALERT
6447,1770751419.650145,113,ALERT
6448,1770751419.6768801,126,CRITICAL
6449,1770751419.7067506,112,ALERT
6450,1770751419.7322423,125,CRITICAL
6451,1770751419.7522938,124,CRITICAL
6452,1770751419.777694,124,CRITICAL
6453,1770751419.802737,126,CRITICAL
6454,1770751419.8273594,127,CRITICAL
6455,1770751419.8523319,124,CRITICAL
6456,1770751419.877986,130,CRITICAL
6457,1770751419.9040534,128,CRITICAL
6458,1770751419.9337168,115,ALERT
6459,1770751419.9600794,113,ALERT
6460,1770751419.9886415,122,CRITICAL
6461,1770751420.0136523,117,ALERT
6462,1770751420.034997,130,CRITICAL
6463,1770751420.060333,110,ALERT
6464,1770751420.0837739,110,ALERT
6465,1770751420.1084585,126,CRITICAL
6466,1770751420.1330936,117,ALERT
6467,1770751420.1581435,75,NORMAL
6468,1770751420.1818614,89,NORMAL
6469,1770751420.2068183,70,NORMAL
6470,1770751420.2304049,75,NORMAL
6471,1770751420.2523265,63,NORMAL
6472,1770751420.2807496,65,NORMAL
6473,1770751420.3016582,60,NORMAL
6474,1770751420.3279352,87,NORMAL
6475,1770751420.3557322,78,NORMAL
6476,1770751420.3847532,84,NORMAL
6477,1770751420.4092371,72,NORMAL
6478,1770751420.4291072,63,NORMAL
6479,1770751420.4536276,61,NORMAL
6480,1770751420.4786823,66,NORMAL
6481,1770751420.5024686,83,NORMAL
6482,1770751420.527578,73,NORMAL
6483,1770751420.5488408,76,NORMAL
6484,1770751420.5720735,67,NORMAL
6485,1770751420.6016517,71,NORMAL
6486,1770751420.6283197,79,NORMAL
6487,1770751420.6508787,88,NORMAL
6488,1770751420.671902,76,NORMAL
6489,1770751420.6947515,77,NORMAL
6490,1770751420.718338,64,NORMAL
6491,1770751420.7370138,79,NORMAL
6492,1770751420.755046,85,NORMAL
6493,1770751420.7775228,70,NORMAL
6494,1770751420.8016226,84,NORMAL
6495,1770751420.8220894,67,NORMAL
6496,1770751420.8475068,116,ALERT
6497,1770751420.8693724,120,ALERT
6498,1770751420.8978825,119,ALERT
6499,1770751420.9226012,116,ALERT
6500,1770751420.9403968,123,CRITICAL
6501,1770751420.9644346,120,ALERT
6502,1770751420.9858587,122,CRITICAL
6503,1770751421.0123003,120,ALERT
6504,1770751421.0356495,113,ALERT
6505,1770751421.0602772,130,CRITICAL
6506,1770751421.0835094,130,CRITICAL
6507,1770751421.108362,113,ALERT
6508,1770751421.1314793,113,ALERT
6509,1770751421.1538801,112,ALERT
6510,1770751421.17622,120,ALERT
6511,1770751421.2045548,115,ALERT
6512,1770751421.2261407,128,CRITICAL
6513,1770751421.2493336,118,ALERT
6514,1770751421.273089,114,ALERT
6515,1770751421.2986822,128,CRITICAL
6516,1770751421.3197005,111,ALERT
6517,1770751421.3450503,111,ALERT
6518,1770751421.3691123,115,ALERT
6519,1770751421.390293,128,CRITICAL
6520,1770751421.4073668,111,ALERT
6521,1770751421.4344597,110,ALERT
6522,1770751421.4562857,125,CRITICAL
6523,1770751421.4804766,121,CRITICAL
6524,1770751421.5051322,119,ALERT
6525,1770751421.5309746,121,CRITICAL
6526,1770751421.5549617,125,CRITICAL
6527,1770751421.5788763,120,ALERT
6528,1770751421.6038005,114,ALERT
6529,1770751421.630348,125,CRITICAL
6530,1770751421.655082,120,ALERT
6531,1770751421.6825204,113,ALERT
6532,1770751421.70904,122,CRITICAL
6533,1770751421.7323682,128,CRITICAL
6534,1770751421.754984,114,ALERT
6535,1770751421.7811897,130,CRITICAL
6536,1770751421.8053164,129,CRITICAL
6537,1770751421.8305619,122,CRITICAL
6538,1770751421.8534002,126,CRITICAL
6539,1770751421.8787858,112,ALERT
6540,1770751421.9035678,125,CRITICAL
6541,1770751421.9269757,117,ALERT
6542,1770751421.9531617,115,ALERT
6543,1770751421.979631,130,CRITICAL
6544,1770751422.003651,115,ALERT
6545,1770751422.0350218,129,CRITICAL
6546,1770751422.06043,118,ALERT
6547,1770751422.0860188,122,CRITICAL
6548,1770751422.1114962,129,CRITICAL
6549,1770751422.1366997,129,CRITICAL
6550,1770751422.1618176,120,ALERT
6551,1770751422.1885865,120,ALERT
6552,1770751422.2134042,126,CRITICAL
6553,1770751422.237791,124,CRITICAL
6554,1770751422.2607172,113,ALERT
6555,1770751422.2855372,127,CRITICAL
6556,1770751422.3050325,130,CRITICAL
6557,1770751422.3315709,128,CRITICAL
6558,1770751422.3553321,121,CRITICAL
6559,1770751422.3888152,117,ALERT
6560,1770751422.4272075,111,ALERT
6561,1770751422.4584873,124,CRITICAL
6562,1770751422.4832616,125,CRITICAL
6563,1770751422.5081892,112,ALERT
6564,1770751422.5387561,125,CRITICAL
6565,1770751422.5665357,130,CRITICAL
6566,1770751422.5894759,124,CRITICAL
6567,1770751422.6142159,116,ALERT
6568,1770751422.6423252,119,ALERT
6569,1770751422.668632,129,CRITICAL
6570,1770751422.6939478,113,ALERT
6571,1770751422.719205,122,CRITICAL
6572,1770751422.7447028,113,ALERT
6573,1770751422.7751594,114,ALERT
6574,1770751422.800386,130,CRITICAL
6575,1770751422.8259294,112,ALERT
6576,1770751422.8570411,119,ALERT
6577,1770751422.8762138,125,CRITICAL
6578,1770751422.9009833,113,ALERT
6579,1770751422.9273386,110,ALERT
6580,1770751422.9533718,121,CRITICAL
6581,1770751422.9811642,130,CRITICAL
6582,1770751423.0015552,116,ALERT
6583,1770751423.0223575,128,CRITICAL
6584,1770751423.0498548,128,CRITICAL
6585,1770751423.071718,111,ALERT
6586,1770751423.1001961,120,ALERT
6587,1770751423.1169508,121,CRITICAL
6588,1770751423.1359048,128,CRITICAL
6589,1770751423.1617482,111,ALERT
6590,1770751423.1871104,119,ALERT
6591,1770751423.2131863,120,ALERT
6592,1770751423.2385068,128,CRITICAL
6593,1770751423.263625,113,ALERT
6594,1770751423.2849827,118,ALERT
6595,1770751423.3096986,127,CRITICAL
6596,1770751423.332725,124,CRITICAL
6597,1770751423.3550792,130,CRITICAL
6598,1770751423.384014,115,ALERT
6599,1770751423.4128735,115,ALERT
6600,1770751423.4377692,112,ALERT
6601,1770751423.4637403,112,ALERT
6602,1770751423.4925265,125,CRITICAL
6603,1770751423.5158694,113,ALERT
6604,1770751423.5381448,115,ALERT
6605,1770751423.5633488,118,ALERT
6606,1770751423.588015,110,ALERT
6607,1770751423.6137624,114,ALERT
6608,1770751423.6446433,124,CRITICAL
6609,1770751423.67353,124,CRITICAL
6610,1770751423.6996462,110,ALERT
6611,1770751423.7203262,115,ALERT
6612,1770751423.7366292,120,ALERT
6613,1770751423.755687,113,ALERT
6614,1770751423.7716982,118,ALERT
6615,1770751423.7925282,113,ALERT
6616,1770751423.8221703,118,ALERT
6617,1770751423.8508644,111,ALERT
6618,1770751423.872443,114,ALERT
6619,1770751423.9002163,117,ALERT
6620,1770751423.9251208,120,ALERT
6621,1770751423.9554956,113,ALERT
6622,1770751423.9762158,130,CRITICAL
6623,1770751424.0026093,116,ALERT
6624,1770751424.0267844,112,ALERT
6625,1770751424.053216,121,CRITICAL
6626,1770751424.076174,112,ALERT
6627,1770751424.0950828,119,ALERT
6628,1770751424.1214254,116,ALERT
6629,1770751424.1472423,118,ALERT
6630,1770751424.1711488,110,ALERT
6631,1770751424.1958437,126,CRITICAL
6632,1770751424.2220466,120,ALERT
6633,1770751424.2464333,126,CRITICAL
6634,1770751424.2722504,114,ALERT
6635,1770751424.2965362,119,ALERT
6636,1770751424.3211865,111,ALERT
6637,1770751424.3522766,122,CRITICAL
6638,1770751424.3750224,129,CRITICAL
6639,1770751424.3976214,127,CRITICAL
6640,1770751424.4243002,127,CRITICAL
6641,1770751424.4507632,110,ALERT
6642,1770751424.4761927,110,ALERT
6643,1770751424.5002625,119,ALERT
6644,1770751424.5235245,113,ALERT
6645,1770751424.5466306,125,CRITICAL
6646,1770751424.5682642,129,CRITICAL
6647,1770751424.5960991,122,CRITICAL
6648,1770751424.6198983,121,CRITICAL
6649,1770751424.6450508,113,ALERT
6650,1770751424.6695232,116,ALERT
6651,1770751424.69482,125,CRITICAL
6652,1770751424.7200947,124,CRITICAL
6653,1770751424.7476175,122,CRITICAL
6654,1770751424.7704456,124,CRITICAL
6655,1770751424.7938228,122,CRITICAL
6656,1770751424.8186193,113,ALERT
6657,1770751424.847969,124,CRITICAL
6658,1770751424.876412,123,CRITICAL
6659,1770751424.9034576,117,ALERT
6660,1770751424.9277878,121,CRITICAL
6661,1770751424.955087,130,CRITICAL
6662,1770751424.9872906,123,CRITICAL
6663,1770751425.0122643,117,ALERT
6664,1770751425.0363336,116,ALERT
6665,1770751425.0676923,111,ALERT
6666,1770751425.0923724,119,ALERT
6667,1770751425.1160705,110,ALERT
6668,1770751425.1410906,128,CRITICAL
6669,1770751425.1673958,117,ALERT
6670,1770751425.194943,126,CRITICAL
6671,1770751425.2171302,112,ALERT
6672,1770751425.2402675,118,ALERT
6673,1770751425.2682965,120,ALERT
6674,1770751425.2943053,112,ALERT
6675,1770751425.316437,126,CRITICAL
6676,1770751425.3403394,110,ALERT
6677,1770751425.3693368,130,CRITICAL
6678,1770751425.395981,114,ALERT
6679,1770751425.41956,110,ALERT
6680,1770751425.4443529,118,ALERT
6681,1770751425.4662113,110,ALERT
6682,1770751425.4952533,128,CRITICAL
6683,1770751425.5203047,126,CRITICAL
6684,1770751425.5495665,113,ALERT
6685,1770751425.5754936,130,CRITICAL
6686,1770751425.6000957,113,ALERT
6687,1770751425.6295455,118,ALERT
6688,1770751425.6505315,117,ALERT
6689,1770751425.6734807,113,ALERT
6690,1770751425.6973755,112,ALERT
6691,1770751425.721989,117,ALERT
6692,1770751425.744248,124,CRITICAL
6693,1770751425.7682104,112,ALERT
6694,1770751425.7931159,123,CRITICAL
6695,1770751425.8162346,112,ALERT
6696,1770751425.8407905,119,ALERT
6697,1770751425.8619497,116,ALERT
6698,1770751425.8851192,71,NORMAL
6699,1770751425.9112427,65,NORMAL
6700,1770751425.9372628,61,NORMAL
6701,1770751425.9621375,78,NORMAL
6702,1770751425.986307,83,NORMAL
6703,1770751426.0100188,85,NORMAL
6704,1770751426.032312,62,NORMAL
6705,1770751426.0596619,70,NORMAL
6706,1770751426.0860162,89,NORMAL
6707,1770751426.1094198,83,NORMAL
6708,1770751426.1348395,88,NORMAL
6709,1770751426.1615143,73,NORMAL
6710,1770751426.186896,85,NORMAL
6711,1770751426.2134268,69,NORMAL
6712,1770751426.2397141,71,NORMAL
6713,1770751426.25637,118,ALERT
6714,1770751426.2789485,116,ALERT
6715,1770751426.3036385,115,ALERT
6716,1770751426.32789,123,CRITICAL
6717,1770751426.3527102,121,CRITICAL
6718,1770751426.3786416,114,ALERT
6719,1770751426.402918,121,CRITICAL
6720,1770751426.4259264,130,CRITICAL
6721,1770751426.4493024,130,CRITICAL
6722,1770751426.4732733,118,ALERT
6723,1770751426.498646,118,ALERT
6724,1770751426.5221994,113,ALERT
6725,1770751426.544835,128,CRITICAL
6726,1770751426.570832,110,ALERT
6727,1770751426.5940068,125,CRITICAL
6728,1770751426.6190588,122,CRITICAL
6729,1770751426.6442268,117,ALERT
6730,1770751426.6643238,118,ALERT
6731,1770751426.6948822,110,ALERT
6732,1770751426.7201421,125,CRITICAL
6733,1770751426.741963,112,ALERT
6734,1770751426.7609186,123,CRITICAL
6735,1770751426.7842293,113,ALERT
6736,1770751426.8129325,115,ALERT
6737,1770751426.8306336,111,ALERT
6738,1770751426.8523133,119,ALERT
6739,1770751426.876331,114,ALERT
6740,1770751426.89939,127,CRITICAL
6741,1770751426.9244592,117,ALERT
6742,1770751426.9540005,126,CRITICAL
6743,1770751426.9737875,122,CRITICAL
6744,1770751426.9993827,115,ALERT
6745,1770751427.0217137,129,CRITICAL
6746,1770751427.0465655,121,CRITICAL
6747,1770751427.0698977,111,ALERT
6748,1770751427.0909235,118,ALERT
6749,1770751427.116389,129,CRITICAL
6750,1770751427.1442833,129,CRITICAL
6751,1770751427.1756184,119,ALERT
6752,1770751427.207093,129,CRITICAL
6753,1770751427.2316275,128,CRITICAL
6754,1770751427.2524593,125,CRITICAL
6755,1770751427.2764995,127,CRITICAL
6756,1770751427.3015501,112,ALERT
6757,1770751427.3273888,113,ALERT
6758,1770751427.3546536,113,ALERT
6759,1770751427.3796308,129,CRITICAL
6760,1770751427.3977458,126,CRITICAL
6761,1770751427.4225438,125,CRITICAL
6762,1770751427.4528239,125,CRITICAL
6763,1770751427.4765332,113,ALERT
6764,1770751427.5016732,123,CRITICAL
6765,1770751427.5270805,121,CRITICAL
6766,1770751427.5527391,119,ALERT
6767,1770751427.5773637,129,CRITICAL
6768,1770751427.6057086,116,ALERT
6769,1770751427.6324713,122,CRITICAL
6770,1770751427.6587086,113,ALERT
6771,1770751427.6831124,129,CRITICAL
6772,1770751427.7112467,125,CRITICAL
6773,1770751427.7426097,116,ALERT
6774,1770751427.764403,112,ALERT
6775,1770751427.7891092,119,ALERT
6776,1770751427.8144403,130,CRITICAL
6777,1770751427.8385472,111,ALERT
6778,1770751427.863448,122,CRITICAL
6779,1770751427.8896143,122,CRITICAL
6780,1770751427.9162922,113,ALERT
6781,1770751427.9453957,124,CRITICAL
6782,1770751427.9688904,128,CRITICAL
6783,1770751427.9941983,117,ALERT
6784,1770751428.0193932,120,ALERT
6785,1770751428.0439444,122,CRITICAL
6786,1770751428.0694404,121,CRITICAL
6787,1770751428.0938344,122,CRITICAL
6788,1770751428.118408,115,ALERT
6789,1770751428.1421516,128,CRITICAL
6790,1770751428.164635,129,CRITICAL
6791,1770751428.191616,122,CRITICAL
6792,1770751428.2123704,119,ALERT
6793,1770751428.2354226,124,CRITICAL
6794,1770751428.2628808,117,ALERT
6795,1770751428.286048,110,ALERT
6796,1770751428.309553,130,CRITICAL
6797,1770751428.335159,121,CRITICAL
6798,1770751428.3574586,117,ALERT
6799,1770751428.3815887,120,ALERT
6800,1770751428.406395,118,ALERT
6801,1770751428.4363894,124,CRITICAL
6802,1770751428.4603333,124,CRITICAL
6803,1770751428.4803438,119,ALERT
6804,1770751428.5026536,128,CRITICAL
6805,1770751426.0513906,118,ALERT
6806,1770751426.0772803,121,CRITICAL
6807,1770751426.0977495,129,CRITICAL
6808,1770751426.117655,129,CRITICAL
6809,1770751426.1398585,110,ALERT
6810,1770751426.1662745,126,CRITICAL
6811,1770751426.1979415,123,CRITICAL
6812,1770751426.2224693,124,CRITICAL
6813,1770751426.2496705,113,ALERT
6814,1770751426.2790673,122,CRITICAL
6815,1770751426.2950065,120,ALERT
6816,1770751426.3114958,124,CRITICAL
6817,1770751426.3307395,130,CRITICAL
6818,1770751426.353355,126,CRITICAL
6819,1770751426.3813763,114,ALERT
6820,1770751426.409142,122,CRITICAL
6821,1770751426.436522,123,CRITICAL
6822,1770751426.4620285,124,CRITICAL
6823,1770751426.4890423,130,CRITICAL
6824,1770751426.51481,128,CRITICAL
6825,1770751426.5393753,116,ALERT
6826,1770751426.5668547,128,CRITICAL
6827,1770751426.5898957,130,CRITICAL
6828,1770751426.6125178,116,ALERT
6829,1770751426.6357346,118,ALERT
6830,1770751426.6658397,111,ALERT
6831,1770751426.689739,125,CRITICAL
6832,1770751426.7132616,114,ALERT
6833,1770751426.7411227,124,CRITICAL
6834,1770751426.7719033,114,ALERT
6835,1770751426.7998955,126,CRITICAL
6836,1770751426.8259993,112,ALERT
6837,1770751426.8522124,115,ALERT
6838,1770751426.8777654,111,ALERT
6839,1770751426.904408,121,CRITICAL
6840,1770751426.9293916,128,CRITICAL
6841,1770751426.9470806,117,ALERT
6842,1770751426.9713526,124,CRITICAL
6843,1770751426.9941976,119,ALERT
6844,1770751427.0188243,113,ALERT
6845,1770751427.0443091,123,CRITICAL
6846,1770751427.0646083,111,ALERT
6847,1770751427.091227,110,ALERT
6848,1770751427.1174765,129,CRITICAL
6849,1770751427.1446016,118,ALERT
6850,1770751427.1731412,116,ALERT
6851,1770751427.2010329,126,CRITICAL
6852,1770751427.2269478,123,CRITICAL
6853,1770751427.2549014,124,CRITICAL
6854,1770751427.2828078,123,CRITICAL
6855,1770751427.3065202,121,CRITICAL
6856,1770751427.3291397,112,ALERT
6857,1770751427.3517947,125,CRITICAL
6858,1770751427.3753293,110,ALERT
6859,1770751427.4010513,118,ALERT
6860,1770751427.4266667,111,ALERT
6861,1770751427.452715,110,ALERT
6862,1770751427.4846196,122,CRITICAL
6863,1770751427.5101345,114,ALERT
6864,1770751427.5344183,122,CRITICAL
6865,1770751427.557449,120,ALERT
6866,1770751427.58745,124,CRITICAL
6867,1770751427.610991,129,CRITICAL
6868,1770751427.642672,121,CRITICAL
6869,1770751427.6690166,114,ALERT
6870,1770751427.6943479,117,ALERT
6871,1770751427.7159724,116,ALERT
6872,1770751427.7431016,121,CRITICAL
6873,1770751427.7712204,110,ALERT
6874,1770751427.7911737,117,ALERT
6875,1770751427.8167179,126,CRITICAL
6876,1770751427.8433805,125,CRITICAL
6877,1770751427.869058,128,CRITICAL
6878,1770751427.8955812,125,CRITICAL
6879,1770751427.9191813,129,CRITICAL
6880,1770751427.9464347,111,ALERT
6881,1770751427.9681196,117,ALERT
6882,1770751427.9951067,119,ALERT
6883,1770751428.0187466,123,CRITICAL
6884,1770751428.0413144,115,ALERT
6885,1770751428.0629177,116,ALERT
6886,1770751428.0879414,116,ALERT
6887,1770751428.1112971,120,ALERT
6888,1770751428.136397,130,CRITICAL
6889,1770751428.1611066,112,ALERT
6890,1770751428.1843548,110,ALERT
6891,1770751428.2097895,114,ALERT
6892,1770751428.2327168,119,ALERT
6893,1770751428.2629998,113,ALERT
6894,1770751428.2881126,126,CRITICAL
6895,1770751428.3122337,130,CRITICAL
6896,1770751428.3437655,115,ALERT
6897,1770751428.3654716,119,ALERT
6898,1770751428.3898993,123,CRITICAL
6899,1770751428.4126544,128,CRITICAL
6900,1770751428.436048,114,ALERT
6901,1770751428.4609993,126,CRITICAL
6902,1770751428.4829063,113,ALERT
6903,1770751428.5097005,127,CRITICAL
6904,1770751428.5347273,117,ALERT
6905,1770751428.5589087,129,CRITICAL
6906,1770751428.581982,115,ALERT
6907,1770751428.6061118,129,CRITICAL
6908,1770751428.6287107,115,ALERT
6909,1770751428.652425,122,CRITICAL
6910,1770751428.683222,129,CRITICAL
6911,1770751428.7063053,116,ALERT
6912,1770751428.728825,118,ALERT
6913,1770751428.7504766,114,ALERT
6914,1770751428.775121,125,CRITICAL
6915,1770751428.798067,130,CRITICAL
6916,1770751428.8230617,123,CRITICAL
6917,1770751428.8467376,118,ALERT
6918,1770751428.8761892,113,ALERT
6919,1770751428.9018922,124,CRITICAL
6920,1770751428.9231193,127,CRITICAL
6921,1770751428.945114,126,CRITICAL
6922,1770751428.970715,124,CRITICAL
6923,1770751429.0010564,120,ALERT
6924,1770751429.0234845,120,ALERT
6925,1770751429.049376,128,CRITICAL
6926,1770751429.0734591,118,ALERT
6927,1770751429.0980384,117,ALERT
6928,1770751429.1234138,125,CRITICAL
6929,1770751429.1483643,123,CRITICAL
6930,1770751429.1724987,124,CRITICAL
6931,1770751429.197473,115,ALERT
6932,1770751429.221816,127,CRITICAL
6933,1770751429.2465656,117,ALERT
6934,1770751429.2722251,120,ALERT
6935,1770751429.298677,116,ALERT
6936,1770751429.3219113,130,CRITICAL
6937,1770751429.347004,129,CRITICAL
6938,1770751429.3722434,117,ALERT
6939,1770751429.3978212,123,CRITICAL
6940,1770751429.4250362,110,ALERT
6941,1770751429.4457989,111,ALERT
6942,1770751429.4695659,115,ALERT
6943,1770751429.4922862,130,CRITICAL
6944,1770751429.5171223,124,CRITICAL
6945,1770751429.5354261,114,ALERT
6946,1770751429.5617602,122,CRITICAL
6947,1770751429.5850263,125,CRITICAL
6948,1770751429.6086524,115,ALERT
6949,1770751429.6336784,123,CRITICAL
6950,1770751429.6644452,124,CRITICAL
6951,1770751429.693531,116,ALERT
6952,1770751429.7201462,121,CRITICAL
6953,1770751429.7387323,120,ALERT
6954,1770751429.7636714,113,ALERT
6955,1770751429.781033,124,CRITICAL
6956,1770751429.8011055,117,ALERT
6957,1770751429.826859,121,CRITICAL
6958,1770751429.8526263,130,CRITICAL
6959,1770751429.8767278,125,CRITICAL
6960,1770751429.9011774,118,ALERT
6961,1770751429.9274802,120,ALERT
6962,1770751429.9531782,129,CRITICAL
6963,1770751429.9809556,112,ALERT
6964,1770751430.0036268,125,CRITICAL
6965,1770751430.0244505,115,ALERT
6966,1770751430.0513492,117,ALERT
6967,1770751430.0800626,119,ALERT
6968,1770751430.111324,118,ALERT
6969,1770751430.136302,114,ALERT
6970,1770751430.1575248,125,CRITICAL
6971,1770751430.1861434,128,CRITICAL
6972,1770751430.208221,122,CRITICAL
6973,1770751430.22961,129,CRITICAL
6974,1770751430.2558217,126,CRITICAL
6975,1770751430.2801924,126,CRITICAL
6976,1770751430.3048828,118,ALERT
6977,1770751430.3250365,125,CRITICAL
6978,1770751430.3486602,126,CRITICAL
6979,1770751430.3757136,121,CRITICAL
6980,1770751430.4015574,125,CRITICAL
6981,1770751430.424448,127,CRITICAL
6982,1770751430.4481843,121,CRITICAL
6983,1770751430.4716132,115,ALERT
6984,1770751430.4965076,119,ALERT
6985,1770751430.5212638,128,CRITICAL
6986,1770751430.5450196,110,ALERT
6987,1770751430.565057,111,ALERT
6988,1770751430.5959404,118,ALERT
6989,1770751430.6225185,122,CRITICAL
6990,1770751430.6449451,128,CRITICAL
6991,1770751430.666909,127,CRITICAL
6992,1770751430.6887548,121,CRITICAL
6993,1770751430.7131135,121,CRITICAL
6994,1770751430.7311075,112,ALERT
6995,1770751430.7513282,129,CRITICAL
6996,1770751430.773607,118,ALERT
6997,1770751430.8015642,113,ALERT
6998,1770751430.826887,117,ALERT
6999,1770751430.8484435,112,ALERT
7000,1770751430.8724828,129,CRITICAL
7001,1770751430.9005182,119,ALERT
7002,1770751430.9254274,125,CRITICAL
7003,1770751430.9489255,123,CRITICAL
7004,1770751430.9743109,119,ALERT
7005,1770751430.9984934,115,ALERT
7006,1770751431.0232894,129,CRITICAL
7007,1770751431.0503418,113,ALERT
7008,1770751431.0749314,114,ALERT
7009,1770751431.0998392,115,ALERT
7010,1770751431.1256711,112,ALERT
7011,1770751431.156736,118,ALERT
7012,1770751431.1807065,115,ALERT
7013,1770751431.2084095,124,CRITICAL
7014,1770751431.2295542,123,CRITICAL
7015,1770751431.2534127,114,ALERT
7016,1770751431.275147,121,CRITICAL
7017,1770751431.2991107,78,NORMAL
7018,1770751431.3194764,86,NORMAL
7019,1770751431.3448346,74,NORMAL
7020,1770751431.3654382,67,NORMAL
7021,1770751431.3873196,61,NORMAL
7022,1770751431.4121478,72,NORMAL
7023,1770751431.4342391,60,NORMAL
7024,1770751431.4544494,75,NORMAL
7025,1770751431.47818,77,NORMAL
7026,1770751431.5000021,90,NORMAL
7027,1770751431.5243897,76,NORMAL
7028,1770751431.5502813,76,NORMAL
7029,1770751431.5738065,84,NORMAL
7030,1770751431.5970006,79,NORMAL
7031,1770751431.6270864,70,NORMAL
7032,1770751431.653397,77,NORMAL
7033,1770751431.6785228,67,NORMAL
7034,1770751431.70395,64,NORMAL
7035,1770751431.7311418,88,NORMAL
7036,1770751431.7524562,64,NORMAL
7037,1770751431.7756765,70,NORMAL
7038,1770751431.7993965,67,NORMAL
7039,1770751431.8246746,87,NORMAL
7040,1770751431.8509476,77,NORMAL
7041,1770751431.8752067,60,NORMAL
7042,1770751431.8991635,66,NORMAL
7043,1770751431.9255633,87,NORMAL
7044,1770751431.9483862,66,NORMAL
7045,1770751431.9727046,87,NORMAL
7046,1770751431.999123,67,NORMAL
7047,1770751432.0255885,66,NORMAL
7048,1770751432.0482955,126,CRITICAL
7049,1770751432.0725496,115,ALERT
7050,1770751432.096701,123,CRITICAL
7051,1770751432.1211245,124,CRITICAL
7052,1770751432.1438134,125,CRITICAL
7053,1770751432.1700592,121,CRITICAL
7054,1770751432.1963108,118,ALERT
7055,1770751432.224061,130,CRITICAL
7056,1770751432.25045,121,CRITICAL
7057,1770751432.2717056,121,CRITICAL
7058,1770751432.2944233,130,CRITICAL
7059,1770751432.317,112,ALERT
7060,1770751432.340141,113,ALERT
7061,1770751432.37131,118,ALERT
7062,1770751432.3962774,114,ALERT
7063,1770751432.4217257,129,CRITICAL
7064,1770751432.444716,126,CRITICAL
7065,1770751432.4704957,124,CRITICAL
7066,1770751432.4940524,110,ALERT
7067,1770751432.5154412,118,ALERT
7068,1770751432.540159,127,CRITICAL
7069,1770751432.5659397,121,CRITICAL
7070,1770751432.5918396,129,CRITICAL
7071,1770751432.6173134,127,CRITICAL
7072,1770751432.6413727,124,CRITICAL
7073,1770751432.663989,126,CRITICAL
7074,1770751432.6845884,122,CRITICAL
7075,1770751432.7087488,128,CRITICAL
7076,1770751432.7339885,122,CRITICAL
7077,1770751432.7594786,128,CRITICAL
7078,1770751432.7844174,117,ALERT
7079,1770751432.8099513,111,ALERT
7080,1770751432.8351116,125,CRITICAL
7081,1770751432.859641,128,CRITICAL
7082,1770751432.885461,122,CRITICAL
7083,1770751432.9099295,114,ALERT
7084,1770751432.93347,122,CRITICAL
7085,1770751432.954824,122,CRITICAL
7086,1770751432.9785695,126,CRITICAL
7087,1770751433.0031235,119,ALERT
7088,1770751433.0240617,129,CRITICAL
7089,1770751433.0529459,119,ALERT
7090,1770751433.0770197,113,ALERT
7091,1770751433.1070647,118,ALERT
7092,1770751433.129269,124,CRITICAL
7093,1770751433.150075,119,ALERT
7094,1770751433.1706212,125,CRITICAL
7095,1770751433.1920383,121,CRITICAL
7096,1770751433.2187347,127,CRITICAL
7097,1770751433.2428236,119,ALERT
7098,1770751433.2672868,122,CRITICAL
7099,1770751433.2897315,118,ALERT
7100,1770751433.3145502,114,ALERT
7101,1770751433.3400116,122,CRITICAL
7102,1770751433.3713725,122,CRITICAL
7103,1770751433.3949234,124,CRITICAL
7104,1770751433.4190629,113,ALERT
7105,1770751433.4483852,127,CRITICAL
7106,1770751433.4746742,129,CRITICAL
7107,1770751433.4995797,116,ALERT
7108,1770751433.5260563,127,CRITICAL
7109,1770751433.5509977,123,CRITICAL
7110,1770751433.5711355,129,CRITICAL
7111,1770751433.5901647,122,CRITICAL
7112,1770751433.6133752,119,ALERT
7113,1770751433.6404376,121,CRITICAL
7114,1770751433.6700213,127,CRITICAL
7115,1770751433.694271,111,ALERT
7116,1770751433.7164357,118,ALERT
7117,1770751433.74284,121,CRITICAL
7118,1770751433.764211,122,CRITICAL
7119,1770751433.7894733,115,ALERT
7120,1770751433.8120353,124,CRITICAL
7121,1770751433.8388207,123,CRITICAL
7122,1770751433.8631313,122,CRITICAL
7123,1770751433.88851,127,CRITICAL
7124,1770751433.9151964,121,CRITICAL
7125,1770751433.9376414,126,CRITICAL
7126,1770751433.9595757,111,ALERT
7127,1770751433.9863524,126,CRITICAL
7128,1770751434.012634,111,ALERT
7129,1770751434.039071,114,ALERT
7130,1770751434.070344,114,ALERT
7131,1770751434.0947204,116,ALERT
7132,1770751434.1209576,130,CRITICAL
7133,1770751434.143724,123,CRITICAL
7134,1770751434.1656911,124,CRITICAL
7135,1770751434.187908,115,ALERT
7136,1770751434.2123725,123,CRITICAL
7137,1770751434.2441697,126,CRITICAL
7138,1770751434.2698789,117,ALERT
7139,1770751434.2937152,125,CRITICAL
7140,1770751434.3191266,121,CRITICAL
7141,1770751434.3431315,118,ALERT
7142,1770751434.3682907,122,CRITICAL
7143,1770751434.3922145,116,ALERT
7144,1770751434.416706,128,CRITICAL
7145,1770751434.437642,128,CRITICAL
7146,1770751434.4668753,114,ALERT
7147,1770751434.4934454,111,ALERT
7148,1770751434.516576,111,ALERT
7149,1770751434.545963,115,ALERT
7150,1770751434.565828,126,CRITICAL
7151,1770751434.5888078,114,ALERT
7152,1770751434.6152978,121,CRITICAL
7153,1770751434.6399348,115,ALERT
7154,1770751434.6658652,119,ALERT
7155,1770751434.6909575,130,CRITICAL
7156,1770751434.714647,117,ALERT
7157,1770751434.7395258,118,ALERT
7158,1770751434.7627463,116,ALERT
7159,1770751434.789065,115,ALERT
7160,1770751434.8163302,113,ALERT
7161,1770751434.839082,127,CRITICAL
7162,1770751434.8624437,126,CRITICAL
7163,1770751434.88567,126,CRITICAL
7164,1770751434.9072764,122,CRITICAL
7165,1770751434.9352155,129,CRITICAL
7166,1770751434.960845,116,ALERT
7167,1770751434.9850276,123,CRITICAL
7168,1770751435.0149126,113,ALERT
7169,1770751435.0418823,113,ALERT
7170,1770751435.0660145,118,ALERT
7171,1770751435.0933492,118,ALERT
7172,1770751435.1218064,112,ALERT
7173,1770751435.151174,121,CRITICAL
7174,1770751435.1737568,114,ALERT
7175,1770751435.2007158,125,CRITICAL
7176,1770751435.2256408,119,ALERT
7177,1770751435.2566595,121,CRITICAL
7178,1770751435.2865598,121,CRITICAL
7179,1770751435.3129714,115,ALERT
7180,1770751435.3348622,110,ALERT
7181,1770751435.358427,129,CRITICAL
7182,1770751435.3825603,113,ALERT
7183,1770751435.4105265,123,CRITICAL
7184,1770751435.4333835,127,CRITICAL
7185,1770751435.4579444,129,CRITICAL
7186,1770751435.4801364,113,ALERT
7187,1770751435.5028906,122,CRITICAL
7188,1770751435.5316594,117,ALERT
7189,1770751435.560011,122,CRITICAL
7190,1770751435.5847056,122,CRITICAL
7191,1770751435.6104853,126,CRITICAL
7192,1770751435.6391642,113,ALERT
7193,1770751435.6638374,119,ALERT
7194,1770751435.687273,114,ALERT
7195,1770751435.7160068,111,ALERT
7196,1770751435.7400146,125,CRITICAL
7197,1770751435.7643745,122,CRITICAL
7198,1770751435.7879317,115,ALERT
7199,1770751435.8147464,119,ALERT
7200,1770751435.8416643,127,CRITICAL
7201,1770751435.8656175,115,ALERT
7202,1770751435.8884475,121,CRITICAL
7203,1770751435.915161,121,CRITICAL
7204,1770751435.947039,121,CRITICAL
7205,1770751435.9712117,110,ALERT
7206,1770751435.9974597,113,ALERT
7207,1770751436.0261703,119,ALERT
7208,1770751436.052996,126,CRITICAL
7209,1770751436.081052,114,ALERT
7210,1770751436.1077433,112,ALERT
7211,1770751436.1294098,121,CRITICAL
7212,1770751436.154914,125,CRITICAL
7213,1770751436.1792605,118,ALERT
7214,1770751436.2066095,124,CRITICAL
7215,1770751436.2364368,118,ALERT
7216,1770751436.2620735,114,ALERT
7217,1770751436.2868624,110,ALERT
7218,1770751436.311035,128,CRITICAL
7219,1770751436.3360674,128,CRITICAL
7220,1770751436.3620312,118,ALERT
7221,1770751436.391476,127,CRITICAL
7222,1770751436.4164963,123,CRITICAL
7223,1770751436.4409044,119,ALERT
7224,1770751436.4657798,121,CRITICAL
7225,1770751436.4892025,111,ALERT
7226,1770751436.5195458,112,ALERT
7227,1770751436.5411992,122,CRITICAL
7228,1770751436.5648162,120,ALERT
7229,1770751436.5874636,115,ALERT
7230,1770751436.6157916,116,ALERT
7231,1770751436.6476882,129,CRITICAL
7232,1770751436.672286,117,ALERT
7233,1770751436.6973548,130,CRITICAL
7234,1770751436.723344,116,ALERT
7235,1770751436.7501633,117,ALERT
7236,1770751436.7738605,117,ALERT
7237,1770751436.8011353,115,ALERT
7238,1770751436.8305066,116,ALERT
7239,1770751436.8577433,129,CRITICAL
7240,1770751436.879289,129,CRITICAL
7241,1770751436.9031215,114,ALERT
7242,1770751436.9274814,125,CRITICAL
7243,1770751436.9513147,128,CRITICAL
7244,1770751436.9747438,118,ALERT
7245,1770751436.9991646,122,CRITICAL
7246,1770751437.0219772,111,ALERT
7247,1770751437.044447,114,ALERT
7248,1770751437.0674706,116,ALERT
7249,1770751437.0982518,83,NORMAL
7250,1770751437.1235228,63,NORMAL
7251,1770751437.1486228,117,ALERT
7252,1770751437.174976,124,CRITICAL
7253,1770751437.1911774,124,CRITICAL
7254,1770751437.2143042,112,ALERT
7255,1770751437.2379668,116,ALERT
7256,1770751437.2632067,123,CRITICAL
7257,1770751437.2880633,117,ALERT
7258,1770751437.314765,116,ALERT
7259,1770751437.3403244,113,ALERT
7260,1770751437.3667297,123,CRITICAL
7261,1770751437.3910065,129,CRITICAL
7262,1770751437.4153028,124,CRITICAL
7263,1770751437.44151,119,ALERT
7264,1770751437.4673314,115,ALERT
7265,1770751437.492766,110,ALERT
7266,1770751437.5109525,111,ALERT
7267,1770751437.533627,123,CRITICAL
7268,1770751437.5555491,119,ALERT
7269,1770751437.5810492,122,CRITICAL
7270,1770751437.6080346,111,ALERT
7271,1770751437.6390476,113,ALERT
7272,1770751437.6678727,124,CRITICAL
7273,1770751437.6936386,122,CRITICAL
7274,1770751437.7182431,114,ALERT
7275,1770751437.7476084,113,ALERT
7276,1770751437.7719746,126,CRITICAL
7277,1770751437.7982,119,ALERT
7278,1770751437.8252628,124,CRITICAL
7279,1770751437.857805,125,CRITICAL
7280,1770751437.881953,115,ALERT
7281,1770751437.9043803,125,CRITICAL
7282,1770751437.928176,120,ALERT
7283,1770751437.9550078,116,ALERT
7284,1770751437.9773042,117,ALERT
7285,1770751438.003459,129,CRITICAL
7286,1770751438.0300303,115,ALERT
7287,1770751438.0614512,121,CRITICAL
7288,1770751438.0832343,115,ALERT
7289,1770751438.1040008,111,ALERT
7290,1770751438.125513,113,ALERT
7291,1770751438.1477778,130,CRITICAL
7292,1770751438.1736581,123,CRITICAL
7293,1770751438.1989145,125,CRITICAL
7294,1770751438.223927,124,CRITICAL
7295,1770751438.2494247,124,CRITICAL
7296,1770751438.2741706,124,CRITICAL
7297,1770751438.2978456,124,CRITICAL
7298,1770751438.3224444,127,CRITICAL
7299,1770751438.3527732,110,ALERT
7300,1770751438.3761556,120,ALERT
7301,1770751438.4016178,113,ALERT
7302,1770751438.427531,124,CRITICAL
7303,1770751438.4542718,112,ALERT
7304,1770751438.47916,114,ALERT
7305,1770751438.5018084,125,CRITICAL
7306,1770751438.5269477,121,CRITICAL
7307,1770751438.5509582,129,CRITICAL
7308,1770751438.5708373,125,CRITICAL
7309,1770751438.5951836,120,ALERT
7310,1770751438.6191585,115,ALERT
7311,1770751438.6450286,122,CRITICAL
7312,1770751438.6719086,128,CRITICAL
7313,1770751438.6988342,111,ALERT
7314,1770751438.7295752,120,ALERT
7315,1770751438.756021,120,ALERT
7316,1770751438.7801044,122,CRITICAL
7317,1770751438.807807,110,ALERT
7318,1770751438.8345227,126,CRITICAL
7319,1770751438.8591447,129,CRITICAL
7320,1770751438.883285,127,CRITICAL
7321,1770751438.9073174,125,CRITICAL
7322,1770751438.9305325,123,CRITICAL
7323,1770751438.963279,113,ALERT
7324,1770751438.9883585,115,ALERT
7325,1770751439.0165255,112,ALERT
7326,1770751439.0438159,120,ALERT
7327,1770751439.06313,123,CRITICAL
7328,1770751439.0858922,130,CRITICAL
7329,1770751439.1106288,129,CRITICAL
7330,1770751439.1351047,115,ALERT
7331,1770751439.1585605,128,CRITICAL
7332,1770751439.185,112,ALERT
7333,1770751439.206495,123,CRITICAL
7334,1770751439.22797,129,CRITICAL
7335,1770751439.2531657,127,CRITICAL
7336,1770751439.2784815,110,ALERT
7337,1770751439.3028698,130,CRITICAL
7338,1770751439.327085,113,ALERT
7339,1770751439.35305,130,CRITICAL
7340,1770751439.3778145,128,CRITICAL
7341,1770751439.4038122,120,ALERT
7342,1770751439.4295068,122,CRITICAL
7343,1770751439.454724,117,ALERT
7344,1770751439.479176,123,CRITICAL
7345,1770751439.5049012,112,ALERT
7346,1770751439.5294056,124,CRITICAL
7347,1770751439.5528002,123,CRITICAL
7348,1770751439.5785742,121,CRITICAL
7349,1770751439.6058073,111,ALERT
7350,1770751439.6312518,114,ALERT
7351,1770751439.6609964,110,ALERT
7352,1770751439.6801841,114,ALERT
7353,1770751439.7032409,125,CRITICAL
7354,1770751439.7260156,110,ALERT
7355,1770751439.7509222,128,CRITICAL
7356,1770751439.773201,129,CRITICAL
7357,1770751439.8013532,118,ALERT
7358,1770751439.8275683,129,CRITICAL
7359,1770751439.8531764,125,CRITICAL
7360,1770751439.8752117,111,ALERT
7361,1770751439.8995173,115,ALERT
7362,1770751439.9240446,128,CRITICAL
7363,1770751439.9487724,117,ALERT
7364,1770751439.973975,120,ALERT
7365,1770751439.99898,117,ALERT
7366,1770751440.025293,115,ALERT
7367,1770751440.0548763,128,CRITICAL
7368,1770751440.0842278,124,CRITICAL
7369,1770751440.1054623,123,CRITICAL
7370,1770751440.1293125,111,ALERT
7371,1770751440.1490674,126,CRITICAL
7372,1770751440.1750333,124,CRITICAL
7373,1770751440.2019663,129,CRITICAL
7374,1770751440.2272863,119,ALERT
7375,1770751440.2545,117,ALERT
7376,1770751440.2776663,129,CRITICAL
7377,1770751440.3012762,120,ALERT
7378,1770751440.3248622,113,ALERT
7379,1770751440.3499093,124,CRITICAL
7380,1770751440.3726451,122,CRITICAL
7381,1770751440.3976088,124,CRITICAL
7382,1770751440.4232213,115,ALERT
7383,1770751440.449237,126,CRITICAL
7384,1770751440.4734063,111,ALERT
7385,1770751440.498397,119,ALERT
7386,1770751440.5239136,110,ALERT
7387,1770751440.5487177,120,ALERT
7388,1770751440.5743017,122,CRITICAL
7389,1770751440.5977783,121,CRITICAL
7390,1770751440.612662,129,CRITICAL
7391,1770751440.6317482,127,CRITICAL
7392,1770751440.657603,116,ALERT
7393,1770751440.6836104,114,ALERT
7394,1770751440.710197,118,ALERT
7395,1770751440.7373939,130,CRITICAL
7396,1770751440.760566,126,CRITICAL
7397,1770751440.783794,127,CRITICAL
7398,1770751440.810401,129,CRITICAL
7399,1770751440.832847,113,ALERT
7400,1770751440.8591986,113,ALERT
7401,1770751440.8855815,123,CRITICAL
7402,1770751440.9130309,111,ALERT
7403,1770751440.935322,129,CRITICAL
7404,1770751440.9641461,114,ALERT
7405,1770751440.9882321,128,CRITICAL
7406,1770751441.0116854,115,ALERT
7407,1770751441.0350523,110,ALERT
7408,1770751441.0582,114,ALERT
7409,1770751441.0827618,120,ALERT
7410,1770751441.108959,112,ALERT
7411,1770751441.1336405,120,ALERT
7412,1770751441.157204,128,CRITICAL
7413,1770751441.1783602,119,ALERT
7414,1770751441.2020721,128,CRITICAL
7415,1770751441.2258697,127,CRITICAL
7416,1770751441.2551134,120,ALERT
7417,1770751441.2825694,117,ALERT
7418,1770751441.3102899,114,ALERT
7419,1770751441.3356867,125,CRITICAL
7420,1770751441.3643339,117,ALERT
7421,1770751441.3886123,121,CRITICAL
7422,1770751441.417747,122,CRITICAL
7423,1770751441.4406908,111,ALERT
7424,1770751441.4663365,113,ALERT
7425,1770751441.4966528,126,CRITICAL
7426,1770751441.5181317,120,ALERT
7427,1770751441.541542,117,ALERT
7428,1770751441.5660057,126,CRITICAL
7429,1770751441.5923822,122,CRITICAL
7430,1770751441.613888,126,CRITICAL
7431,1770751441.6423333,121,CRITICAL
7432,1770751441.6631675,118,ALERT
7433,1770751441.6906385,118,ALERT
7434,1770751441.7122645,121,CRITICAL
7435,1770751441.7334392,127,CRITICAL
7436,1770751441.7582545,112,ALERT
7437,1770751441.7834435,116,ALERT
7438,1770751441.8016794,124,CRITICAL
7439,1770751441.8231893,130,CRITICAL
7440,1770751441.8496344,113,ALERT
7441,1770751441.8736668,111,ALERT
7442,1770751441.8966768,124,CRITICAL
7443,1770751441.9250333,117,ALERT
7444,1770751441.9488804,125,CRITICAL
7445,1770751441.9722733,113,ALERT
7446,1770751441.9939651,128,CRITICAL
7447,1770751442.020579,117,ALERT
7448,1770751442.0458448,122,CRITICAL
7449,1770751442.0711207,126,CRITICAL
7450,1770751442.1008391,113,ALERT
7451,1770751442.1226854,113,ALERT
7452,1770751442.14481,110,ALERT
7453,1770751442.1659274,111,ALERT
7454,1770751442.1853344,77,NORMAL
7455,1770751442.2099538,76,NORMAL
7456,1770751442.23465,89,NORMAL
7457,1770751442.2601955,86,NORMAL
7458,1770751442.2818525,88,NORMAL
7459,1770751442.304325,89,NORMAL
7460,1770751442.328294,62,NORMAL
7461,1770751442.3541737,89,NORMAL
7462,1770751442.3787234,65,NORMAL
7463,1770751442.4017951,81,NORMAL
7464,1770751442.4250624,88,NORMAL
7465,1770751442.4488347,79,NORMAL
7466,1770751442.4732938,90,NORMAL
7467,1770751442.4992049,63,NORMAL
7468,1770751442.5232055,62,NORMAL
7469,1770751442.549551,72,NORMAL
7470,1770751442.5750978,76,NORMAL
7471,1770751442.5991075,84,NORMAL
7472,1770751442.624301,63,NORMAL
7473,1770751442.6474595,76,NORMAL
7474,1770751442.6653538,84,NORMAL
7475,1770751442.681238,66,NORMAL
7476,1770751442.7027247,79,NORMAL
7477,1770751442.7285194,64,NORMAL
7478,1770751442.7535784,67,NORMAL
7479,1770751442.7726943,80,NORMAL
7480,1770751442.7977479,88,NORMAL
7481,1770751442.8303535,67,NORMAL
7482,1770751442.8543353,63,NORMAL
7483,1770751442.8765888,86,NORMAL
7484,1770751442.9037278,62,NORMAL
7485,1770751442.9281685,72,NORMAL
7486,1770751442.9529927,117,ALERT
7487,1770751442.978049,120,ALERT
7488,1770751442.9997003,123,CRITICAL
7489,1770751443.025564,116,ALERT
7490,1770751443.0518622,110,ALERT
7491,1770751443.0791063,121,CRITICAL
7492,1770751443.1061356,110,ALERT
7493,1770751443.133715,118,ALERT
7494,1770751443.155105,129,CRITICAL
7495,1770751443.1748478,113,ALERT
7496,1770751443.1954808,124,CRITICAL
7497,1770751443.2203772,119,ALERT
7498,1770751443.24619,117,ALERT
7499,1770751443.26559,111,ALERT
7500,1770751443.2880557,130,CRITICAL
7501,1770751443.311027,110,ALERT
7502,1770751443.340494,121,CRITICAL
7503,1770751443.3626363,118,ALERT
7504,1770751443.3835335,113,ALERT
7505,1770751443.4077818,120,ALERT
7506,1770751443.429308,117,ALERT
7507,1770751443.458414,121,CRITICAL
7508,1770751443.4794822,124,CRITICAL
7509,1770751443.500706,120,ALERT
7510,1770751443.5234091,120,ALERT
7511,1770751443.5432599,125,CRITICAL
7512,1770751443.567173,128,CRITICAL
7513,1770751443.5913613,110,ALERT
7514,1770751443.6190572,123,CRITICAL
7515,1770751443.6433356,120,ALERT
7516,1770751443.6677113,129,CRITICAL
7517,1770751443.6912572,126,CRITICAL
7518,1770751443.714284,122,CRITICAL
7519,1770751443.7383728,117,ALERT
7520,1770751443.7657769,126,CRITICAL
7521,1770751443.7896547,110,ALERT
7522,1770751443.8148384,113,ALERT
7523,1770751443.8407094,116,ALERT
7524,1770751443.8659441,121,CRITICAL
7525,1770751443.8911223,124,CRITICAL
7526,1770751443.9169962,111,ALERT
7527,1770751443.9385679,129,CRITICAL
7528,1770751443.9631746,129,CRITICAL
7529,1770751443.9872863,118,ALERT
7530,1770751444.0112004,119,ALERT
7531,1770751444.0349085,115,ALERT
7532,1770751444.0573092,116,ALERT
7533,1770751444.0818672,129,CRITICAL
7534,1770751444.1063106,114,ALERT
7535,1770751444.1339028,113,ALERT
7536,1770751444.159308,126,CRITICAL
7537,1770751444.1863506,123,CRITICAL
7538,1770751444.209093,130,CRITICAL
7539,1770751444.2318223,119,ALERT
7540,1770751444.2538347,124,CRITICAL
7541,1770751444.276625,126,CRITICAL
7542,1770751444.302404,128,CRITICAL
7543,1770751444.3273182,121,CRITICAL
7544,1770751444.354177,123,CRITICAL
7545,1770751444.3743937,118,ALERT
7546,1770751444.400139,116,ALERT
7547,1770751444.4224277,110,ALERT
7548,1770751444.4496858,125,CRITICAL
7549,1770751444.4735632,129,CRITICAL
7550,1770751444.5014718,121,CRITICAL
7551,1770751444.5238283,127,CRITICAL
7552,1770751444.5466218,118,ALERT
7553,1770751444.5703552,125,CRITICAL
7554,1770751444.594267,119,ALERT
7555,1770751444.619894,110,ALERT
7556,1770751444.646508,118,ALERT
7557,1770751444.6707978,129,CRITICAL
7558,1770751444.6956346,116,ALERT
7559,1770751444.7213323,126,CRITICAL
7560,1770751444.744692,125,CRITICAL
7561,1770751444.7704453,125,CRITICAL
7562,1770751444.7951827,118,ALERT
7563,1770751444.8255055,116,ALERT
7564,1770751444.8467183,127,CRITICAL
7565,1770751444.8694863,120,ALERT
7566,1770751444.895095,111,ALERT
7567,1770751444.917571,121,CRITICAL
7568,1770751444.9418726,127,CRITICAL
7569,1770751444.9665437,111,ALERT
7570,1770751444.9922066,122,CRITICAL
7571,1770751445.0152044,113,ALERT
7572,1770751445.0418773,122,CRITICAL
7573,1770751445.0698736,129,CRITICAL
7574,1770751445.093352,113,ALERT
7575,1770751445.1179566,130,CRITICAL
7576,1770751445.1470902,127,CRITICAL
7577,1770751445.1705563,122,CRITICAL
7578,1770751445.1960955,116,ALERT
7579,1770751445.2198427,119,ALERT
7580,1770751445.2481759,120,ALERT
7581,1770751445.2726567,115,ALERT
7582,1770751445.2950366,117,ALERT
7583,1770751445.3191843,123,CRITICAL
7584,1770751445.3440003,127,CRITICAL
7585,1770751445.3696187,122,CRITICAL
7586,1770751445.3945744,122,CRITICAL
7587,1770751445.4192412,127,CRITICAL
7588,1770751445.4436383,115,ALERT
7589,1770751445.4664166,111,ALERT
7590,1770751445.4954605,122,CRITICAL
7591,1770751445.519452,126,CRITICAL
7592,1770751445.537415,111,ALERT
7593,1770751445.5635917,115,ALERT
7594,1770751445.5843225,113,ALERT
7595,1770751445.616601,118,ALERT
7596,1770751445.6413474,129,CRITICAL
7597,1770751445.665789,127,CRITICAL
7598,1770751445.6907277,124,CRITICAL
7599,1770751445.7141101,119,ALERT
7600,1770751445.7390964,118,ALERT
7601,1770751445.7650485,123,CRITICAL
7602,1770751445.7910008,110,ALERT
7603,1770751445.8128507,119,ALERT
7604,1770751445.837859,117,ALERT
7605,1770751445.8631747,120,ALERT
7606,1770751445.8882906,125,CRITICAL
7607,1770751445.9124732,122,CRITICAL
7608,1770751445.9343777,114,ALERT
7609,1770751445.9602153,119,ALERT
7610,1770751445.9788063,119,ALERT
7611,1770751446.0004656,115,ALERT
7612,1770751446.0213394,122,CRITICAL
7613,1770751446.0374558,128,CRITICAL
7614,1770751446.0595686,122,CRITICAL
7615,1770751446.084021,128,CRITICAL
7616,1770751446.1099439,130,CRITICAL
7617,1770751446.1370175,122,CRITICAL
7618,1770751446.164322,111,ALERT
7619,1770751446.1909385,125,CRITICAL
7620,1770751446.2160325,130,CRITICAL
7621,1770751446.238204,116,ALERT
7622,1770751446.2658856,113,ALERT
7623,1770751446.2910707,115,ALERT
7624,1770751446.3127096,125,CRITICAL
7625,1770751446.3373384,126,CRITICAL
7626,1770751446.3642616,110,ALERT
7627,1770751446.388468,118,ALERT
7628,1770751446.4144084,114,ALERT
7629,1770751446.4365807,118,ALERT
7630,1770751446.4615233,121,CRITICAL
7631,1770751446.4853315,120,ALERT
7632,1770751446.5060546,113,ALERT
7633,1770751446.531371,113,ALERT
7634,1770751446.5570571,119,ALERT
7635,1770751446.580027,129,CRITICAL
7636,1770751446.6037621,112,ALERT
7637,1770751446.630371,118,ALERT
7638,1770751446.6543586,129,CRITICAL
7639,1770751446.6802373,111,ALERT
7640,1770751446.7047362,110,ALERT
7641,1770751446.7299216,122,CRITICAL
7642,1770751446.7549038,114,ALERT
7643,1770751446.7784035,110,ALERT
7644,1770751446.807727,114,ALERT
7645,1770751446.8337631,123,CRITICAL
7646,1770751446.8602238,123,CRITICAL
7647,1770751446.8835886,114,ALERT
7648,1770751446.9050672,113,ALERT
7649,1770751446.9340398,125,CRITICAL
7650,1770751446.959174,121,CRITICAL
7651,1770751446.987072,111,ALERT
7652,1770751447.014641,127,CRITICAL
7653,1770751447.0431886,112,ALERT
7654,1770751447.0712101,110,ALERT
7655,1770751447.094888,123,CRITICAL
7656,1770751447.1204734,124,CRITICAL
7657,1770751447.1473293,117,ALERT
7658,1770751447.1709776,112,ALERT
7659,1770751447.1950915,118,ALERT
7660,1770751447.219295,113,ALERT
7661,1770751447.2413793,120,ALERT
7662,1770751447.2727904,127,CRITICAL
7663,1770751447.2975023,127,CRITICAL
7664,1770751447.3202493,118,ALERT
7665,1770751447.3477306,111,ALERT
7666,1770751447.3758185,129,CRITICAL
7667,1770751447.40303,115,ALERT
7668,1770751447.4268382,127,CRITICAL
7669,1770751447.4585502,130,CRITICAL
7670,1770751447.4821203,130,CRITICAL
7671,1770751447.508042,118,ALERT
7672,1770751447.5328555,112,ALERT
7673,1770751447.560334,119,ALERT
7674,1770751447.5995653,125,CRITICAL
7675,1770751447.623954,119,ALERT
7676,1770751447.6489813,111,ALERT
7677,1770751447.6792142,128,CRITICAL
7678,1770751447.70469,116,ALERT
7679,1770751447.728162,122,CRITICAL
7680,1770751447.7523894,124,CRITICAL
7681,1770751447.7776287,121,CRITICAL
7682,1770751447.8029227,111,ALERT
7683,1770751447.8328886,129,CRITICAL
7684,1770751447.8581784,120,ALERT
7685,1770751447.8774238,116,ALERT
7686,1770751447.9036405,130,CRITICAL
7687,1770751447.9303405,112,ALERT
7688,1770751447.9519532,121,CRITICAL
7689,1770751447.9758754,130,CRITICAL
7690,1770751447.9978485,89,NORMAL
7691,1770751448.0191345,71,NORMAL
7692,1770751448.0426633,71,NORMAL
7693,1770751448.0679164,74,NORMAL
7694,1770751448.0926616,69,NORMAL
7695,1770751448.1160374,117,ALERT
7696,1770751448.133729,118,ALERT
7697,1770751448.1485415,116,ALERT
7698,1770751448.1749017,119,ALERT
7699,1770751448.1995108,126,CRITICAL
7700,1770751448.2244177,114,ALERT
7701,1770751448.2499838,124,CRITICAL
7702,1770751448.2739258,127,CRITICAL
7703,1770751448.299037,122,CRITICAL
7704,1770751448.3232088,126,CRITICAL
7705,1770751448.3493366,125,CRITICAL
7706,1770751448.3744426,119,ALERT
7707,1770751448.3974752,115,ALERT
7708,1770751448.4214106,115,ALERT
7709,1770751448.4456692,123,CRITICAL
7710,1770751448.4782193,128,CRITICAL
7711,1770751448.5028298,117,ALERT
7712,1770751448.5265505,123,CRITICAL
7713,1770751448.5521946,127,CRITICAL
7714,1770751448.5770962,114,ALERT
7715,1770751448.5999284,121,CRITICAL
7716,1770751448.6264238,110,ALERT
7717,1770751448.6510804,117,ALERT
7718,1770751448.6763103,121,CRITICAL
7719,1770751448.69864,113,ALERT
7720,1770751448.7251666,117,ALERT
7721,1770751448.750787,127,CRITICAL
7722,1770751448.77692,124,CRITICAL
7723,1770751448.7947488,129,CRITICAL
7724,1770751448.8230267,120,ALERT
7725,1770751448.8486543,116,ALERT
7726,1770751448.8787944,118,ALERT
7727,1770751448.9030404,113,ALERT
7728,1770751448.9284644,111,ALERT
7729,1770751448.951221,123,CRITICAL
7730,1770751448.971668,124,CRITICAL
7731,1770751448.9912324,123,CRITICAL
7732,1770751449.0133054,126,CRITICAL
7733,1770751449.0344274,119,ALERT
7734,1770751449.056553,129,CRITICAL
7735,1770751449.081082,128,CRITICAL
7736,1770751449.1031578,114,ALERT
7737,1770751449.1231542,126,CRITICAL
7738,1770751449.1472197,110,ALERT
7739,1770751449.168264,112,ALERT
7740,1770751449.1939006,122,CRITICAL
7741,1770751449.218981,119,ALERT
7742,1770751449.2416072,122,CRITICAL
7743,1770751449.2631385,119,ALERT
7744,1770751449.2938993,117,ALERT
7745,1770751449.32017,116,ALERT
7746,1770751449.344779,112,ALERT
7747,1770751449.3695467,110,ALERT
7748,1770751449.3941865,127,CRITICAL
7749,1770751449.419744,120,ALERT
7750,1770751449.4487147,122,CRITICAL
7751,1770751449.4718258,124,CRITICAL
7752,1770751449.4953349,123,CRITICAL
7753,1770751449.5222597,121,CRITICAL
7754,1770751449.5483913,117,ALERT
7755,1770751449.5745685,125,CRITICAL
7756,1770751449.5996015,110,ALERT
7757,1770751449.6260426,117,ALERT
7758,1770751449.656504,127,CRITICAL
7759,1770751449.6808062,110,ALERT
7760,1770751449.705396,119,ALERT
7761,1770751449.7317224,130,CRITICAL
7762,1770751449.7645605,114,ALERT
7763,1770751449.7867637,120,ALERT
7764,1770751449.8142962,113,ALERT
7765,1770751449.843146,113,ALERT
7766,1770751449.8709497,125,CRITICAL
7767,1770751449.8958423,121,CRITICAL
7768,1770751449.9198318,121,CRITICAL
7769,1770751449.9438293,117,ALERT
7770,1770751449.968229,110,ALERT
7771,1770751449.9936647,127,CRITICAL
7772,1770751450.0199327,123,CRITICAL
7773,1770751450.0439844,121,CRITICAL
7774,1770751450.0685987,126,CRITICAL
7775,1770751450.093304,129,CRITICAL
7776,1770751450.124192,112,ALERT
7777,1770751450.1492586,117,ALERT
7778,1770751450.1745694,120,ALERT
7779,1770751450.1984735,127,CRITICAL
7780,1770751450.2211816,112,ALERT
7781,1770751450.2447674,111,ALERT
7782,1770751450.264167,130,CRITICAL
7783,1770751450.2905812,129,CRITICAL
7784,1770751450.3146856,110,ALERT
7785,1770751450.3345575,111,ALERT
7786,1770751450.3590565,121,CRITICAL
7787,1770751450.3849854,119,ALERT
7788,1770751450.4095592,111,ALERT
7789,1770751450.4345913,130,CRITICAL
7790,1770751450.4598317,115,ALERT
7791,1770751450.48381,112,ALERT
7792,1770751450.5080407,121,CRITICAL
7793,1770751450.5328145,112,ALERT
7794,1770751450.5594683,112,ALERT
7795,1770751450.5837307,125,CRITICAL
7796,1770751450.6072814,115,ALERT
7797,1770751450.635207,116,ALERT
7798,1770751450.6596935,117,ALERT
7799,1770751450.685984,112,ALERT
7800,1770751450.7144077,123,CRITICAL
7801,1770751450.7446709,117,ALERT
7802,1770751450.7712,118,ALERT
7803,1770751450.7911608,129,CRITICAL
7804,1770751450.8135467,117,ALERT
7805,1770751450.8320546,116,ALERT
7806,1770751450.8572595,112,ALERT
7807,1770751450.8801444,112,ALERT
7808,1770751450.90698,119,ALERT
7809,1770751450.9334583,123,CRITICAL
7810,1770751450.9563632,115,ALERT
7811,1770751450.9809253,127,CRITICAL
7812,1770751451.0058608,125,CRITICAL
7813,1770751451.0298786,110,ALERT
7814,1770751451.0587413,128,CRITICAL
7815,1770751451.0857728,113,ALERT
7816,1770751451.1092775,119,ALERT
7817,1770751451.1298409,113,ALERT
7818,1770751451.1557698,119,ALERT
7819,1770751451.180484,110,ALERT
7820,1770751451.2047365,117,ALERT
7821,1770751451.22743,112,ALERT
7822,1770751451.2535603,113,ALERT
7823,1770751451.275491,128,CRITICAL
7824,1770751451.298618,116,ALERT
7825,1770751451.3216598,117,ALERT
7826,1770751451.3448682,125,CRITICAL
7827,1770751451.3696814,119,ALERT
7828,1770751451.399081,129,CRITICAL
7829,1770751451.4230886,126,CRITICAL
7830,1770751451.4382505,117,ALERT
7831,1770751451.4579408,125,CRITICAL
7832,1770751451.4784043,126,CRITICAL
7833,1770751451.5024617,113,ALERT
7834,1770751451.526082,114,ALERT
7835,1770751451.5528755,126,CRITICAL
7836,1770751451.57886,120,ALERT
7837,1770751451.6058378,119,ALERT
7838,1770751451.6366842,121,CRITICAL
7839,1770751451.6669033,112,ALERT
7840,1770751451.6863852,117,ALERT
7841,1770751451.7121964,111,ALERT
7842,1770751451.7380793,124,CRITICAL
7843,1770751451.761695,117,ALERT
7844,1770751451.786046,114,ALERT
7845,1770751451.8111224,116,ALERT
7846,1770751451.8348122,114,ALERT
7847,1770751451.8614578,115,ALERT
7848,1770751451.8828964,124,CRITICAL
7849,1770751451.9095078,126,CRITICAL
7850,1770751451.9364336,121,CRITICAL
7851,1770751451.9615407,122,CRITICAL
7852,1770751451.9884021,119,ALERT
7853,1770751452.0124972,110,ALERT
7854,1770751452.0317068,124,CRITICAL
7855,1770751452.057303,125,CRITICAL
7856,1770751452.0814006,127,CRITICAL
7857,1770751452.1060205,125,CRITICAL
7858,1770751452.1316342,128,CRITICAL
7859,1770751452.1575525,117,ALERT
7860,1770751452.1840167,129,CRITICAL
7861,1770751452.2106838,120,ALERT
7862,1770751452.233174,130,CRITICAL
7863,1770751452.2592013,110,ALERT
7864,1770751452.2831595,119,ALERT
7865,1770751452.3068528,121,CRITICAL
7866,1770751452.3289487,112,ALERT
7867,1770751452.349844,125,CRITICAL
7868,1770751452.3727355,117,ALERT
7869,1770751452.3961287,121,CRITICAL
7870,1770751452.4191566,115,ALERT
7871,1770751452.4436793,129,CRITICAL
7872,1770751452.467429,124,CRITICAL
7873,1770751452.492096,110,ALERT
7874,1770751452.516723,115,ALERT
7875,1770751452.5383599,126,CRITICAL
7876,1770751452.567129,126,CRITICAL
7877,1770751452.5923548,114,ALERT
7878,1770751452.617365,128,CRITICAL
7879,1770751452.6391802,128,CRITICAL
7880,1770751452.6661594,113,ALERT
7881,1770751452.6896298,128,CRITICAL
7882,1770751452.715853,123,CRITICAL
7883,1770751452.743143,124,CRITICAL
7884,1770751452.770229,124,CRITICAL
7885,1770751452.7943716,110,ALERT
7886,1770751452.8227317,130,CRITICAL
7887,1770751452.854149,124,CRITICAL
7888,1770751452.8750696,127,CRITICAL
7889,1770751452.9018435,130,CRITICAL
7890,1770751452.9247546,120,ALERT
7891,1770751452.9495869,120,ALERT
7892,1770751452.9710703,117,ALERT
7893,1770751452.9971478,130,CRITICAL
7894,1770751453.0270514,115,ALERT
7895,1770751453.0535061,112,ALERT
7896,1770751453.0739422,126,CRITICAL
7897,1770751453.097938,127,CRITICAL
7898,1770751453.1187904,123,CRITICAL
7899,1770751453.1417422,119,ALERT
7900,1770751453.1658406,119,ALERT
7901,1770751453.1891081,115,ALERT
7902,1770751453.2133205,128,CRITICAL
7903,1770751453.2381415,127,CRITICAL
7904,1770751453.2617955,115,ALERT
7905,1770751453.2868857,116,ALERT
7906,1770751453.3104563,129,CRITICAL
7907,1770751453.33638,126,CRITICAL
7908,1770751453.360559,122,CRITICAL
7909,1770751453.3831384,119,ALERT
7910,1770751453.4065087,122,CRITICAL
7911,1770751453.431198,117,ALERT
7912,1770751453.4547164,119,ALERT
7913,1770751453.484674,114,ALERT
7914,1770751453.5076869,120,ALERT
7915,1770751453.5304208,130,CRITICAL
7916,1770751453.55516,121,CRITICAL
7917,1770751453.5802786,123,CRITICAL
7918,1770751453.5994732,126,CRITICAL
7919,1770751453.616347,124,CRITICAL
7920,1770751453.6364973,127,CRITICAL
7921,1770751453.6580572,111,ALERT
7922,1770751453.681243,127,CRITICAL
7923,1770751453.7053154,113,ALERT
7924,1770751453.7294292,122,CRITICAL
7925,1770751453.7604685,113,ALERT
7926,1770751453.7845404,125,CRITICAL
7927,1770751453.81523,113,ALERT
7928,1770751453.8360798,116,ALERT
7929,1770751453.8603466,126,CRITICAL
7930,1770751453.8886878,117,ALERT
7931,1770751453.919757,123,CRITICAL
7932,1770751453.9471736,123,CRITICAL
7933,1770751453.9703984,124,CRITICAL
7934,1770751453.9960952,120,ALERT
7935,1770751454.0219655,126,CRITICAL
7936,1770751454.046824,112,ALERT
7937,1770751454.0708876,112,ALERT
7938,1770751454.0941396,128,CRITICAL
7939,1770751454.1204808,129,CRITICAL
7940,1770751454.1523917,110,ALERT
7941,1770751454.1804311,130,CRITICAL
7942,1770751454.2084846,125,CRITICAL
7943,1770751454.232451,113,ALERT
7944,1770751454.2596211,116,ALERT
7945,1770751454.291728,113,ALERT
7946,1770751454.3126667,114,ALERT
7947,1770751454.335256,111,ALERT
7948,1770751454.353767,117,ALERT
7949,1770751454.376869,119,ALERT
7950,1770751454.4002416,121,CRITICAL
7951,1770751454.4237697,119,ALERT
7952,1770751454.4525068,124,CRITICAL
7953,1770751454.4806583,130,CRITICAL
7954,1770751454.5013628,117,ALERT
7955,1770751454.5275233,117,ALERT
7956,1770751454.5534892,128,CRITICAL
7957,1770751454.583243,122,CRITICAL
7958,1770751454.6067789,127,CRITICAL
7959,1770751454.63059,116,ALERT
7960,1770751454.652356,130,CRITICAL
7961,1770751454.6779332,112,ALERT
7962,1770751454.6998847,119,ALERT
7963,1770751454.726447,116,ALERT
7964,1770751454.7551682,125,CRITICAL
7965,1770751454.7875795,116,ALERT
7966,1770751454.8128996,119,ALERT
7967,1770751454.836655,114,ALERT
7968,1770751454.8627486,116,ALERT
7969,1770751454.890912,111,ALERT
7970,1770751454.9186459,120,ALERT
7971,1770751454.945852,118,ALERT
7972,1770751454.9734213,119,ALERT
7973,1770751455.000606,123,CRITICAL
7974,1770751455.0236213,125,CRITICAL
7975,1770751455.0466256,125,CRITICAL
7976,1770751455.0732334,115,ALERT
7977,1770751455.096472,124,CRITICAL
7978,1770751455.119295,117,ALERT
7979,1770751455.14362,113,ALERT
7980,1770751455.1660676,111,ALERT
7981,1770751455.1906455,128,CRITICAL
7982,1770751455.2159698,117,ALERT
7983,1770751455.2418065,114,ALERT
7984,1770751455.265035,110,ALERT
7985,1770751455.2908194,115,ALERT
7986,1770751455.3076353,117,ALERT
7987,1770751455.3333592,130,CRITICAL
7988,1770751455.355647,116,ALERT
7989,1770751455.3855944,127,CRITICAL
7990,1770751455.411003,127,CRITICAL
7991,1770751455.4301949,126,CRITICAL
7992,1770751455.4552252,114,ALERT
7993,1770751455.4815414,126,CRITICAL
7994,1770751455.5022101,126,CRITICAL
7995,1770751455.5269606,129,CRITICAL
7996,1770751455.5521474,118,ALERT
7997,1770751455.5817425,126,CRITICAL
7998,1770751455.6069329,130,CRITICAL
7999,1770751455.633538,120,ALERT
8000,1770751455.659118,115,ALERT
8001,1770751455.6823373,123,CRITICAL
8002,1770751455.7033303,129,CRITICAL
8003,1770751455.7262745,115,ALERT
8004,1770751455.7477572,111,ALERT
8005,1770751455.7744956,120,ALERT
8006,1770751455.7996993,118,ALERT
8007,1770751455.826256,119,ALERT
8008,1770751455.8500445,129,CRITICAL
8009,1770751455.8739781,113,ALERT
8010,1770751455.8978863,126,CRITICAL
8011,1770751455.926708,112,ALERT
8012,1770751455.9567995,113,ALERT
8013,1770751455.9832184,128,CRITICAL
8014,1770751456.008308,120,ALERT
8015,1770751456.0350795,113,ALERT
8016,1770751456.0668592,114,ALERT
8017,1770751456.092178,120,ALERT
8018,1770751456.118839,111,ALERT
8019,1770751456.1448383,127,CRITICAL
8020,1770751456.167953,113,ALERT
8021,1770751456.1883025,122,CRITICAL
8022,1770751456.212415,128,CRITICAL
8023,1770751456.238954,128,CRITICAL
8024,1770751456.2629302,126,CRITICAL
8025,1770751456.2888367,129,CRITICAL
8026,1770751456.3134592,118,ALERT
8027,1770751456.3417048,126,CRITICAL
8028,1770751456.373045,124,CRITICAL
8029,1770751456.3961728,127,CRITICAL
8030,1770751456.416375,116,ALERT
8031,1770751456.4412518,124,CRITICAL
8032,1770751456.468228,122,CRITICAL
8033,1770751456.4954944,114,ALERT
8034,1770751456.5232215,128,CRITICAL
8035,1770751456.5488672,122,CRITICAL
8036,1770751456.5760934,128,CRITICAL
8037,1770751456.5987442,127,CRITICAL
8038,1770751456.6233244,128,CRITICAL
8039,1770751456.6458206,124,CRITICAL
8040,1770751456.6669896,127,CRITICAL
8041,1770751456.6933694,113,ALERT
8042,1770751456.716199,118,ALERT
8043,1770751456.7463806,111,ALERT
8044,1770751456.7759504,118,ALERT
8045,1770751456.8022642,113,ALERT
8046,1770751456.82941,122,CRITICAL
8047,1770751456.852196,116,ALERT
8048,1770751456.871116,121,CRITICAL
8049,1770751456.8966267,124,CRITICAL
8050,1770751456.9268265,113,ALERT
8051,1770751456.9473915,114,ALERT
8052,1770751456.9734645,124,CRITICAL
8053,1770751456.99919,111,ALERT
8054,1770751457.0309758,116,ALERT
8055,1770751457.0555289,114,ALERT
8056,1770751457.0792212,119,ALERT
8057,1770751457.106123,115,ALERT
8058,1770751457.1310906,121,CRITICAL
8059,1770751457.1563346,116,ALERT
8060,1770751457.180091,130,CRITICAL
8061,1770751457.2081723,113,ALERT
8062,1770751457.2324326,123,CRITICAL
8063,1770751457.2575626,116,ALERT
8064,1770751457.2792728,130,CRITICAL
8065,1770751457.30475,117,ALERT
8066,1770751457.3290024,111,ALERT
8067,1770751457.3552613,122,CRITICAL
8068,1770751457.3805487,117,ALERT
8069,1770751457.4043674,111,ALERT
8070,1770751457.4319224,123,CRITICAL
8071,1770751457.4608169,116,ALERT
8072,1770751457.4879596,111,ALERT
8073,1770751457.515172,128,CRITICAL
8074,1770751457.5448365,117,ALERT
8075,1770751457.566621,114,ALERT
8076,1770751457.5910912,118,ALERT
8077,1770751457.6136522,116,ALERT
8078,1770751457.6360366,122,CRITICAL
8079,1770751457.658248,116,ALERT
8080,1770751457.6834822,126,CRITICAL
8081,1770751457.7055166,113,ALERT
8082,1770751457.729992,110,ALERT
8083,1770751457.754421,129,CRITICAL
8084,1770751457.7779372,113,ALERT
8085,1770751457.8030825,119,ALERT
8086,1770751457.8315873,111,ALERT
8087,1770751457.8567429,121,CRITICAL
8088,1770751457.8829088,121,CRITICAL
8089,1770751457.9066179,128,CRITICAL
8090,1770751457.9330819,128,CRITICAL
8091,1770751457.9593723,124,CRITICAL
8092,1770751457.9824722,114,ALERT
8093,1770751458.0061212,112,ALERT
8094,1770751458.0347235,110,ALERT
8095,1770751458.064085,110,ALERT
8096,1770751458.089141,126,CRITICAL
8097,1770751458.1175394,125,CRITICAL
8098,1770751458.1430588,124,CRITICAL
8099,1770751458.1721728,90,NORMAL
8100,1770751458.2042902,66,NORMAL
8101,1770751458.23185,72,NORMAL
8102,1770751458.2592807,116,ALERT
8103,1770751455.8042533,123,CRITICAL
8104,1770751455.8255472,113,ALERT
8105,1770751455.8494296,118,ALERT
8106,1770751455.874811,120,ALERT
8107,1770751455.8975077,129,CRITICAL
8108,1770751455.9237063,127,CRITICAL
8109,1770751455.944698,114,ALERT
8110,1770751455.968619,116,ALERT
8111,1770751455.9927793,113,ALERT
8112,1770751456.0176733,116,ALERT
8113,1770751456.0445251,122,CRITICAL
8114,1770751456.0666971,123,CRITICAL
8115,1770751456.0914667,122,CRITICAL
8116,1770751456.1145103,110,ALERT
8117,1770751456.1361024,117,ALERT
8118,1770751456.1571221,117,ALERT
8119,1770751456.1775432,125,CRITICAL
8120,1770751456.201649,123,CRITICAL
8121,1770751456.2267075,124,CRITICAL
8122,1770751456.252714,127,CRITICAL
8123,1770751456.2732875,128,CRITICAL
8124,1770751456.2953613,115,ALERT
8125,1770751456.3173559,127,CRITICAL
8126,1770751456.337516,112,ALERT
8127,1770751456.3603175,121,CRITICAL
8128,1770751456.381541,117,ALERT
8129,1770751456.4037702,127,CRITICAL
8130,1770751456.43015,125,CRITICAL
8131,1770751456.456553,118,ALERT
8132,1770751456.4811778,113,ALERT
8133,1770751456.5117972,130,CRITICAL
8134,1770751456.5355973,128,CRITICAL
8135,1770751456.5569818,121,CRITICAL
8136,1770751456.5731258,125,CRITICAL
8137,1770751456.5939944,114,ALERT
8138,1770751456.6194627,118,ALERT
8139,1770751456.642338,111,ALERT
8140,1770751456.672723,128,CRITICAL
8141,1770751456.6994023,126,CRITICAL
8142,1770751456.7186022,122,CRITICAL
8143,1770751456.743288,111,ALERT
8144,1770751456.7691762,112,ALERT
8145,1770751456.79475,114,ALERT
8146,1770751456.820942,119,ALERT
8147,1770751456.8461194,120,ALERT
8148,1770751456.8718865,112,ALERT
8149,1770751456.8996751,122,CRITICAL
8150,1770751456.9248765,129,CRITICAL
8151,1770751456.9486823,125,CRITICAL
8152,1770751456.9694984,122,CRITICAL
8153,1770751456.9934328,125,CRITICAL
8154,1770751457.0183291,125,CRITICAL
8155,1770751457.0405018,113,ALERT
8156,1770751457.067939,111,ALERT
8157,1770751457.0924997,130,CRITICAL
8158,1770751457.1167846,112,ALERT
8159,1770751457.1424544,118,ALERT
8160,1770751457.164478,125,CRITICAL
8161,1770751457.1896396,116,ALERT
8162,1770751457.2160616,115,ALERT
8163,1770751457.2440312,127,CRITICAL
8164,1770751457.26537,117,ALERT
8165,1770751457.2895417,125,CRITICAL
8166,1770751457.3160923,126,CRITICAL
8167,1770751457.3460536,114,ALERT
8168,1770751457.3728292,128,CRITICAL
8169,1770751457.3970284,111,ALERT
8170,1770751457.4278944,124,CRITICAL
8171,1770751457.4514754,112,ALERT
8172,1770751457.4769993,130,CRITICAL
8173,1770751457.5004256,114,ALERT
8174,1770751457.522262,120,ALERT
8175,1770751457.5492284,123,CRITICAL
8176,1770751457.5683935,112,ALERT
8177,1770751457.5943253,110,ALERT
8178,1770751457.619879,128,CRITICAL
8179,1770751457.6429827,127,CRITICAL
8180,1770751457.664861,110,ALERT
8181,1770751457.6893935,123,CRITICAL
8182,1770751457.714417,128,CRITICAL
8183,1770751457.7396436,130,CRITICAL
8184,1770751457.7658067,117,ALERT
8185,1770751457.7895303,120,ALERT
8186,1770751457.8189864,130,CRITICAL
8187,1770751457.8495362,117,ALERT
8188,1770751457.8756812,113,ALERT
8189,1770751457.9022744,114,ALERT
8190,1770751457.9300146,120,ALERT
8191,1770751457.960177,127,CRITICAL
8192,1770751457.982317,111,ALERT
8193,1770751458.005906,123,CRITICAL
8194,1770751458.0284195,112,ALERT
8195,1770751458.0500615,110,ALERT
8196,1770751458.0731719,119,ALERT
8197,1770751458.0967965,127,CRITICAL
8198,1770751458.116844,110,ALERT
8199,1770751458.1412058,120,ALERT
8200,1770751458.1666758,127,CRITICAL
8201,1770751458.1899793,126,CRITICAL
8202,1770751458.2179577,120,ALERT
8203,1770751458.2465498,117,ALERT
8204,1770751458.26862,127,CRITICAL
8205,1770751458.2945933,118,ALERT
8206,1770751458.3184536,118,ALERT
8207,1770751458.3414376,126,CRITICAL
8208,1770751458.3668935,120,ALERT
8209,1770751458.3913553,121,CRITICAL
8210,1770751458.414334,117,ALERT
8211,1770751458.4354916,122,CRITICAL
8212,1770751458.4587102,118,ALERT
8213,1770751458.482383,118,ALERT
8214,1770751458.5060632,130,CRITICAL
8215,1770751458.5268078,116,ALERT
8216,1770751458.5495868,112,ALERT
8217,1770751458.5732307,111,ALERT
8218,1770751458.597502,122,CRITICAL
8219,1770751458.619291,113,ALERT
8220,1770751458.6430082,118,ALERT
8221,1770751458.6659205,121,CRITICAL
8222,1770751458.6903732,114,ALERT
8223,1770751458.7124362,122,CRITICAL
8224,1770751458.7369773,126,CRITICAL
8225,1770751458.761609,118,ALERT
8226,1770751458.7838798,125,CRITICAL
8227,1770751458.8080904,128,CRITICAL
8228,1770751458.8335013,119,ALERT
8229,1770751458.8575106,125,CRITICAL
8230,1770751458.8832953,129,CRITICAL
8231,1770751458.910196,110,ALERT
8232,1770751458.9363928,126,CRITICAL
8233,1770751458.9673362,121,CRITICAL
8234,1770751458.994162,128,CRITICAL
8235,1770751459.016958,130,CRITICAL
8236,1770751459.0415032,127,CRITICAL
8237,1770751459.0689113,114,ALERT
8238,1770751459.0953562,112,ALERT
8239,1770751459.1221793,110,ALERT
8240,1770751459.147395,118,ALERT
8241,1770751459.1739511,115,ALERT
8242,1770751459.1999245,121,CRITICAL
8243,1770751459.2237327,116,ALERT
8244,1770751459.2516515,115,ALERT
8245,1770751459.270917,111,ALERT
8246,1770751459.2968452,123,CRITICAL
8247,1770751459.3198106,115,ALERT
8248,1770751459.346085,121,CRITICAL
8249,1770751459.3724203,130,CRITICAL
8250,1770751459.3979225,119,ALERT
8251,1770751459.42166,115,ALERT
8252,1770751459.447874,112,ALERT
8253,1770751459.4725056,119,ALERT
8254,1770751459.4976816,110,ALERT
8255,1770751459.5232246,113,ALERT
8256,1770751459.547223,126,CRITICAL
8257,1770751459.5727265,116,ALERT
8258,1770751459.598126,119,ALERT
8259,1770751459.6264648,113,ALERT
8260,1770751459.6534097,110,ALERT
8261,1770751459.6783705,119,ALERT
8262,1770751459.7013712,113,ALERT
8263,1770751459.7268531,119,ALERT
8264,1770751459.7529705,122,CRITICAL
8265,1770751459.7779446,116,ALERT
8266,1770751459.7980177,130,CRITICAL
8267,1770751459.8214083,123,CRITICAL
8268,1770751459.84485,112,ALERT
8269,1770751459.869263,115,ALERT
8270,1770751459.89425,123,CRITICAL
8271,1770751459.9201665,122,CRITICAL
8272,1770751459.944779,130,CRITICAL
8273,1770751459.9647233,118,ALERT
8274,1770751459.992964,110,ALERT
8275,1770751460.0182304,120,ALERT
8276,1770751460.0498164,111,ALERT
8277,1770751460.0769749,110,ALERT
8278,1770751460.1055489,115,ALERT
8279,1770751460.12763,111,ALERT
8280,1770751460.1537797,128,CRITICAL
8281,1770751460.1799808,114,ALERT
8282,1770751460.2015066,119,ALERT
8283,1770751460.2255251,130,CRITICAL
8284,1770751460.2504816,127,CRITICAL
8285,1770751460.27551,129,CRITICAL
8286,1770751460.3003466,128,CRITICAL
8287,1770751460.3234687,127,CRITICAL
8288,1770751460.3537729,117,ALERT
8289,1770751460.3775296,115,ALERT
8290,1770751460.40379,110,ALERT
8291,1770751460.4296963,112,ALERT
8292,1770751460.448601,126,CRITICAL
8293,1770751460.4718518,114,ALERT
8294,1770751460.4959533,129,CRITICAL
8295,1770751460.525437,122,CRITICAL
8296,1770751460.5524333,116,ALERT
8297,1770751460.5760021,126,CRITICAL
8298,1770751460.6017933,114,ALERT
8299,1770751460.6271548,122,CRITICAL
8300,1770751460.6532977,121,CRITICAL
8301,1770751460.6790981,130,CRITICAL
8302,1770751460.7046292,117,ALERT
8303,1770751460.7375262,117,ALERT
8304,1770751460.7615757,111,ALERT
8305,1770751460.7893796,122,CRITICAL
8306,1770751460.8174875,124,CRITICAL
8307,1770751460.8427737,116,ALERT
8308,1770751460.8675113,114,ALERT
8309,1770751460.8900652,112,ALERT
8310,1770751460.914909,116,ALERT
8311,1770751460.9381032,130,CRITICAL
8312,1770751460.9645975,121,CRITICAL
8313,1770751460.989631,114,ALERT
8314,1770751461.0129685,114,ALERT
8315,1770751461.0379255,125,CRITICAL
8316,1770751461.0632837,127,CRITICAL
8317,1770751461.0905898,111,ALERT
8318,1770751461.1193144,119,ALERT
8319,1770751461.1500454,123,CRITICAL
8320,1770751461.1759572,114,ALERT
8321,1770751461.2084193,123,CRITICAL
8322,1770751461.2262547,128,CRITICAL
8323,1770751461.2495096,118,ALERT
8324,1770751461.27199,129,CRITICAL
8325,1770751461.297928,112,ALERT
8326,1770751461.3225467,119,ALERT
8327,1770751461.3476772,128,CRITICAL
8328,1770751461.373011,129,CRITICAL
8329,1770751461.3975022,126,CRITICAL
8330,1770751461.4223826,111,ALERT
8331,1770751461.444139,115,ALERT
8332,1770751461.4691646,123,CRITICAL
8333,1770751461.4933093,129,CRITICAL
8334,1770751461.5215807,126,CRITICAL
8335,1770751461.5451188,125,CRITICAL
8336,1770751461.566391,110,ALERT
8337,1770751461.5908625,125,CRITICAL
8338,1770751461.6157997,113,ALERT
8339,1770751461.639785,117,ALERT
8340,1770751461.6655438,116,ALERT
8341,1770751461.6904032,128,CRITICAL
8342,1770751461.7155669,125,CRITICAL
8343,1770751461.738452,118,ALERT
8344,1770751461.7595217,126,CRITICAL
8345,1770751461.7867224,121,CRITICAL
8346,1770751461.8071222,110,ALERT
8347,1770751461.8317175,129,CRITICAL
8348,1770751461.8575342,118,ALERT
8349,1770751461.8821084,123,CRITICAL
8350,1770751461.9052837,121,CRITICAL
8351,1770751461.9306145,124,CRITICAL
8352,1770751461.9535582,129,CRITICAL
8353,1770751461.979149,119,ALERT
8354,1770751462.0040991,124,CRITICAL
8355,1770751462.0287232,115,ALERT
8356,1770751462.0448077,128,CRITICAL
8357,1770751462.0621495,125,CRITICAL
8358,1770751462.0855293,117,ALERT
8359,1770751462.108456,130,CRITICAL
8360,1770751462.1325884,110,ALERT
8361,1770751462.163177,114,ALERT
8362,1770751462.186904,128,CRITICAL
8363,1770751462.2096782,125,CRITICAL
8364,1770751462.2338026,120,ALERT
8365,1770751462.257567,112,ALERT
8366,1770751462.2858863,129,CRITICAL
8367,1770751462.309928,117,ALERT
8368,1770751462.33785,122,CRITICAL
8369,1770751462.364393,122,CRITICAL
8370,1770751462.386976,112,ALERT
8371,1770751462.4066055,118,ALERT
8372,1770751462.4294379,114,ALERT
8373,1770751462.460418,113,ALERT
8374,1770751462.4862278,121,CRITICAL
8375,1770751462.5109284,113,ALERT
8376,1770751462.5359004,113,ALERT
8377,1770751462.5615125,111,ALERT
8378,1770751462.5857255,115,ALERT
8379,1770751462.6150825,112,ALERT
8380,1770751462.6409776,117,ALERT
8381,1770751462.6640759,116,ALERT
8382,1770751462.6881843,130,CRITICAL
8383,1770751462.7127662,117,ALERT
8384,1770751462.7374938,113,ALERT
8385,1770751462.7679727,113,ALERT
8386,1770751462.7948985,124,CRITICAL
8387,1770751462.8176146,124,CRITICAL
8388,1770751462.8429008,120,ALERT
8389,1770751462.8687322,127,CRITICAL
8390,1770751462.8959155,115,ALERT
8391,1770751462.9214196,115,ALERT
8392,1770751462.9507928,115,ALERT
8393,1770751462.9759383,110,ALERT
8394,1770751463.0028503,118,ALERT
8395,1770751463.0307088,112,ALERT
8396,1770751463.0595355,119,ALERT
8397,1770751463.0840917,125,CRITICAL
8398,1770751463.1079803,116,ALERT
8399,1770751463.1282125,128,CRITICAL
8400,1770751463.1529515,128,CRITICAL
8401,1770751463.177587,111,ALERT
8402,1770751463.2029486,118,ALERT
8403,1770751463.228185,113,ALERT
8404,1770751463.2564495,115,ALERT
8405,1770751463.2785392,127,CRITICAL
8406,1770751463.3023553,64,NORMAL
8407,1770751463.3255112,89,NORMAL
8408,1770751463.349125,66,NORMAL
8409,1770751463.3777688,86,NORMAL
8410,1770751463.3996494,78,NORMAL
8411,1770751463.4262464,78,NORMAL
8412,1770751463.4509532,83,NORMAL
8413,1770751463.4768705,84,NORMAL
8414,1770751463.5040977,79,NORMAL
8415,1770751463.5254364,89,NORMAL
8416,1770751463.5491748,86,NORMAL
8417,1770751463.572233,88,NORMAL
8418,1770751463.5955215,88,NORMAL
8419,1770751463.6206074,68,NORMAL
8420,1770751463.6446853,79,NORMAL
8421,1770751463.6672122,66,NORMAL
8422,1770751463.6935127,86,NORMAL
8423,1770751463.717685,66,NORMAL
8424,1770751463.741926,83,NORMAL
8425,1770751463.7642598,84,NORMAL
8426,1770751463.791011,68,NORMAL
8427,1770751463.8140182,71,NORMAL
8428,1770751463.8378756,66,NORMAL
8429,1770751463.861522,60,NORMAL
8430,1770751463.8841307,80,NORMAL
8431,1770751463.911397,66,NORMAL
8432,1770751463.9326146,89,NORMAL
8433,1770751463.9575257,90,NORMAL
8434,1770751463.9840322,61,NORMAL
8435,1770751464.0062795,63,NORMAL
8436,1770751464.0326574,78,NORMAL
8437,1770751464.0559485,87,NORMAL
8438,1770751464.0875065,69,NORMAL
8439,1770751464.110821,77,NORMAL
8440,1770751464.1298397,117,ALERT
8441,1770751464.1629882,123,CRITICAL
8442,1770751464.188636,122,CRITICAL
8443,1770751464.209984,121,CRITICAL
8444,1770751464.2363703,118,ALERT
8445,1770751464.2587352,110,ALERT
8446,1770751464.2828953,122,CRITICAL
8447,1770751464.305446,119,ALERT
8448,1770751464.3305156,130,CRITICAL
8449,1770751464.3543823,118,ALERT
8450,1770751464.38271,130,CRITICAL
8451,1770751464.41199,123,CRITICAL
8452,1770751464.4357555,114,ALERT
8453,1770751464.4592054,122,CRITICAL
8454,1770751464.4799426,115,ALERT
8455,1770751464.5049782,119,ALERT
8456,1770751464.5303593,125,CRITICAL
8457,1770751464.5534663,124,CRITICAL
8458,1770751464.5773664,124,CRITICAL
8459,1770751464.6024876,110,ALERT
8460,1770751464.6263008,119,ALERT
8461,1770751464.6487987,110,ALERT
8462,1770751464.6734812,123,CRITICAL
8463,1770751464.699186,127,CRITICAL
8464,1770751464.722329,121,CRITICAL
8465,1770751464.7522125,115,ALERT
8466,1770751464.7772655,110,ALERT
8467,1770751464.8051956,125,CRITICAL
8468,1770751464.8344352,111,ALERT
8469,1770751464.862785,123,CRITICAL
8470,1770751464.8824391,127,CRITICAL
8471,1770751464.9048948,114,ALERT
8472,1770751464.929388,123,CRITICAL
8473,1770751464.9535742,121,CRITICAL
8474,1770751464.9793582,123,CRITICAL
8475,1770751465.0027328,130,CRITICAL
8476,1770751465.027633,111,ALERT
8477,1770751465.0534215,116,ALERT
8478,1770751465.076746,119,ALERT
8479,1770751465.1011982,126,CRITICAL
8480,1770751465.1268344,111,ALERT
8481,1770751465.153311,112,ALERT
8482,1770751465.1842775,123,CRITICAL
8483,1770751465.204846,111,ALERT
8484,1770751465.220918,111,ALERT
8485,1770751465.2418156,126,CRITICAL
8486,1770751465.2653248,115,ALERT
8487,1770751465.2894535,129,CRITICAL
8488,1770751465.3144543,127,CRITICAL
8489,1770751465.3374262,118,ALERT
8490,1770751465.3634825,116,ALERT
8491,1770751465.3897073,122,CRITICAL
8492,1770751465.4228492,115,ALERT
8493,1770751465.4508986,119,ALERT
8494,1770751465.473396,113,ALERT
8495,1770751465.4982483,130,CRITICAL
8496,1770751465.5275707,119,ALERT
8497,1770751465.5533075,110,ALERT
8498,1770751465.5767424,126,CRITICAL
8499,1770751465.602364,119,ALERT
8500,1770751465.626281,128,CRITICAL
8501,1770751465.6545599,117,ALERT
8502,1770751465.6805322,122,CRITICAL
8503,1770751465.7073476,126,CRITICAL
8504,1770751465.731972,123,CRITICAL
8505,1770751465.7565553,111,ALERT
8506,1770751465.7815447,114,ALERT
8507,1770751465.807373,113,ALERT
8508,1770751465.832361,122,CRITICAL
8509,1770751465.8594668,119,ALERT
8510,1770751465.8883884,112,ALERT
8511,1770751465.91366,127,CRITICAL
8512,1770751465.9400291,130,CRITICAL
8513,1770751465.9629364,115,ALERT
8514,1770751465.9845674,118,ALERT
8515,1770751466.0134764,121,CRITICAL
8516,1770751466.0382092,115,ALERT
8517,1770751466.0600631,127,CRITICAL
8518,1770751466.0844054,111,ALERT
8519,1770751466.1108167,114,ALERT
8520,1770751466.1330843,124,CRITICAL
8521,1770751466.1562858,128,CRITICAL
8522,1770751466.180247,110,ALERT
8523,1770751466.2030962,126,CRITICAL
8524,1770751466.2311523,111,ALERT
8525,1770751466.257403,121,CRITICAL
8526,1770751466.2776148,112,ALERT
8527,1770751466.3035245,128,CRITICAL
8528,1770751466.3288336,128,CRITICAL
8529,1770751466.3540175,129,CRITICAL
8530,1770751466.3781319,116,ALERT
8531,1770751466.4046295,128,CRITICAL
8532,1770751466.4305096,122,CRITICAL
8533,1770751466.462194,127,CRITICAL
8534,1770751466.489315,113,ALERT
8535,1770751466.5156476,110,ALERT
8536,1770751466.539382,123,CRITICAL
8537,1770751466.5644634,110,ALERT
8538,1770751466.5900471,125,CRITICAL
8539,1770751466.6158164,124,CRITICAL
8540,1770751466.641787,129,CRITICAL
8541,1770751466.6726277,124,CRITICAL
8542,1770751466.6956453,122,CRITICAL
8543,1770751466.715175,125,CRITICAL
8544,1770751466.738855,112,ALERT
8545,1770751466.7627192,119,ALERT
8546,1770751466.787303,124,CRITICAL
8547,1770751466.8116565,112,ALERT
8548,1770751466.838627,124,CRITICAL
8549,1770751466.8626335,127,CRITICAL
8550,1770751466.885997,126,CRITICAL
8551,1770751466.9102252,119,ALERT
8552,1770751466.9319682,121,CRITICAL
8553,1770751466.9571211,112,ALERT
8554,1770751466.9868782,127,CRITICAL
8555,1770751467.0140738,121,CRITICAL
8556,1770751467.0394773,125,CRITICAL
8557,1770751467.0625813,111,ALERT
8558,1770751467.0866024,114,ALERT
8559,1770751467.1095414,111,ALERT
8560,1770751467.1341045,124,CRITICAL
8561,1770751467.1583762,125,CRITICAL
8562,1770751467.1894853,111,ALERT
8563,1770751467.2144485,113,ALERT
8564,1770751467.2401316,123,CRITICAL
8565,1770751467.2642524,128,CRITICAL
8566,1770751467.286794,121,CRITICAL
8567,1770751467.312633,124,CRITICAL
8568,1770751467.3371923,118,ALERT
8569,1770751467.360958,110,ALERT
8570,1770751467.3853455,117,ALERT
8571,1770751467.4094188,112,ALERT
8572,1770751467.4335175,117,ALERT
8573,1770751467.4597902,120,ALERT
8574,1770751467.4864464,126,CRITICAL
8575,1770751467.5083277,128,CRITICAL
8576,1770751467.5253813,119,ALERT
8577,1770751467.545598,130,CRITICAL
8578,1770751467.5700362,128,CRITICAL
8579,1770751467.5973563,114,ALERT
8580,1770751467.6239314,125,CRITICAL
8581,1770751467.65326,116,ALERT
8582,1770751467.6801505,121,CRITICAL
8583,1770751467.7085967,114,ALERT
8584,1770751467.7301872,110,ALERT
8585,1770751467.7556605,118,ALERT
8586,1770751467.781946,123,CRITICAL
8587,1770751467.808568,115,ALERT
8588,1770751467.8394363,111,ALERT
8589,1770751467.8681686,127,CRITICAL
8590,1770751467.8931422,115,ALERT
8591,1770751467.9245083,130,CRITICAL
8592,1770751467.9507244,110,ALERT
8593,1770751467.971937,127,CRITICAL
8594,1770751467.990985,121,CRITICAL
8595,1770751468.012464,118,ALERT
8596,1770751468.034369,120,ALERT
8597,1770751468.0582812,111,ALERT
8598,1770751468.0831325,117,ALERT
8599,1770751468.1053867,110,ALERT
8600,1770751468.1300025,111,ALERT
8601,1770751468.1535575,129,CRITICAL
8602,1770751468.1782863,115,ALERT
8603,1770751468.2022145,119,ALERT
8604,1770751468.2256663,128,CRITICAL
8605,1770751468.2501159,126,CRITICAL
8606,1770751468.2756658,122,CRITICAL
8607,1770751468.298448,116,ALERT
8608,1770751468.324805,114,ALERT
8609,1770751468.3534603,118,ALERT
8610,1770751468.3766866,125,CRITICAL
8611,1770751468.4020715,111,ALERT
8612,1770751468.4252567,118,ALERT
8613,1770751468.446327,114,ALERT
8614,1770751468.4715104,113,ALERT
8615,1770751468.499182,122,CRITICAL
8616,1770751468.5224705,111,ALERT
8617,1770751468.5466635,113,ALERT
8618,1770751468.5696278,112,ALERT
8619,1770751468.595663,123,CRITICAL
8620,1770751468.618914,116,ALERT
8621,1770751468.647051,123,CRITICAL
8622,1770751468.6775362,120,ALERT
8623,1770751468.7034388,113,ALERT
8624,1770751468.7288451,116,ALERT
8625,1770751468.7494764,116,ALERT
8626,1770751468.7710772,126,CRITICAL
8627,1770751468.8006697,128,CRITICAL
8628,1770751468.8209267,129,CRITICAL
8629,1770751468.8452935,127,CRITICAL
8630,1770751468.8695412,126,CRITICAL
8631,1770751468.8973246,117,ALERT
8632,1770751468.9251962,117,ALERT
8633,1770751468.9549625,110,ALERT
8634,1770751468.977701,128,CRITICAL
8635,1770751469.0052223,121,CRITICAL
8636,1770751469.030021,130,CRITICAL
8637,1770751469.050526,110,ALERT
8638,1770751469.0695045,113,ALERT
8639,1770751469.0912194,112,ALERT
8640,1770751469.114079,112,ALERT
8641,1770751469.13839,129,CRITICAL
8642,1770751469.1712599,65,NORMAL
8643,1770751469.198707,76,NORMAL
8644,1770751469.221711,86,NORMAL
8645,1770751469.2502978,74,NORMAL
8646,1770751469.271687,60,NORMAL
8647,1770751469.2957091,75,NORMAL
8648,1770751469.3241904,77,NORMAL
8649,1770751469.3531291,81,NORMAL
8650,1770751469.3761046,82,NORMAL
8651,1770751469.4024503,72,NORMAL
8652,1770751469.4289882,68,NORMAL
8653,1770751469.4554625,72,NORMAL
8654,1770751469.482134,89,NORMAL
8655,1770751469.5044582,75,NORMAL
8656,1770751469.525538,69,NORMAL
8657,1770751469.5507016,66,NORMAL
8658,1770751469.5761251,65,NORMAL
8659,1770751469.5966566,72,NORMAL
8660,1770751469.6205423,61,NORMAL
8661,1770751469.64555,89,NORMAL
8662,1770751469.6680217,83,NORMAL
8663,1770751469.6906445,81,NORMAL
8664,1770751469.7141902,90,NORMAL
8665,1770751469.73626,80,NORMAL
8666,1770751469.7588851,86,NORMAL
8667,1770751469.790913,69,NORMAL
8668,1770751469.8191147,78,NORMAL
8669,1770751469.8438318,76,NORMAL
8670,1770751469.8723466,84,NORMAL
8671,1770751469.8988252,83,NORMAL
8672,1770751469.9274333,74,NORMAL
8673,1770751469.9486172,81,NORMAL
8674,1770751469.9749985,89,NORMAL
8675,1770751469.998409,75,NORMAL
8676,1770751470.0197954,86,NORMAL
8677,1770751470.04453,89,NORMAL
8678,1770751470.0739896,80,NORMAL
8679,1770751470.1010306,73,NORMAL
8680,1770751470.1214497,110,ALERT
8681,1770751470.147931,129,CRITICAL
8682,1770751470.1701198,126,CRITICAL
8683,1770751470.1946683,121,CRITICAL
8684,1770751470.2200572,116,ALERT
8685,1770751470.2449796,121,CRITICAL
8686,1770751470.267834,116,ALERT
8687,1770751470.296506,130,CRITICAL
8688,1770751470.323494,130,CRITICAL
8689,1770751470.3488705,130,CRITICAL
8690,1770751470.3743856,130,CRITICAL
8691,1770751470.4014957,120,ALERT
8692,1770751470.4248724,126,CRITICAL
8693,1770751470.448649,116,ALERT
8694,1770751470.4728408,114,ALERT
8695,1770751470.498207,127,CRITICAL
8696,1770751470.5230358,123,CRITICAL
8697,1770751470.5487318,123,CRITICAL
8698,1770751470.5741222,120,ALERT
8699,1770751470.5992672,129,CRITICAL
8700,1770751470.621477,124,CRITICAL
8701,1770751470.6374445,125,CRITICAL
8702,1770751470.6624079,122,CRITICAL
8703,1770751470.6873386,110,ALERT
8704,1770751470.712792,117,ALERT
8705,1770751470.7414556,130,CRITICAL
8706,1770751470.7651405,125,CRITICAL
8707,1770751470.7893927,125,CRITICAL
8708,1770751470.814874,113,ALERT
8709,1770751470.841115,123,CRITICAL
8710,1770751470.8654914,126,CRITICAL
8711,1770751470.890723,125,CRITICAL
8712,1770751470.9176576,126,CRITICAL
8713,1770751470.9510944,110,ALERT
8714,1770751470.9758894,122,CRITICAL
8715,1770751471.001613,123,CRITICAL
8716,1770751471.0264454,126,CRITICAL
8717,1770751471.049516,123,CRITICAL
8718,1770751471.0746973,118,ALERT
8719,1770751471.0971909,117,ALERT
8720,1770751471.1206307,112,ALERT
8721,1770751471.1510036,127,CRITICAL
8722,1770751471.1766753,117,ALERT
8723,1770751471.1986322,130,CRITICAL
8724,1770751471.2242436,111,ALERT
8725,1770751471.2464497,111,ALERT
8726,1770751471.271881,111,ALERT
8727,1770751471.2963321,119,ALERT
8728,1770751471.3193746,127,CRITICAL
8729,1770751471.3456895,124,CRITICAL
8730,1770751471.36949,127,CRITICAL
8731,1770751471.3935418,130,CRITICAL
8732,1770751471.4178975,130,CRITICAL
8733,1770751471.441088,119,ALERT
8734,1770751471.4667287,121,CRITICAL
8735,1770751471.4913015,124,CRITICAL
8736,1770751471.51167,123,CRITICAL
8737,1770751471.543243,121,CRITICAL
8738,1770751471.5724075,111,ALERT
8739,1770751471.6006584,113,ALERT
8740,1770751471.632189,116,ALERT
8741,1770751471.6590772,113,ALERT
8742,1770751471.6815772,125,CRITICAL
8743,1770751471.705245,122,CRITICAL
8744,1770751471.7291594,117,ALERT
8745,1770751471.7539303,129,CRITICAL
8746,1770751471.7789865,128,CRITICAL
8747,1770751471.8021207,124,CRITICAL
8748,1770751471.82595,130,CRITICAL
8749,1770751471.8481882,124,CRITICAL
8750,1770751471.8718877,129,CRITICAL
8751,1770751471.8940237,130,CRITICAL
8752,1770751471.9170296,126,CRITICAL
8753,1770751471.9404242,123,CRITICAL
8754,1770751471.9658287,116,ALERT
8755,1770751471.9929664,128,CRITICAL
8756,1770751472.0173762,120,ALERT
8757,1770751472.0415058,116,ALERT
8758,1770751472.0646186,110,ALERT
8759,1770751472.0894165,127,CRITICAL
8760,1770751472.114329,122,CRITICAL
8761,1770751472.1413684,128,CRITICAL
8762,1770751472.168811,128,CRITICAL
8763,1770751472.1986458,122,CRITICAL
8764,1770751472.225116,124,CRITICAL
8765,1770751472.2527516,121,CRITICAL
8766,1770751472.2772021,115,ALERT
8767,1770751472.3016768,111,ALERT
8768,1770751472.3261821,110,ALERT
8769,1770751472.345079,118,ALERT
8770,1770751472.3725111,127,CRITICAL
8771,1770751472.3957462,111,ALERT
8772,1770751472.425516,124,CRITICAL
8773,1770751472.4527159,127,CRITICAL
8774,1770751472.4784117,125,CRITICAL
8775,1770751472.497593,113,ALERT
8776,1770751472.5209212,114,ALERT
8777,1770751472.542333,124,CRITICAL
8778,1770751472.564682,110,ALERT
8779,1770751472.5921156,117,ALERT
8780,1770751472.6181538,120,ALERT
8781,1770751472.6416345,120,ALERT
8782,1770751472.664609,116,ALERT
8783,1770751472.689617,129,CRITICAL
8784,1770751472.713504,129,CRITICAL
8785,1770751472.7384331,127,CRITICAL
8786,1770751472.7638526,121,CRITICAL
8787,1770751472.7923129,113,ALERT
8788,1770751472.8221424,123,CRITICAL
8789,1770751472.8437681,110,ALERT
8790,1770751472.8686392,117,ALERT
8791,1770751472.8932278,123,CRITICAL
8792,1770751472.9180849,122,CRITICAL
8793,1770751472.9436033,130,CRITICAL
8794,1770751472.9594138,120,ALERT
8795,1770751472.9780703,117,ALERT
8796,1770751472.9994795,112,ALERT
8797,1770751473.0291607,129,CRITICAL
8798,1770751473.0524046,110,ALERT
8799,1770751473.0731857,114,ALERT
8800,1770751473.095107,110,ALERT
8801,1770751473.1154919,124,CRITICAL
8802,1770751473.1375334,122,CRITICAL
8803,1770751473.1696434,125,CRITICAL
8804,1770751473.1887274,121,CRITICAL
8805,1770751473.2127874,128,CRITICAL
8806,1770751473.2370796,114,ALERT
8807,1770751473.2615817,115,ALERT
8808,1770751473.2855277,111,ALERT
8809,1770751473.310007,116,ALERT
8810,1770751473.3359754,118,ALERT
8811,1770751473.3602114,123,CRITICAL
8812,1770751473.3872633,110,ALERT
8813,1770751473.4115021,121,CRITICAL
8814,1770751473.43018,125,CRITICAL
8815,1770751473.4534938,116,ALERT
8816,1770751473.4792273,113,ALERT
8817,1770751473.512788,113,ALERT
8818,1770751473.5412207,128,CRITICAL
8819,1770751473.5695605,124,CRITICAL
8820,1770751473.5922916,110,ALERT
8821,1770751473.6175416,123,CRITICAL
8822,1770751473.640459,124,CRITICAL
8823,1770751473.6656475,117,ALERT
8824,1770751473.6962345,125,CRITICAL
8825,1770751473.7215214,122,CRITICAL
8826,1770751473.7471392,113,ALERT
8827,1770751473.77344,122,CRITICAL
8828,1770751473.8009157,119,ALERT
8829,1770751473.8254578,116,ALERT
8830,1770751473.8496466,116,ALERT
8831,1770751473.874715,114,ALERT
8832,1770751473.9000998,126,CRITICAL
8833,1770751473.931387,127,CRITICAL
8834,1770751473.957207,129,CRITICAL
8835,1770751473.9840913,129,CRITICAL
8836,1770751474.0075333,111,ALERT
8837,1770751474.0343983,129,CRITICAL
8838,1770751474.0630085,123,CRITICAL
8839,1770751474.0854435,130,CRITICAL
8840,1770751474.1135504,127,CRITICAL
8841,1770751474.1413414,113,ALERT
8842,1770751474.1656284,114,ALERT
8843,1770751474.1915705,130,CRITICAL
8844,1770751474.2145278,116,ALERT
8845,1770751474.2410586,111,ALERT
8846,1770751474.2703943,111,ALERT
8847,1770751474.295763,118,ALERT
8848,1770751474.3197272,121,CRITICAL
8849,1770751474.341242,124,CRITICAL
8850,1770751474.3704867,113,ALERT
8851,1770751474.3974009,129,CRITICAL
8852,1770751474.422029,118,ALERT
8853,1770751474.4471037,127,CRITICAL
8854,1770751474.468797,115,ALERT
8855,1770751474.4912243,117,ALERT
8856,1770751474.5176642,114,ALERT
8857,1770751474.5414963,111,ALERT
8858,1770751474.5682554,114,ALERT
8859,1770751474.5942473,125,CRITICAL
8860,1770751474.6198545,120,ALERT
8861,1770751474.6436405,124,CRITICAL
8862,1770751474.6679552,120,ALERT
8863,1770751474.693671,118,ALERT
8864,1770751474.717433,118,ALERT
8865,1770751474.7471924,111,ALERT
8866,1770751474.7705195,127,CRITICAL
8867,1770751474.7985525,118,ALERT
8868,1770751474.8284242,124,CRITICAL
8869,1770751474.854308,113,ALERT
8870,1770751474.8776224,118,ALERT
8871,1770751474.9038825,120,ALERT
8872,1770751474.926019,119,ALERT
8873,1770751474.9501414,127,CRITICAL
8874,1770751474.9735785,116,ALERT
8875,1770751474.9975953,125,CRITICAL
8876,1770751475.0241804,120,ALERT
8877,1770751475.05174,122,CRITICAL
8878,1770751475.0750518,124,CRITICAL
8879,1770751475.097568,130,CRITICAL
8880,1770751475.1214557,110,ALERT
8881,1770751475.1474001,74,NORMAL
8882,1770751475.1755424,67,NORMAL
8883,1770751475.2008557,82,NORMAL
8884,1770751475.223976,67,NORMAL
8885,1770751475.2498236,118,ALERT
8886,1770751475.2835894,119,ALERT
8887,1770751475.3095415,124,CRITICAL
8888,1770751475.3314047,129,CRITICAL
8889,1770751475.3548555,111,ALERT
8890,1770751475.3802168,121,CRITICAL
8891,1770751475.4046683,116,ALERT
8892,1770751475.4313443,111,ALERT
8893,1770751475.4583864,127,CRITICAL
8894,1770751475.482256,122,CRITICAL
8895,1770751475.5066836,112,ALERT
8896,1770751475.533712,117,ALERT
8897,1770751475.557255,112,ALERT
8898,1770751475.579926,118,ALERT
8899,1770751475.6049168,113,ALERT
8900,1770751475.6364946,130,CRITICAL
8901,1770751475.6637168,114,ALERT
8902,1770751475.6846802,117,ALERT
8903,1770751475.7095919,111,ALERT
8904,1770751475.7361681,110,ALERT
8905,1770751475.767803,117,ALERT
8906,1770751475.7936459,110,ALERT
8907,1770751475.8239605,116,ALERT
8908,1770751475.8495839,111,ALERT
8909,1770751475.8697922,117,ALERT
8910,1770751475.8898396,120,ALERT
8911,1770751475.9108324,114,ALERT
8912,1770751475.9362962,129,CRITICAL
8913,1770751475.9660366,122,CRITICAL
8914,1770751475.9886563,115,ALERT
8915,1770751476.012613,124,CRITICAL
8916,1770751476.0347123,122,CRITICAL
8917,1770751476.0494614,113,ALERT
8918,1770751476.069591,120,ALERT
8919,1770751476.0956943,121,CRITICAL
8920,1770751476.119394,116,ALERT
8921,1770751476.1448512,113,ALERT
8922,1770751476.1676939,124,CRITICAL
8923,1770751476.1916676,128,CRITICAL
8924,1770751476.2147696,122,CRITICAL
8925,1770751476.2396343,121,CRITICAL
8926,1770751476.2674782,113,ALERT
8927,1770751476.2970114,113,ALERT
8928,1770751476.3233452,128,CRITICAL
8929,1770751476.3538332,123,CRITICAL
8930,1770751476.3843331,125,CRITICAL
8931,1770751476.4092603,112,ALERT
8932,1770751476.4304268,124,CRITICAL
8933,1770751476.4561098,119,ALERT
8934,1770751476.4776525,118,ALERT
8935,1770751476.4988508,125,CRITICAL
8936,1770751476.519686,123,CRITICAL
8937,1770751476.5446935,130,CRITICAL
8938,1770751476.5698297,114,ALERT
8939,1770751476.5955153,125,CRITICAL
8940,1770751476.6206546,119,ALERT
8941,1770751476.645526,127,CRITICAL
8942,1770751476.6712527,126,CRITICAL
8943,1770751476.6911113,113,ALERT
8944,1770751476.7175038,121,CRITICAL
8945,1770751476.7428465,120,ALERT
8946,1770751476.768714,110,ALERT
8947,1770751476.7939126,112,ALERT
8948,1770751476.8196661,114,ALERT
8949,1770751476.8434892,122,CRITICAL
8950,1770751476.8695226,127,CRITICAL
8951,1770751476.8940716,110,ALERT
8952,1770751476.9190314,125,CRITICAL
8953,1770751476.943759,115,ALERT
8954,1770751476.9673803,114,ALERT
8955,1770751476.9950662,116,ALERT
8956,1770751477.0193748,117,ALERT
8957,1770751477.0450807,122,CRITICAL
8958,1770751477.0705771,110,ALERT
8959,1770751477.0950303,121,CRITICAL
8960,1770751477.120165,129,CRITICAL
8961,1770751477.1417093,121,CRITICAL
8962,1770751477.1661642,121,CRITICAL
8963,1770751477.1915376,117,ALERT
8964,1770751477.2096977,124,CRITICAL
8965,1770751477.22955,130,CRITICAL
8966,1770751477.2536662,116,ALERT
8967,1770751477.2770631,116,ALERT
8968,1770751477.301878,121,CRITICAL
8969,1770751477.3324168,127,CRITICAL
8970,1770751477.3581512,125,CRITICAL
8971,1770751477.3813982,121,CRITICAL
8972,1770751477.4056256,119,ALERT
8973,1770751477.432817,129,CRITICAL
8974,1770751477.4584813,112,ALERT
8975,1770751477.4784393,113,ALERT
8976,1770751477.5004008,115,ALERT
8977,1770751477.5257223,126,CRITICAL
8978,1770751477.550758,126,CRITICAL
8979,1770751477.5742862,111,ALERT
8980,1770751477.5972443,115,ALERT
8981,1770751477.620331,115,ALERT
8982,1770751477.6476173,127,CRITICAL
8983,1770751477.672694,119,ALERT
8984,1770751477.696143,113,ALERT
8985,1770751477.721489,121,CRITICAL
8986,1770751477.745566,112,ALERT
8987,1770751477.7745702,129,CRITICAL
8988,1770751477.7968545,111,ALERT
8989,1770751477.8248856,113,ALERT
8990,1770751477.846392,127,CRITICAL
8991,1770751477.8699212,119,ALERT
8992,1770751477.8950994,115,ALERT
8993,1770751477.9184918,129,CRITICAL
8994,1770751477.942308,111,ALERT
8995,1770751477.9645534,119,ALERT
8996,1770751477.9967525,119,ALERT
8997,1770751478.0194554,116,ALERT
8998,1770751478.0490015,128,CRITICAL
8999,1770751478.076025,112,ALERT
9000,1770751478.1033392,114,ALERT
9001,1770751478.1265664,122,CRITICAL
9002,1770751478.1511292,123,CRITICAL
9003,1770751478.178768,123,CRITICAL
9004,1770751478.2017388,127,CRITICAL
9005,1770751478.2218258,111,ALERT
9006,1770751478.250094,127,CRITICAL
9007,1770751478.2750337,121,CRITICAL
9008,1770751478.2975898,110,ALERT
9009,1770751478.3190825,117,ALERT
9010,1770751478.3442688,122,CRITICAL
9011,1770751478.374583,123,CRITICAL
9012,1770751478.397391,114,ALERT
9013,1770751478.4216676,126,CRITICAL
9014,1770751478.447143,124,CRITICAL
9015,1770751478.4752347,123,CRITICAL
9016,1770751478.5033581,123,CRITICAL
9017,1770751478.5282922,117,ALERT
9018,1770751478.5498338,126,CRITICAL
9019,1770751478.5741916,116,ALERT
9020,1770751478.5993252,117,ALERT
9021,1770751478.6233866,127,CRITICAL
9022,1770751478.648843,125,CRITICAL
9023,1770751478.675933,126,CRITICAL
9024,1770751478.7041125,115,ALERT
9025,1770751478.7310965,113,ALERT
9026,1770751478.7535887,115,ALERT
9027,1770751478.7778862,127,CRITICAL
9028,1770751478.8031487,125,CRITICAL
9029,1770751478.8292785,126,CRITICAL
9030,1770751478.8528564,114,ALERT
9031,1770751478.8709254,123,CRITICAL
9032,1770751478.893552,118,ALERT
9033,1770751478.9171636,114,ALERT
9034,1770751478.947006,114,ALERT
9035,1770751478.9722166,120,ALERT
9036,1770751478.9939768,124,CRITICAL
9037,1770751479.018542,111,ALERT
9038,1770751479.0432773,112,ALERT
9039,1770751479.0678492,119,ALERT
9040,1770751479.0927322,114,ALERT
9041,1770751479.1171165,125,CRITICAL
9042,1770751479.1407373,110,ALERT
9043,1770751479.165499,115,ALERT
9044,1770751479.195733,127,CRITICAL
9045,1770751479.223982,121,CRITICAL
9046,1770751479.249468,119,ALERT
9047,1770751479.274103,126,CRITICAL
9048,1770751479.3006575,128,CRITICAL
9049,1770751479.3261688,126,CRITICAL
9050,1770751479.3482769,121,CRITICAL
9051,1770751479.3727844,117,ALERT
9052,1770751479.3950822,124,CRITICAL
9053,1770751479.4174807,111,ALERT
9054,1770751479.4423575,126,CRITICAL
9055,1770751479.467017,113,ALERT
9056,1770751479.4906282,121,CRITICAL
9057,1770751479.5130985,111,ALERT
9058,1770751479.537505,122,CRITICAL
9059,1770751479.5600674,123,CRITICAL
9060,1770751479.5816615,127,CRITICAL
9061,1770751479.6067336,117,ALERT
9062,1770751479.6295438,125,CRITICAL
9063,1770751479.6519954,118,ALERT
9064,1770751479.676321,123,CRITICAL
9065,1770751479.701625,123,CRITICAL
9066,1770751479.7256348,115,ALERT
9067,1770751479.7540872,112,ALERT
9068,1770751479.779849,125,CRITICAL
9069,1770751479.8035994,122,CRITICAL
9070,1770751479.8293688,124,CRITICAL
9071,1770751479.853637,110,ALERT
9072,1770751479.8766687,123,CRITICAL
9073,1770751479.8996396,122,CRITICAL
9074,1770751479.9244213,120,ALERT
9075,1770751479.948859,125,CRITICAL
9076,1770751479.9722378,125,CRITICAL
9077,1770751479.996218,125,CRITICAL
9078,1770751480.0230758,130,CRITICAL
9079,1770751480.0492475,129,CRITICAL
9080,1770751480.074719,112,ALERT
9081,1770751480.103671,113,ALERT
9082,1770751480.1316588,122,CRITICAL
9083,1770751480.1653512,123,CRITICAL
9084,1770751480.1896076,119,ALERT
9085,1770751480.2148006,117,ALERT
9086,1770751480.2401836,120,ALERT
9087,1770751480.264501,118,ALERT
9088,1770751480.2889388,75,NORMAL
9089,1770751480.316264,74,NORMAL
9090,1770751480.3402202,66,NORMAL
9091,1770751480.3629217,71,NORMAL
9092,1770751480.3869607,75,NORMAL
9093,1770751480.4125915,62,NORMAL
9094,1770751480.4358304,83,NORMAL
9095,1770751480.4577754,65,NORMAL
9096,1770751480.4796915,112,ALERT
9097,1770751480.504397,114,ALERT
9098,1770751480.53435,115,ALERT
9099,1770751480.5654433,118,ALERT
9100,1770751480.5895076,118,ALERT
9101,1770751480.612401,112,ALERT
9102,1770751480.6363719,130,CRITICAL
9103,1770751480.6638796,126,CRITICAL
9104,1770751480.6907375,113,ALERT
9105,1770751480.723692,121,CRITICAL
9106,1770751480.7501404,126,CRITICAL
9107,1770751480.779107,111,ALERT
9108,1770751480.8041732,116,ALERT
9109,1770751480.8250854,117,ALERT
9110,1770751480.8487966,130,CRITICAL
9111,1770751480.8784144,128,CRITICAL
9112,1770751480.9039786,110,ALERT
9113,1770751480.9335864,112,ALERT
9114,1770751480.9575033,110,ALERT
9115,1770751480.9800277,128,CRITICAL
9116,1770751481.005012,128,CRITICAL
9117,1770751481.0277588,128,CRITICAL
9118,1770751481.0527048,112,ALERT
9119,1770751481.0736482,111,ALERT
9120,1770751481.097502,117,ALERT
9121,1770751481.1214821,120,ALERT
9122,1770751481.1505556,130,CRITICAL
9123,1770751481.1713846,116,ALERT
9124,1770751481.195506,125,CRITICAL
9125,1770751481.218646,130,CRITICAL
9126,1770751481.2421896,120,ALERT
9127,1770751481.2693703,121,CRITICAL
9128,1770751481.2950766,118,ALERT
9129,1770751481.3210642,128,CRITICAL
9130,1770751481.345657,115,ALERT
9131,1770751481.368152,120,ALERT
9132,1770751481.3926084,115,ALERT
9133,1770751481.415793,114,ALERT
9134,1770751481.4408457,122,CRITICAL
9135,1770751481.4612029,127,CRITICAL
9136,1770751481.4769793,117,ALERT
9137,1770751481.5018616,113,ALERT
9138,1770751481.5212493,114,ALERT
9139,1770751481.5454557,114,ALERT
9140,1770751481.5670748,127,CRITICAL
9141,1770751481.590328,122,CRITICAL
9142,1770751481.6122503,113,ALERT
9143,1770751481.6319323,117,ALERT
9144,1770751481.6561513,119,ALERT
9145,1770751481.6816654,125,CRITICAL
9146,1770751481.7042363,115,ALERT
9147,1770751481.7271807,121,CRITICAL
9148,1770751481.7467692,122,CRITICAL
9149,1770751481.7689316,130,CRITICAL
9150,1770751481.795339,124,CRITICAL
9151,1770751481.8198285,115,ALERT
9152,1770751481.844012,111,ALERT
9153,1770751481.8723018,125,CRITICAL
9154,1770751481.8966753,123,CRITICAL
9155,1770751481.9224877,130,CRITICAL
9156,1770751481.9451556,118,ALERT
9157,1770751481.9698496,116,ALERT
9158,1770751481.9935467,128,CRITICAL
9159,1770751482.0221074,111,ALERT
9160,1770751482.0499454,116,ALERT
9161,1770751482.0736973,111,ALERT
9162,1770751482.100395,126,CRITICAL
9163,1770751482.127558,126,CRITICAL
9164,1770751482.1495845,120,ALERT
9165,1770751482.1768491,123,CRITICAL
9166,1770751482.2015572,124,CRITICAL
9167,1770751482.2255356,128,CRITICAL
9168,1770751482.248332,127,CRITICAL
9169,1770751482.2736566,119,ALERT
9170,1770751482.2970624,130,CRITICAL
9171,1770751482.3240829,124,CRITICAL
9172,1770751482.3534484,125,CRITICAL
9173,1770751482.373524,117,ALERT
9174,1770751482.3953464,122,CRITICAL
9175,1770751482.4209404,116,ALERT
9176,1770751482.4595776,113,ALERT
9177,1770751482.497694,119,ALERT
9178,1770751482.52772,114,ALERT
9179,1770751482.552536,126,CRITICAL
9180,1770751482.5735488,116,ALERT
9181,1770751482.5975442,118,ALERT
9182,1770751482.6228976,123,CRITICAL
9183,1770751482.6477544,115,ALERT
9184,1770751482.6753926,117,ALERT
9185,1770751482.6989655,127,CRITICAL
9186,1770751482.7231245,115,ALERT
9187,1770751482.743764,115,ALERT
9188,1770751482.770867,127,CRITICAL
9189,1770751482.8003025,121,CRITICAL
9190,1770751482.825848,112,ALERT
9191,1770751482.8483062,114,ALERT
9192,1770751482.8753333,121,CRITICAL
9193,1770751482.8979466,116,ALERT
9194,1770751482.925597,113,ALERT
9195,1770751482.9479947,129,CRITICAL
9196,1770751482.9719837,110,ALERT
9197,1770751482.9922974,120,ALERT
9198,1770751483.0193224,122,CRITICAL
9199,1770751483.0440948,119,ALERT
9200,1770751483.0682988,120,ALERT
9201,1770751483.093553,110,ALERT
9202,1770751483.1185992,111,ALERT
9203,1770751483.141732,128,CRITICAL
9204,1770751483.1641874,122,CRITICAL
9205,1770751483.1901007,125,CRITICAL
9206,1770751483.212114,125,CRITICAL
9207,1770751483.2358763,125,CRITICAL
9208,1770751483.257455,111,ALERT
9209,1770751483.2839806,123,CRITICAL
9210,1770751483.307604,110,ALERT
9211,1770751483.336174,115,ALERT
9212,1770751483.361304,128,CRITICAL
9213,1770751483.3855689,122,CRITICAL
9214,1770751483.4108634,129,CRITICAL
9215,1770751483.4298248,117,ALERT
9216,1770751483.4540222,127,CRITICAL
9217,1770751483.4794815,122,CRITICAL
9218,1770751483.506982,112,ALERT
9219,1770751483.5296059,120,ALERT
9220,1770751483.5526922,120,ALERT
9221,1770751483.5801241,126,CRITICAL
9222,1770751483.608288,117,ALERT
9223,1770751483.6323714,126,CRITICAL
9224,1770751483.656681,120,ALERT
9225,1770751483.6796792,127,CRITICAL
9226,1770751483.7042782,129,CRITICAL
9227,1770751483.7296348,123,CRITICAL
9228,1770751483.7542539,130,CRITICAL
9229,1770751483.7757604,127,CRITICAL
9230,1770751483.8026593,116,ALERT
9231,1770751483.8335986,123,CRITICAL
9232,1770751483.8640144,121,CRITICAL
9233,1770751483.8953059,114,ALERT
9234,1770751483.914729,118,ALERT
9235,1770751483.9384158,110,ALERT
9236,1770751483.958973,128,CRITICAL
9237,1770751483.9818244,120,ALERT
9238,1770751484.008117,114,ALERT
9239,1770751484.0319438,119,ALERT
9240,1770751484.057561,128,CRITICAL
9241,1770751484.082789,128,CRITICAL
9242,1770751484.1066828,120,ALERT
9243,1770751484.130994,129,CRITICAL
9244,1770751484.1524858,128,CRITICAL
9245,1770751484.1759849,125,CRITICAL
9246,1770751484.1997359,110,ALERT
9247,1770751484.2231894,114,ALERT
9248,1770751484.2450001,129,CRITICAL
9249,1770751484.2694743,130,CRITICAL
9250,1770751484.293149,110,ALERT
9251,1770751484.318117,128,CRITICAL
9252,1770751484.3462455,128,CRITICAL
9253,1770751484.373459,111,ALERT
9254,1770751484.3993454,112,ALERT
9255,1770751484.4239337,127,CRITICAL
9256,1770751484.4535682,117,ALERT
9257,1770751484.484443,128,CRITICAL
9258,1770751484.5093596,126,CRITICAL
9259,1770751484.535977,112,ALERT
9260,1770751484.555803,130,CRITICAL
9261,1770751484.581441,113,ALERT
9262,1770751484.6055176,129,CRITICAL
9263,1770751484.6322355,112,ALERT
9264,1770751484.6564279,113,ALERT
9265,1770751484.6807332,114,ALERT
9266,1770751484.7120178,121,CRITICAL
9267,1770751484.7373881,123,CRITICAL
9268,1770751484.7614298,122,CRITICAL
9269,1770751484.7879322,121,CRITICAL
9270,1770751484.8119915,110,ALERT
9271,1770751484.8355963,115,ALERT
9272,1770751484.8604112,121,CRITICAL
9273,1770751484.8854253,128,CRITICAL
9274,1770751484.9084284,122,CRITICAL
9275,1770751484.9335682,110,ALERT
9276,1770751484.9544914,119,ALERT
9277,1770751484.9809687,121,CRITICAL
9278,1770751485.005101,126,CRITICAL
9279,1770751485.0339348,120,ALERT
9280,1770751485.0623846,113,ALERT
9281,1770751485.0847023,122,CRITICAL
9282,1770751485.1087663,112,ALERT
9283,1770751485.1381054,126,CRITICAL
9284,1770751485.1672876,124,CRITICAL
9285,1770751485.1905673,122,CRITICAL
9286,1770751485.2155638,113,ALERT
9287,1770751485.2415917,110,ALERT
9288,1770751485.264321,121,CRITICAL
9289,1770751485.2865527,110,ALERT
9290,1770751485.3098197,123,CRITICAL
9291,1770751485.3324344,116,ALERT
9292,1770751485.3641038,121,CRITICAL
9293,1770751485.381588,112,ALERT
9294,1770751485.402663,130,CRITICAL
9295,1770751485.4250314,122,CRITICAL
9296,1770751485.455035,118,ALERT
9297,1770751485.4781442,110,ALERT
9298,1770751485.4984086,119,ALERT
9299,1770751485.519509,68,NORMAL
9300,1770751485.5464492,80,NORMAL
9301,1770751485.5715384,82,NORMAL
9302,1770751485.594947,84,NORMAL
9303,1770751485.6232414,124,CRITICAL
9304,1770751485.650433,121,CRITICAL
9305,1770751485.6766398,119,ALERT
9306,1770751485.7011611,119,ALERT
9307,1770751485.727714,114,ALERT
9308,1770751485.7507334,127,CRITICAL
9309,1770751485.774948,124,CRITICAL
9310,1770751485.7971535,124,CRITICAL
9311,1770751485.8224719,120,ALERT
9312,1770751485.8421013,119,ALERT
9313,1770751485.8597581,126,CRITICAL
9314,1770751485.8827484,129,CRITICAL
9315,1770751485.9102256,125,CRITICAL
9316,1770751485.9332972,117,ALERT
9317,1770751485.9570537,121,CRITICAL
9318,1770751485.9812412,114,ALERT
9319,1770751486.0049403,112,ALERT
9320,1770751486.0296626,118,ALERT
9321,1770751486.0508993,111,ALERT
9322,1770751486.0767353,128,CRITICAL
9323,1770751486.1040058,116,ALERT
9324,1770751486.1293716,121,CRITICAL
9325,1770751486.1544757,126,CRITICAL
9326,1770751486.1791162,114,ALERT
9327,1770751486.203347,117,ALERT
9328,1770751486.2288387,113,ALERT
9329,1770751486.2527666,119,ALERT
9330,1770751486.2773669,124,CRITICAL
9331,1770751486.3021858,118,ALERT
9332,1770751486.3270817,115,ALERT
9333,1770751486.3516424,128,CRITICAL
9334,1770751486.3768759,130,CRITICAL
9335,1770751486.4014742,123,CRITICAL
9336,1770751486.4222083,126,CRITICAL
9337,1770751486.446838,118,ALERT
9338,1770751486.4672883,111,ALERT
9339,1770751486.4950254,125,CRITICAL
9340,1770751486.521662,113,ALERT
9341,1770751486.5465498,129,CRITICAL
9342,1770751486.5720756,122,CRITICAL
9343,1770751486.5959315,130,CRITICAL
9344,1770751486.6215556,113,ALERT
9345,1770751486.6466978,122,CRITICAL
9346,1770751486.6721306,130,CRITICAL
9347,1770751486.6973288,117,ALERT
9348,1770751486.7223914,122,CRITICAL
9349,1770751486.7460244,111,ALERT
9350,1770751486.7706885,126,CRITICAL
9351,1770751486.795406,111,ALERT
9352,1770751486.8202364,111,ALERT
9353,1770751486.8433967,112,ALERT
9354,1770751486.8662498,111,ALERT
9355,1770751486.8826232,128,CRITICAL
9356,1770751486.8992114,129,CRITICAL
9357,1770751486.9208078,126,CRITICAL
9358,1770751486.9511728,127,CRITICAL
9359,1770751486.977553,113,ALERT
9360,1770751487.0039675,112,ALERT
9361,1770751487.0275528,128,CRITICAL
9362,1770751487.0520236,121,CRITICAL
9363,1770751487.0777767,116,ALERT
9364,1770751487.1021554,123,CRITICAL
9365,1770751487.1244085,130,CRITICAL
9366,1770751487.149664,110,ALERT
9367,1770751487.176815,129,CRITICAL
9368,1770751487.2008097,112,ALERT
9369,1770751487.2215214,124,CRITICAL
9370,1770751487.2481954,121,CRITICAL
9371,1770751487.2693675,123,CRITICAL
9372,1770751487.2900913,114,ALERT
9373,1770751487.3149347,124,CRITICAL
9374,1770751487.3395257,126,CRITICAL
9375,1770751487.362625,129,CRITICAL
9376,1770751487.3822799,122,CRITICAL
9377,1770751487.4054043,119,ALERT
9378,1770751487.432501,129,CRITICAL
9379,1770751487.4618728,117,ALERT
9380,1770751487.4842649,118,ALERT
9381,1770751487.5015574,113,ALERT
9382,1770751487.5255961,114,ALERT
9383,1770751487.551581,124,CRITICAL
9384,1770751487.5762103,129,CRITICAL
9385,1770751487.6012256,120,ALERT
9386,1770751487.6235821,122,CRITICAL
9387,1770751487.6468601,121,CRITICAL
9388,1770751487.6718907,118,ALERT
9389,1770751487.6965365,111,ALERT
9390,1770751487.7266834,122,CRITICAL
9391,1770751487.7477765,110,ALERT
9392,1770751487.7701232,114,ALERT
9393,1770751487.7937276,127,CRITICAL
9394,1770751487.817154,118,ALERT
9395,1770751487.8432767,116,ALERT
9396,1770751487.8743744,125,CRITICAL
9397,1770751487.8987367,110,ALERT
9398,1770751487.924523,117,ALERT
9399,1770751487.9491746,112,ALERT
9400,1770751487.969275,112,ALERT
9401,1770751487.9951973,125,CRITICAL
9402,1770751488.0194035,128,CRITICAL
9403,1770751488.0424767,125,CRITICAL
9404,1770751485.5866883,129,CRITICAL
9405,1770751485.6100838,113,ALERT
9406,1770751485.6334918,116,ALERT
9407,1770751485.6591053,129,CRITICAL
9408,1770751485.6871548,115,ALERT
9409,1770751485.710449,120,ALERT
9410,1770751485.7379978,128,CRITICAL
9411,1770751485.7641065,111,ALERT
9412,1770751485.7915428,117,ALERT
9413,1770751485.8178198,115,ALERT
9414,1770751485.8495944,115,ALERT
9415,1770751485.870645,125,CRITICAL
9416,1770751485.8970392,124,CRITICAL
9417,1770751485.919336,120,ALERT
9418,1770751485.9433398,127,CRITICAL
9419,1770751485.9676878,112,ALERT
9420,1770751485.9991143,120,ALERT
9421,1770751486.0203986,117,ALERT
9422,1770751486.0435236,126,CRITICAL
9423,1770751486.0662658,129,CRITICAL
9424,1770751486.0902293,125,CRITICAL
9425,1770751486.1123393,123,CRITICAL
9426,1770751486.1319292,124,CRITICAL
9427,1770751486.1563556,124,CRITICAL
9428,1770751486.18108,116,ALERT
9429,1770751486.20463,126,CRITICAL
9430,1770751486.2304215,110,ALERT
9431,1770751486.255182,110,ALERT
9432,1770751486.279212,120,ALERT
9433,1770751486.3022218,115,ALERT
9434,1770751486.32859,124,CRITICAL
9435,1770751486.3514702,118,ALERT
9436,1770751486.3748264,120,ALERT
9437,1770751486.3992138,130,CRITICAL
9438,1770751486.4232104,120,ALERT
9439,1770751486.4563236,123,CRITICAL
9440,1770751486.4831688,126,CRITICAL
9441,1770751486.5082166,127,CRITICAL
9442,1770751486.5339882,117,ALERT
9443,1770751486.5632784,118,ALERT
9444,1770751486.5867538,124,CRITICAL
9445,1770751486.6103616,128,CRITICAL
9446,1770751486.6349735,120,ALERT
9447,1770751486.6580179,116,ALERT
9448,1770751486.6815174,117,ALERT
9449,1770751486.7071698,129,CRITICAL
9450,1770751486.7317383,129,CRITICAL
9451,1770751486.7555923,125,CRITICAL
9452,1770751486.7825673,120,ALERT
9453,1770751486.8097997,127,CRITICAL
9454,1770751486.8320255,115,ALERT
9455,1770751486.8568418,123,CRITICAL
9456,1770751486.8861687,130,CRITICAL
9457,1770751486.9109998,118,ALERT
9458,1770751486.9282641,117,ALERT
9459,1770751486.9525652,120,ALERT
9460,1770751486.9747,114,ALERT
9461,1770751486.9991975,130,CRITICAL
9462,1770751487.0263412,118,ALERT
9463,1770751487.0488422,124,CRITICAL
9464,1770751487.0730999,121,CRITICAL
9465,1770751487.0971618,129,CRITICAL
9466,1770751487.12445,130,CRITICAL
9467,1770751487.1482906,129,CRITICAL
9468,1770751487.1739516,114,ALERT
9469,1770751487.1983204,129,CRITICAL
9470,1770751487.2218626,119,ALERT
9471,1770751487.2416205,127,CRITICAL
9472,1770751487.265667,126,CRITICAL
9473,1770751487.2925124,120,ALERT
9474,1770751487.3187819,127,CRITICAL
9475,1770751487.3403885,120,ALERT
9476,1770751487.3628223,111,ALERT
9477,1770751487.3856804,117,ALERT
9478,1770751487.4129596,124,CRITICAL
9479,1770751487.43809,115,ALERT
9480,1770751487.4672647,120,ALERT
9481,1770751487.4984524,129,CRITICAL
9482,1770751487.5266545,124,CRITICAL
9483,1770751487.5492094,111,ALERT
9484,1770751487.575767,120,ALERT
9485,1770751487.5932229,120,ALERT
9486,1770751487.6158469,127,CRITICAL
9487,1770751487.6425145,125,CRITICAL
9488,1770751487.6670907,117,ALERT
9489,1770751487.6928637,119,ALERT
9490,1770751487.7185292,122,CRITICAL
9491,1770751487.744474,112,ALERT
9492,1770751487.766939,123,CRITICAL
9493,1770751487.788681,128,CRITICAL
9494,1770751487.812724,118,ALERT
9495,1770751487.839423,126,CRITICAL
9496,1770751487.864024,130,CRITICAL
9497,1770751487.8836706,114,ALERT
9498,1770751487.9098234,116,ALERT
9499,1770751487.93331,115,ALERT
9500,1770751487.957956,123,CRITICAL
9501,1770751487.9798043,129,CRITICAL
9502,1770751488.0029576,127,CRITICAL
9503,1770751488.03025,120,ALERT
9504,1770751488.0539713,114,ALERT
9505,1770751488.0784485,117,ALERT
9506,1770751488.1042075,120,ALERT
9507,1770751488.1265762,114,ALERT
9508,1770751488.156911,128,CRITICAL
9509,1770751488.1829333,119,ALERT
9510,1770751488.2073326,127,CRITICAL
9511,1770751488.2331536,125,CRITICAL
9512,1770751488.2578108,129,CRITICAL
9513,1770751488.2819924,115,ALERT
9514,1770751488.3049884,110,ALERT
9515,1770751488.3225882,113,ALERT
9516,1770751488.3440409,116,ALERT
9517,1770751488.367207,126,CRITICAL
9518,1770751488.3908162,117,ALERT
9519,1770751488.4151943,121,CRITICAL
9520,1770751488.4394267,117,ALERT
9521,1770751488.4654572,128,CRITICAL
9522,1770751488.4895544,114,ALERT
9523,1770751488.515364,115,ALERT
9524,1770751488.5431278,129,CRITICAL
9525,1770751488.5680425,118,ALERT
9526,1770751488.592572,129,CRITICAL
9527,1770751488.6241283,127,CRITICAL
9528,1770751488.6486957,124,CRITICAL
9529,1770751488.667094,128,CRITICAL
9530,1770751488.6915536,113,ALERT
9531,1770751488.7177048,112,ALERT
9532,1770751488.7404208,120,ALERT
9533,1770751488.7647712,112,ALERT
9534,1770751488.7845244,118,ALERT
9535,1770751488.8071234,115,ALERT
9536,1770751488.8349931,127,CRITICAL
9537,1770751488.8588583,126,CRITICAL
9538,1770751488.889548,117,ALERT
9539,1770751488.9137573,128,CRITICAL
9540,1770751488.9396,114,ALERT
9541,1770751488.960548,126,CRITICAL
9542,1770751488.987214,113,ALERT
9543,1770751489.0091257,129,CRITICAL
9544,1770751489.0365756,117,ALERT
9545,1770751489.063927,119,ALERT
9546,1770751489.089501,118,ALERT
9547,1770751489.1150577,120,ALERT
9548,1770751489.141358,114,ALERT
9549,1770751489.1643438,112,ALERT
9550,1770751489.1892421,125,CRITICAL
9551,1770751489.212885,115,ALERT
9552,1770751489.2388167,116,ALERT
9553,1770751489.2649767,113,ALERT
9554,1770751489.2866328,129,CRITICAL
9555,1770751489.311216,118,ALERT
9556,1770751489.331011,118,ALERT
9557,1770751489.3551884,121,CRITICAL
9558,1770751489.376586,123,CRITICAL
9559,1770751489.4006693,130,CRITICAL
9560,1770751489.423524,112,ALERT
9561,1770751489.4445312,112,ALERT
9562,1770751489.4653003,114,ALERT
9563,1770751489.484821,116,ALERT
9564,1770751489.5078278,127,CRITICAL
9565,1770751489.540249,125,CRITICAL
9566,1770751489.5634983,118,ALERT
9567,1770751489.5892208,129,CRITICAL
9568,1770751489.6130128,112,ALERT
9569,1770751489.6351058,110,ALERT
9570,1770751489.660241,121,CRITICAL
9571,1770751489.6873007,129,CRITICAL
9572,1770751489.7107737,113,ALERT
9573,1770751489.7376158,123,CRITICAL
9574,1770751489.7625408,118,ALERT
9575,1770751489.7863116,126,CRITICAL
9576,1770751489.8087797,125,CRITICAL
9577,1770751489.8276856,121,CRITICAL
9578,1770751489.8509881,124,CRITICAL
9579,1770751489.87942,111,ALERT
9580,1770751489.9051228,119,ALERT
9581,1770751489.9298067,130,CRITICAL
9582,1770751489.9551313,116,ALERT
9583,1770751489.9792135,122,CRITICAL
9584,1770751490.0070362,118,ALERT
9585,1770751490.0311007,118,ALERT
9586,1770751490.0558546,121,CRITICAL
9587,1770751490.080696,129,CRITICAL
9588,1770751490.1076148,112,ALERT
9589,1770751490.1326146,112,ALERT
9590,1770751490.1598969,118,ALERT
9591,1770751490.1879003,118,ALERT
9592,1770751490.2141309,123,CRITICAL
9593,1770751490.2383165,110,ALERT
9594,1770751490.26433,114,ALERT
9595,1770751490.2908182,113,ALERT
9596,1770751490.323275,128,CRITICAL
9597,1770751490.3496044,120,ALERT
9598,1770751490.373598,128,CRITICAL
9599,1770751490.3990989,120,ALERT
9600,1770751490.4270847,115,ALERT
9601,1770751490.4540677,120,ALERT
9602,1770751490.4738216,126,CRITICAL
9603,1770751490.4932501,110,ALERT
9604,1770751490.5158808,117,ALERT
9605,1770751490.5391996,124,CRITICAL
9606,1770751490.5638163,130,CRITICAL
9607,1770751490.5884423,122,CRITICAL
9608,1770751490.6110983,122,CRITICAL
9609,1770751490.6338942,114,ALERT
9610,1770751490.6591,77,NORMAL
9611,1770751490.6847308,111,ALERT
9612,1770751490.7084918,118,ALERT
9613,1770751490.7342963,123,CRITICAL
9614,1770751490.759878,111,ALERT
9615,1770751490.7871208,127,CRITICAL
9616,1770751490.8102243,110,ALERT
9617,1770751490.835488,128,CRITICAL
9618,1770751490.8599522,130,CRITICAL
9619,1770751490.8844686,110,ALERT
9620,1770751490.9112728,127,CRITICAL
9621,1770751490.936208,127,CRITICAL
9622,1770751490.9676852,116,ALERT
9623,1770751490.9929898,123,CRITICAL
9624,1770751491.015307,128,CRITICAL
9625,1770751491.03916,126,CRITICAL
9626,1770751491.0722337,130,CRITICAL
9627,1770751491.097546,112,ALERT
9628,1770751491.1216254,113,ALERT
9629,1770751491.1481066,114,ALERT
9630,1770751491.175158,115,ALERT
9631,1770751491.1992393,124,CRITICAL
9632,1770751491.2250583,127,CRITICAL
9633,1770751491.2557023,126,CRITICAL
9634,1770751491.2851613,129,CRITICAL
9635,1770751491.3095684,117,ALERT
9636,1770751491.3346186,110,ALERT
9637,1770751491.3591669,112,ALERT
9638,1770751491.384637,111,ALERT
9639,1770751491.4095585,122,CRITICAL
9640,1770751491.4353297,118,ALERT
9641,1770751491.4559019,114,ALERT
9642,1770751491.4792013,125,CRITICAL
9643,1770751491.501356,111,ALERT
9644,1770751491.5262027,110,ALERT
9645,1770751491.5458283,127,CRITICAL
9646,1770751491.57016,121,CRITICAL
9647,1770751491.5942628,127,CRITICAL
9648,1770751491.6183805,130,CRITICAL
9649,1770751491.6421041,124,CRITICAL
9650,1770751491.666244,130,CRITICAL
9651,1770751491.6912115,129,CRITICAL
9652,1770751491.7109215,127,CRITICAL
9653,1770751491.741201,111,ALERT
9654,1770751491.7664504,128,CRITICAL
9655,1770751491.7871754,116,ALERT
9656,1770751491.8071146,122,CRITICAL
9657,1770751491.835211,113,ALERT
9658,1770751491.8549259,124,CRITICAL
9659,1770751491.874445,124,CRITICAL
9660,1770751491.897727,128,CRITICAL
9661,1770751491.922851,123,CRITICAL
9662,1770751491.9503803,113,ALERT
9663,1770751491.9754121,119,ALERT
9664,1770751491.9996388,113,ALERT
9665,1770751492.0256722,125,CRITICAL
9666,1770751492.0539143,128,CRITICAL
9667,1770751492.0797005,111,ALERT
9668,1770751492.1098785,121,CRITICAL
9669,1770751492.136315,121,CRITICAL
9670,1770751492.160591,130,CRITICAL
9671,1770751492.1822717,110,ALERT
9672,1770751492.2098124,124,CRITICAL
9673,1770751492.231331,120,ALERT
9674,1770751492.2534738,124,CRITICAL
9675,1770751492.2779438,120,ALERT
9676,1770751492.3084424,127,CRITICAL
9677,1770751492.3283644,117,ALERT
9678,1770751492.3513904,128,CRITICAL
9679,1770751492.370303,110,ALERT
9680,1770751492.3915708,115,ALERT
9681,1770751492.4111907,130,CRITICAL
9682,1770751492.4365714,125,CRITICAL
9683,1770751492.4571733,115,ALERT
9684,1770751492.4801342,113,ALERT
9685,1770751492.5001721,126,CRITICAL
9686,1770751492.5248654,115,ALERT
9687,1770751492.5480506,116,ALERT
9688,1770751492.5719678,127,CRITICAL
9689,1770751492.5978725,122,CRITICAL
9690,1770751492.6205904,128,CRITICAL
9691,1770751492.642067,111,ALERT
9692,1770751492.6620224,114,ALERT
9693,1770751492.684027,127,CRITICAL
9694,1770751492.7036827,123,CRITICAL
9695,1770751492.7251775,123,CRITICAL
9696,1770751492.7480857,111,ALERT
9697,1770751492.7716339,112,ALERT
9698,1770751492.7946851,129,CRITICAL
9699,1770751492.8194864,112,ALERT
9700,1770751492.8430853,112,ALERT
9701,1770751492.86805,126,CRITICAL
9702,1770751492.8905244,115,ALERT
9703,1770751492.9111123,115,ALERT
9704,1770751492.9288492,124,CRITICAL
9705,1770751492.950654,119,ALERT
9706,1770751492.9734454,129,CRITICAL
9707,1770751492.9941802,127,CRITICAL
9708,1770751493.0131392,116,ALERT
9709,1770751493.0374093,129,CRITICAL
9710,1770751493.0593014,120,ALERT
9711,1770751493.0809717,117,ALERT
9712,1770751493.1026454,111,ALERT
9713,1770751493.1233003,127,CRITICAL
9714,1770751493.1444614,127,CRITICAL
9715,1770751493.1654587,129,CRITICAL
9716,1770751493.1878777,124,CRITICAL
9717,1770751493.2111604,114,ALERT
9718,1770751493.2322392,113,ALERT
9719,1770751493.2553363,120,ALERT
9720,1770751493.2791526,118,ALERT
9721,1770751493.3029945,127,CRITICAL
9722,1770751493.3254316,126,CRITICAL
9723,1770751493.3450246,124,CRITICAL
9724,1770751493.3678575,124,CRITICAL
9725,1770751493.3916836,127,CRITICAL
9726,1770751493.411134,124,CRITICAL
9727,1770751493.4312482,112,ALERT
9728,1770751493.4533246,129,CRITICAL
9729,1770751493.4760873,128,CRITICAL
9730,1770751493.4992023,127,CRITICAL
9731,1770751493.5225859,110,ALERT
9732,1770751493.5455825,118,ALERT
9733,1770751493.5677521,127,CRITICAL
9734,1770751493.5864258,120,ALERT
9735,1770751493.6106167,112,ALERT
9736,1770751493.6347864,114,ALERT
9737,1770751493.6576257,129,CRITICAL
9738,1770751493.6815712,117,ALERT
9739,1770751493.7048736,122,CRITICAL
9740,1770751493.7282848,122,CRITICAL
9741,1770751493.7515554,113,ALERT
9742,1770751493.770144,123,CRITICAL
9743,1770751493.7912889,123,CRITICAL
9744,1770751493.8107817,129,CRITICAL
9745,1770751493.8318164,119,ALERT
9746,1770751493.8546736,116,ALERT
9747,1770751493.8789241,113,ALERT
9748,1770751493.9032173,116,ALERT
9749,1770751493.9233117,125,CRITICAL
9750,1770751493.9452596,115,ALERT
9751,1770751493.972311,121,CRITICAL
9752,1770751493.9934914,115,ALERT
9753,1770751494.022132,124,CRITICAL
9754,1770751494.0409966,123,CRITICAL
9755,1770751494.064704,127,CRITICAL
9756,1770751494.087243,110,ALERT
9757,1770751494.1047058,111,ALERT
9758,1770751494.1279752,112,ALERT
9759,1770751494.1497152,125,CRITICAL
9760,1770751494.1729548,116,ALERT
9761,1770751494.1964211,129,CRITICAL
9762,1770751494.2193651,128,CRITICAL
9763,1770751494.2431757,121,CRITICAL
9764,1770751494.2619617,115,ALERT
9765,1770751494.28376,113,ALERT
9766,1770751494.305891,119,ALERT
9767,1770751494.3237112,127,CRITICAL
9768,1770751494.3483596,112,ALERT
9769,1770751494.3722122,116,ALERT
9770,1770751494.3914287,121,CRITICAL
9771,1770751494.411623,125,CRITICAL
9772,1770751494.4308438,121,CRITICAL
9773,1770751494.4506943,130,CRITICAL
9774,1770751494.4723356,112,ALERT
9775,1770751494.4911427,117,ALERT
9776,1770751494.5129097,117,ALERT
9777,1770751494.5331004,119,ALERT
9778,1770751494.55427,113,ALERT
9779,1770751494.5776744,122,CRITICAL
9780,1770751494.5999475,125,CRITICAL
9781,1770751494.6229436,124,CRITICAL
9782,1770751494.643696,127,CRITICAL
9783,1770751494.6626258,114,ALERT
9784,1770751494.6872149,127,CRITICAL
9785,1770751494.7109811,130,CRITICAL
9786,1770751494.7342818,118,ALERT
9787,1770751494.7561183,125,CRITICAL
9788,1770751494.7797093,121,CRITICAL
9789,1770751494.8033276,128,CRITICAL
9790,1770751494.8258,119,ALERT
9791,1770751494.848392,119,ALERT
9792,1770751494.8721838,127,CRITICAL
9793,1770751494.8952086,124,CRITICAL
9794,1770751494.919205,111,ALERT
9795,1770751494.9432216,115,ALERT
9796,1770751494.968068,120,ALERT
9797,1770751494.9903305,119,ALERT
9798,1770751495.0090086,125,CRITICAL
9799,1770751495.0307581,128,CRITICAL
9800,1770751495.0585449,128,CRITICAL
9801,1770751495.0773933,121,CRITICAL
9802,1770751495.0964065,123,CRITICAL
9803,1770751495.1193414,111,ALERT
9804,1770751495.1381295,112,ALERT
9805,1770751495.1603599,114,ALERT
9806,1770751495.1800778,115,ALERT
9807,1770751495.1991282,111,ALERT
9808,1770751495.2231355,112,ALERT
9809,1770751495.2422626,118,ALERT
9810,1770751495.264196,127,CRITICAL
9811,1770751495.2876668,121,CRITICAL
9812,1770751495.307286,130,CRITICAL
9813,1770751495.329595,121,CRITICAL
9814,1770751495.3532078,127,CRITICAL
9815,1770751495.3772926,113,ALERT
9816,1770751495.401494,125,CRITICAL
9817,1770751495.4237359,111,ALERT
9818,1770751495.4460485,120,ALERT
9819,1770751495.4659166,125,CRITICAL
9820,1770751495.4826481,113,ALERT
9821,1770751495.5052772,129,CRITICAL
9822,1770751495.5309904,128,CRITICAL
9823,1770751495.5508404,130,CRITICAL
9824,1770751495.5702124,122,CRITICAL
9825,1770751495.59082,117,ALERT
9826,1770751495.6120713,123,CRITICAL
9827,1770751495.6351247,114,ALERT
9828,1770751495.6535437,119,ALERT
9829,1770751495.6765094,124,CRITICAL
9830,1770751495.6993508,117,ALERT
9831,1770751495.7188177,74,NORMAL
9832,1770751495.739735,67,NORMAL
9833,1770751495.7674778,69,NORMAL
9834,1770751495.792975,70,NORMAL
9835,1770751495.8166661,129,CRITICAL
9836,1770751495.835982,114,ALERT
9837,1770751495.8553174,115,ALERT
9838,1770751495.8792818,116,ALERT
9839,1770751495.8985753,125,CRITICAL
9840,1770751495.9172628,113,ALERT
9841,1770751495.9333434,119,ALERT
9842,1770751495.952486,110,ALERT
9843,1770751495.9736,116,ALERT
9844,1770751495.9949777,129,CRITICAL
9845,1770751496.0173607,113,ALERT
9846,1770751496.0419786,122,CRITICAL
9847,1770751496.065779,125,CRITICAL
9848,1770751496.0902975,130,CRITICAL
9849,1770751496.1141646,114,ALERT
9850,1770751496.134217,110,ALERT
9851,1770751496.1586704,118,ALERT
9852,1770751496.1817775,114,ALERT
9853,1770751496.2061133,119,ALERT
9854,1770751496.227264,123,CRITICAL
9855,1770751496.249649,125,CRITICAL
9856,1770751496.2723625,124,CRITICAL
9857,1770751496.2953348,120,ALERT
9858,1770751496.3181977,115,ALERT
9859,1770751496.34479,120,ALERT
9860,1770751496.366885,123,CRITICAL
9861,1770751496.3902535,124,CRITICAL
9862,1770751496.4318852,121,CRITICAL
9863,1770751496.4542854,110,ALERT
9864,1770751496.4780133,121,CRITICAL
9865,1770751496.5032003,114,ALERT
9866,1770751496.5262263,114,ALERT
9867,1770751496.5511198,119,ALERT
9868,1770751496.576629,126,CRITICAL
9869,1770751496.5992472,126,CRITICAL
9870,1770751496.622233,126,CRITICAL
9871,1770751496.640385,127,CRITICAL
9872,1770751496.6600778,123,CRITICAL
9873,1770751496.680683,116,ALERT
9874,1770751496.703387,123,CRITICAL
9875,1770751496.7229888,116,ALERT
9876,1770751496.7481005,120,ALERT
9877,1770751496.7706394,114,ALERT
9878,1770751496.7912192,120,ALERT
9879,1770751496.8118868,111,ALERT
9880,1770751496.8352609,128,CRITICAL
9881,1770751496.8601866,125,CRITICAL
9882,1770751496.8822856,127,CRITICAL
9883,1770751496.906233,115,ALERT
9884,1770751496.9289577,113,ALERT
9885,1770751496.9508843,127,CRITICAL
9886,1770751496.9736938,123,CRITICAL
9887,1770751496.999033,122,CRITICAL
9888,1770751497.0209131,117,ALERT
9889,1770751497.0407667,124,CRITICAL
9890,1770751497.0629036,122,CRITICAL
9891,1770751497.0867426,122,CRITICAL
9892,1770751497.108811,128,CRITICAL
9893,1770751497.131202,118,ALERT
9894,1770751497.1550677,116,ALERT
9895,1770751497.1753724,128,CRITICAL
9896,1770751497.1981535,117,ALERT
9897,1770751497.2208765,112,ALERT
9898,1770751497.2485147,128,CRITICAL
9899,1770751497.2706215,125,CRITICAL
9900,1770751497.293368,121,CRITICAL
9901,1770751497.314962,113,ALERT
9902,1770751497.3347626,129,CRITICAL
9903,1770751497.3577352,114,ALERT
9904,1770751497.3802435,125,CRITICAL
9905,1770751497.402502,125,CRITICAL
9906,1770751497.4255848,111,ALERT
9907,1770751497.4460607,127,CRITICAL
9908,1770751497.4672835,123,CRITICAL
9909,1770751497.48974,121,CRITICAL
9910,1770751497.5097792,125,CRITICAL
9911,1770751497.5288084,114,ALERT
9912,1770751497.553191,127,CRITICAL
9913,1770751497.5766187,112,ALERT
9914,1770751497.59775,127,CRITICAL
9915,1770751497.6179857,116,ALERT
9916,1770751497.641421,122,CRITICAL
9917,1770751497.665244,111,ALERT
9918,1770751497.6904345,124,CRITICAL
9919,1770751497.717297,111,ALERT
9920,1770751497.736486,129,CRITICAL
9921,1770751497.757329,125,CRITICAL
9922,1770751497.7804976,114,ALERT
9923,1770751497.8039074,127,CRITICAL
9924,1770751497.8248377,111,ALERT
9925,1770751497.840971,126,CRITICAL
9926,1770751497.8557637,125,CRITICAL
9927,1770751497.8788471,111,ALERT
9928,1770751497.8977325,120,ALERT
9929,1770751497.9191513,111,ALERT
9930,1770751497.942342,113,ALERT
9931,1770751497.963079,124,CRITICAL
9932,1770751497.9869044,112,ALERT
9933,1770751498.01025,129,CRITICAL
9934,1770751498.0343118,119,ALERT
9935,1770751498.0572457,126,CRITICAL
9936,1770751498.079302,120,ALERT
9937,1770751498.0981324,115,ALERT
9938,1770751498.1192622,125,CRITICAL
9939,1770751498.140711,118,ALERT
9940,1770751498.163217,110,ALERT
9941,1770751498.1861277,121,CRITICAL
9942,1770751498.208945,116,ALERT
9943,1770751498.2322097,121,CRITICAL
9944,1770751498.255126,119,ALERT
9945,1770751498.2798686,111,ALERT
9946,1770751498.3048573,110,ALERT
9947,1770751498.3301105,120,ALERT
9948,1770751498.3537471,110,ALERT
9949,1770751498.3758276,113,ALERT
9950,1770751498.3994327,130,CRITICAL
9951,1770751498.4283466,118,ALERT
9952,1770751498.4477243,130,CRITICAL
9953,1770751498.4720223,130,CRITICAL
9954,1770751498.4949503,128,CRITICAL
9955,1770751498.5202274,126,CRITICAL
9956,1770751498.5444627,124,CRITICAL
9957,1770751498.5672042,116,ALERT
9958,1770751498.589329,129,CRITICAL
9959,1770751498.6105742,110,ALERT
9960,1770751498.629051,115,ALERT
9961,1770751498.6523936,112,ALERT
9962,1770751498.6746275,123,CRITICAL
9963,1770751498.697448,122,CRITICAL
9964,1770751498.719614,116,ALERT
9965,1770751498.7470071,113,ALERT
9966,1770751498.7694576,129,CRITICAL
9967,1770751498.7967072,126,CRITICAL
9968,1770751498.8180442,127,CRITICAL
9969,1770751498.8363016,127,CRITICAL
9970,1770751498.8592126,112,ALERT
9971,1770751498.8843818,119,ALERT
9972,1770751498.9036438,129,CRITICAL
9973,1770751498.926068,127,CRITICAL
9974,1770751498.9476779,125,CRITICAL
9975,1770751498.9687543,116,ALERT
9976,1770751498.9893131,126,CRITICAL
9977,1770751499.0119443,114,ALERT
9978,1770751499.0356736,127,CRITICAL
9979,1770751499.0619235,126,CRITICAL
9980,1770751499.087923,122,CRITICAL
9981,1770751499.1117942,122,CRITICAL
9982,1770751499.13407,120,ALERT
9983,1770751499.1552181,115,ALERT
9984,1770751499.1785789,124,CRITICAL
9985,1770751499.2009466,114,ALERT
9986,1770751499.2244477,110,ALERT
9987,1770751499.2430677,126,CRITICAL
9988,1770751499.2642531,122,CRITICAL
9989,1770751499.2840734,128,CRITICAL
9990,1770751499.3050728,120,ALERT
9991,1770751499.3261447,119,ALERT
9992,1770751499.3479764,130,CRITICAL
9993,1770751499.3646636,125,CRITICAL
9994,1770751499.3878071,117,ALERT
9995,1770751499.4124653,110,ALERT
9996,1770751499.4330444,118,ALERT
9997,1770751499.460678,121,CRITICAL
9998,1770751499.4775982,116,ALERT
9999,1770751499.4968698,111,ALERT
10000,1770751499.519487,116,ALERT
10001,1770751499.5451689,125,CRITICAL
10002,1770751499.5685487,114,ALERT
10003,1770751499.5923426,113,ALERT
10004,1770751499.6136065,122,CRITICAL
10005,1770751499.6352682,118,ALERT
10006,1770751499.6592088,113,ALERT
10007,1770751499.6838768,112,ALERT
10008,1770751499.7038598,115,ALERT
10009,1770751499.726195,125,CRITICAL
10010,1770751499.749436,127,CRITICAL
10011,1770751499.7744532,110,ALERT
10012,1770751499.7956603,110,ALERT
10013,1770751499.8204322,121,CRITICAL
10014,1770751499.838594,122,CRITICAL
10015,1770751499.8621843,122,CRITICAL
10016,1770751499.8850029,129,CRITICAL
10017,1770751499.9083982,130,CRITICAL
10018,1770751499.935183,118,ALERT
10019,1770751499.9589367,124,CRITICAL
10020,1770751499.9828439,126,CRITICAL
10021,1770751500.0031238,118,ALERT
10022,1770751500.021499,116,ALERT
10023,1770751500.043026,127,CRITICAL
10024,1770751500.0629036,120,ALERT
10025,1770751500.0848742,111,ALERT
10026,1770751500.107838,112,ALERT
10027,1770751500.1302035,128,CRITICAL
10028,1770751500.153628,128,CRITICAL
10029,1770751500.1771476,112,ALERT
10030,1770751500.200892,125,CRITICAL
10031,1770751500.2242246,117,ALERT
10032,1770751500.2432365,123,CRITICAL
10033,1770751500.2618232,117,ALERT
10034,1770751500.2812388,129,CRITICAL
10035,1770751500.303311,122,CRITICAL
10036,1770751500.326783,110,ALERT
10037,1770751500.3479984,123,CRITICAL
10038,1770751500.3738418,116,ALERT
10039,1770751500.394405,110,ALERT
10040,1770751500.413749,123,CRITICAL
10041,1770751500.437788,117,ALERT
10042,1770751500.4653652,113,ALERT
10043,1770751500.4851897,118,ALERT
10044,1770751500.5087764,122,CRITICAL
10045,1770751500.5330286,116,ALERT
10046,1770751500.5555706,117,ALERT
10047,1770751500.5785108,112,ALERT
10048,1770751500.6028059,129,CRITICAL
10049,1770751500.631407,119,ALERT
10050,1770751500.6510344,128,CRITICAL
10051,1770751500.6662498,126,CRITICAL
10052,1770751500.6899805,127,CRITICAL
10053,1770751500.711238,120,ALERT
10054,1770751500.73269,116,ALERT
10055,1770751500.754769,126,CRITICAL
10056,1770751500.777073,115,ALERT
10057,1770751500.799107,117,ALERT
10058,1770751500.821728,126,CRITICAL
10059,1770751500.8428984,75,NORMAL
10060,1770751500.8646913,62,NORMAL
10061,1770751500.8859096,82,NORMAL
10062,1770751500.907205,64,NORMAL
10063,1770751500.931399,80,NORMAL
10064,1770751500.9610407,73,NORMAL
10065,1770751500.9878142,83,NORMAL
10066,1770751501.011211,82,NORMAL
10067,1770751501.0338373,64,NORMAL
10068,1770751501.0587075,82,NORMAL
10069,1770751501.087117,89,NORMAL
10070,1770751501.1105418,78,NORMAL
10071,1770751501.1340053,90,NORMAL
10072,1770751501.1574888,73,NORMAL
10073,1770751501.1789541,77,NORMAL
10074,1770751501.2013705,81,NORMAL
10075,1770751501.2227335,61,NORMAL
10076,1770751501.2460895,82,NORMAL
10077,1770751501.2711043,71,NORMAL
10078,1770751501.294321,71,NORMAL
10079,1770751501.3174677,87,NORMAL
10080,1770751501.3411684,86,NORMAL
10081,1770751501.363747,60,NORMAL
10082,1770751501.381311,89,NORMAL
10083,1770751501.4038696,87,NORMAL
10084,1770751501.4240282,74,NORMAL
10085,1770751501.447198,86,NORMAL
10086,1770751501.4728441,77,NORMAL
10087,1770751501.494847,60,NORMAL
10088,1770751501.5231447,90,NORMAL
10089,1770751501.5484607,79,NORMAL
10090,1770751501.5752926,79,NORMAL
10091,1770751501.59734,72,NORMAL
10092,1770751501.6232545,87,NORMAL
10093,1770751501.6472244,63,NORMAL
10094,1770751501.6687953,62,NORMAL
10095,1770751501.690285,86,NORMAL
10096,1770751501.711289,69,NORMAL
10097,1770751501.7349203,65,NORMAL
10098,1770751501.755739,68,NORMAL
10099,1770751501.7792134,64,NORMAL
10100,1770751501.801531,71,NORMAL
10101,1770751501.8232546,81,NORMAL
10102,1770751501.8446891,79,NORMAL
10103,1770751501.8676329,78,NORMAL
10104,1770751501.8911319,83,NORMAL
10105,1770751501.9123368,78,NORMAL
10106,1770751501.9366307,64,NORMAL
10107,1770751501.9595792,85,NORMAL
10108,1770751501.981916,65,NORMAL
10109,1770751502.0032163,76,NORMAL
10110,1770751502.026688,62,NORMAL
10111,1770751502.0484028,74,NORMAL
10112,1770751502.0657456,86,NORMAL
10113,1770751502.0913038,71,NORMAL
10114,1770751502.1154997,83,NORMAL
10115,1770751502.136668,121,CRITICAL
10116,1770751502.1592653,130,CRITICAL
10117,1770751502.1797366,120,ALERT
10118,1770751502.2004192,113,ALERT
10119,1770751502.2240407,112,ALERT
10120,1770751502.248052,114,ALERT
10121,1770751502.2684624,113,ALERT
10122,1770751502.2910345,126,CRITICAL
10123,1770751502.3090081,119,ALERT
10124,1770751502.3324804,118,ALERT
10125,1770751502.3551047,125,CRITICAL
10126,1770751502.378446,110,ALERT
10127,1770751502.400191,118,ALERT
10128,1770751502.4224105,125,CRITICAL
10129,1770751502.4427457,110,ALERT
10130,1770751502.4646037,114,ALERT
10131,1770751502.4882588,120,ALERT
10132,1770751502.5117087,119,ALERT
10133,1770751502.5352132,127,CRITICAL
10134,1770751502.5591145,125,CRITICAL
10135,1770751502.5832117,111,ALERT
10136,1770751502.6069047,124,CRITICAL
10137,1770751502.629268,110,ALERT
10138,1770751502.651203,123,CRITICAL
10139,1770751502.6747897,128,CRITICAL
10140,1770751502.6927166,118,ALERT
10141,1770751502.7127445,121,CRITICAL
10142,1770751502.7341757,128,CRITICAL
10143,1770751502.7543237,125,CRITICAL
10144,1770751502.775366,119,ALERT
10145,1770751502.7973676,112,ALERT
10146,1770751502.8204377,130,CRITICAL
10147,1770751502.8431728,116,ALERT
10148,1770751502.8670876,124,CRITICAL
10149,1770751502.8910782,116,ALERT
10150,1770751502.9152727,111,ALERT
10151,1770751502.9388287,125,CRITICAL
10152,1770751502.962464,118,ALERT
10153,1770751502.991894,118,ALERT
10154,1770751503.015968,129,CRITICAL
10155,1770751503.039103,128,CRITICAL
10156,1770751503.0642486,126,CRITICAL
10157,1770751503.0926027,119,ALERT
10158,1770751503.1112766,120,ALERT
10159,1770751503.131804,130,CRITICAL
10160,1770751503.1554527,121,CRITICAL
10161,1770751503.179642,124,CRITICAL
10162,1770751503.2111797,126,CRITICAL
10163,1770751503.2339761,129,CRITICAL
10164,1770751503.2593067,122,CRITICAL
10165,1770751503.2835565,117,ALERT
10166,1770751503.3002641,128,CRITICAL
10167,1770751503.3215206,113,ALERT
10168,1770751503.3385334,127,CRITICAL
10169,1770751503.3592415,128,CRITICAL
10170,1770751503.380884,120,ALERT
10171,1770751503.4030986,120,ALERT
10172,1770751503.4223819,116,ALERT
10173,1770751503.445138,116,ALERT
10174,1770751503.4690797,113,ALERT
10175,1770751503.4883652,123,CRITICAL
10176,1770751503.506256,113,ALERT
10177,1770751503.5301495,128,CRITICAL
10178,1770751503.5526106,130,CRITICAL
10179,1770751503.575217,116,ALERT
10180,1770751503.5974228,114,ALERT
10181,1770751503.6200733,117,ALERT
10182,1770751503.6452978,110,ALERT
10183,1770751503.6703334,117,ALERT
10184,1770751503.6916938,124,CRITICAL
10185,1770751503.7152438,120,ALERT
10186,1770751503.7372882,110,ALERT
10187,1770751503.7592168,113,ALERT
10188,1770751503.780833,114,ALERT
10189,1770751503.8046513,112,ALERT
10190,1770751503.8297508,122,CRITICAL
10191,1770751503.8555887,127,CRITICAL
10192,1770751503.881841,120,ALERT
10193,1770751503.9008446,119,ALERT
10194,1770751503.9212258,123,CRITICAL
10195,1770751503.947089,124,CRITICAL
10196,1770751503.9637513,113,ALERT
10197,1770751503.986236,117,ALERT
10198,1770751504.0073593,127,CRITICAL
10199,1770751504.0290577,126,CRITICAL
10200,1770751504.05049,117,ALERT
10201,1770751504.0701694,121,CRITICAL
10202,1770751504.0913043,127,CRITICAL
10203,1770751504.1164446,115,ALERT
10204,1770751504.1416426,120,ALERT
10205,1770751504.1665907,129,CRITICAL
10206,1770751504.1894743,123,CRITICAL
10207,1770751504.211082,126,CRITICAL
10208,1770751504.234762,120,ALERT
10209,1770751504.2542408,121,CRITICAL
10210,1770751504.276812,114,ALERT
10211,1770751504.2998652,118,ALERT
10212,1770751504.3192255,119,ALERT
10213,1770751504.342608,120,ALERT
10214,1770751504.3654969,129,CRITICAL
10215,1770751504.387633,119,ALERT
10216,1770751504.4142413,114,ALERT
10217,1770751504.4371858,127,CRITICAL
10218,1770751504.4587889,129,CRITICAL
10219,1770751504.4808376,118,ALERT
10220,1770751504.5087123,117,ALERT
10221,1770751504.531313,130,CRITICAL
10222,1770751504.5546148,114,ALERT
10223,1770751504.5784705,122,CRITICAL
10224,1770751504.6013167,125,CRITICAL
10225,1770751504.6246843,129,CRITICAL
10226,1770751504.642585,126,CRITICAL
10227,1770751504.664889,126,CRITICAL
10228,1770751504.6860576,112,ALERT
10229,1770751504.7136831,129,CRITICAL
10230,1770751504.7351065,123,CRITICAL
10231,1770751504.7526832,113,ALERT
10232,1770751504.7743812,130,CRITICAL
10233,1770751504.7986465,126,CRITICAL
10234,1770751504.821539,117,ALERT
10235,1770751504.8406408,127,CRITICAL
10236,1770751504.8648279,129,CRITICAL
10237,1770751504.8887885,116,ALERT
10238,1770751504.9121766,115,ALERT
10239,1770751504.936341,125,CRITICAL
10240,1770751504.9589472,118,ALERT
10241,1770751504.9810555,112,ALERT
10242,1770751505.000933,126,CRITICAL
10243,1770751505.023881,130,CRITICAL
10244,1770751505.0462458,111,ALERT
10245,1770751505.068684,114,ALERT
10246,1770751505.0890868,115,ALERT
10247,1770751505.1150587,123,CRITICAL
10248,1770751505.1378095,127,CRITICAL
10249,1770751505.1619473,129,CRITICAL
10250,1770751505.1854072,125,CRITICAL
10251,1770751505.2087188,114,ALERT
10252,1770751505.236126,118,ALERT
10253,1770751505.262919,117,ALERT
10254,1770751505.289887,125,CRITICAL
10255,1770751505.3126771,115,ALERT
10256,1770751505.3366482,112,ALERT
10257,1770751505.3592803,113,ALERT
10258,1770751505.3832421,112,ALERT
10259,1770751505.407187,122,CRITICAL
10260,1770751505.4326298,121,CRITICAL
10261,1770751505.4565518,121,CRITICAL
10262,1770751505.4863603,123,CRITICAL
10263,1770751505.5061793,120,ALERT
10264,1770751505.5272648,120,ALERT
10265,1770751505.547541,128,CRITICAL
10266,1770751505.5721338,119,ALERT
10267,1770751505.5951705,113,ALERT
10268,1770751505.6182284,119,ALERT
10269,1770751505.637391,125,CRITICAL
10270,1770751505.6583064,120,ALERT
10271,1770751505.6752396,126,CRITICAL
10272,1770751505.7010436,112,ALERT
10273,1770751505.7195964,122,CRITICAL
10274,1770751505.7430522,120,ALERT
10275,1770751505.764605,122,CRITICAL
10276,1770751505.7877376,124,CRITICAL
10277,1770751505.8093104,125,CRITICAL
10278,1770751505.833503,112,ALERT
10279,1770751505.8558722,120,ALERT
10280,1770751505.8730474,124,CRITICAL
10281,1770751505.8950613,124,CRITICAL
10282,1770751505.9193354,113,ALERT
10283,1770751505.9450104,116,ALERT
10284,1770751505.9688227,123,CRITICAL
10285,1770751505.9915545,129,CRITICAL
10286,1770751506.0159578,124,CRITICAL
10287,1770751506.0419946,123,CRITICAL
10288,1770751506.0650423,130,CRITICAL
10289,1770751506.0815184,121,CRITICAL
10290,1770751506.1012912,128,CRITICAL
10291,1770751506.124184,122,CRITICAL
10292,1770751506.1429634,115,ALERT
10293,1770751506.162946,119,ALERT
10294,1770751506.1840913,110,ALERT
10295,1770751506.2041373,118,ALERT
10296,1770751506.2263837,124,CRITICAL
10297,1770751506.2497897,123,CRITICAL
10298,1770751506.2735264,125,CRITICAL
10299,1770751506.2974377,110,ALERT
10300,1770751506.3149996,128,CRITICAL
10301,1770751506.3313262,114,ALERT
10302,1770751506.3518252,126,CRITICAL
10303,1770751506.3764646,129,CRITICAL
10304,1770751506.4029534,130,CRITICAL
10305,1770751506.4288464,116,ALERT
10306,1770751506.4511192,116,ALERT
10307,1770751506.4742022,130,CRITICAL
10308,1770751506.4985948,130,CRITICAL
10309,1770751506.5224242,120,ALERT
10310,1770751506.5468493,126,CRITICAL
10311,1770751506.5671372,112,ALERT
10312,1770751506.589261,127,CRITICAL
10313,1770751506.6130383,129,CRITICAL
10314,1770751506.6358838,129,CRITICAL
10315,1770751506.663085,126,CRITICAL
10316,1770751506.684411,119,ALERT
10317,1770751506.7077515,122,CRITICAL
10318,1770751506.7311187,123,CRITICAL
10319,1770751506.7483637,121,CRITICAL
10320,1770751506.7731771,115,ALERT
10321,1770751506.79523,121,CRITICAL
10322,1770751506.8141217,124,CRITICAL
10323,1770751506.8328118,115,ALERT
10324,1770751506.8559105,110,ALERT
10325,1770751506.8736653,120,ALERT
10326,1770751506.8960319,119,ALERT
10327,1770751506.9193377,126,CRITICAL
10328,1770751506.9440653,127,CRITICAL
10329,1770751506.9628704,121,CRITICAL
10330,1770751506.9866326,118,ALERT
10331,1770751507.011408,130,CRITICAL
10332,1770751507.0352025,115,ALERT
10333,1770751507.0513391,127,CRITICAL
10334,1770751507.069798,123,CRITICAL
10335,1770751507.0913143,111,ALERT
10336,1770751507.117314,129,CRITICAL
10337,1770751507.1411476,122,CRITICAL
10338,1770751507.1634338,84,NORMAL
10339,1770751507.1796706,74,NORMAL
10340,1770751507.1995494,74,NORMAL
10341,1770751507.2232575,61,NORMAL
10342,1770751507.2469757,90,NORMAL
10343,1770751507.2694979,78,NORMAL
10344,1770751507.2940516,62,NORMAL
10345,1770751507.311212,82,NORMAL
10346,1770751507.3316905,62,NORMAL
10347,1770751507.35534,85,NORMAL
10348,1770751507.3764908,68,NORMAL
10349,1770751507.4026232,78,NORMAL
10350,1770751507.4247546,84,NORMAL
10351,1770751507.4518585,64,NORMAL
10352,1770751507.4745739,72,NORMAL
10353,1770751507.4974024,62,NORMAL
10354,1770751507.5232077,62,NORMAL
10355,1770751507.5452337,75,NORMAL
10356,1770751507.5655684,65,NORMAL
10357,1770751507.5880058,85,NORMAL
10358,1770751507.6117022,83,NORMAL
10359,1770751507.6362007,70,NORMAL
10360,1770751507.6552117,63,NORMAL
10361,1770751507.679109,88,NORMAL
10362,1770751507.702997,86,NORMAL
10363,1770751507.7276208,66,NORMAL
10364,1770751507.7478673,67,NORMAL
10365,1770751507.7713268,61,NORMAL
10366,1770751507.7958145,74,NORMAL
10367,1770751507.8188827,61,NORMAL
10368,1770751507.8380973,71,NORMAL
10369,1770751507.8564303,70,NORMAL
10370,1770751507.8779404,62,NORMAL
10371,1770751507.894342,90,NORMAL
10372,1770751507.914935,81,NORMAL
10373,1770751507.9378395,81,NORMAL
10374,1770751507.959226,90,NORMAL
10375,1770751507.9792962,84,NORMAL
10376,1770751508.001821,62,NORMAL
10377,1770751508.0244238,80,NORMAL
10378,1770751508.0472147,84,NORMAL
10379,1770751508.0685232,89,NORMAL
10380,1770751508.0945282,82,NORMAL
10381,1770751508.1179821,124,CRITICAL
10382,1770751508.140143,126,CRITICAL
10383,1770751508.1603446,121,CRITICAL
10384,1770751508.180943,115,ALERT
10385,1770751508.2030241,112,ALERT
10386,1770751508.2275834,118,ALERT
10387,1770751508.2478707,121,CRITICAL
10388,1770751508.2687273,123,CRITICAL
10389,1770751508.285831,120,ALERT
10390,1770751508.3083038,113,ALERT
10391,1770751508.326759,124,CRITICAL
10392,1770751508.34607,128,CRITICAL
10393,1770751508.3697705,111,ALERT
10394,1770751508.3927984,128,CRITICAL
10395,1770751508.4158278,126,CRITICAL
10396,1770751508.4400558,129,CRITICAL
10397,1770751508.4618855,120,ALERT
10398,1770751508.4830282,110,ALERT
10399,1770751508.5036633,123,CRITICAL
10400,1770751508.5233252,118,ALERT
10401,1770751508.5469832,115,ALERT
10402,1770751508.5669403,118,ALERT
10403,1770751508.5890155,123,CRITICAL
10404,1770751508.6090903,118,ALERT
10405,1770751508.632546,122,CRITICAL
10406,1770751508.6558998,127,CRITICAL
10407,1770751508.67709,130,CRITICAL
10408,1770751508.705402,115,ALERT
10409,1770751508.7295094,111,ALERT
10410,1770751508.7533417,118,ALERT
10411,1770751508.7732162,124,CRITICAL
10412,1770751508.787688,121,CRITICAL
10413,1770751508.806395,114,ALERT
10414,1770751508.8328044,110,ALERT
10415,1770751508.85725,124,CRITICAL
10416,1770751508.8814635,121,CRITICAL
10417,1770751508.9042375,115,ALERT
10418,1770751508.9336908,119,ALERT
10419,1770751508.954642,116,ALERT
10420,1770751508.978849,129,CRITICAL
10421,1770751509.0027714,124,CRITICAL
10422,1770751509.0266197,110,ALERT
10423,1770751509.0517993,119,ALERT
10424,1770751509.0747101,128,CRITICAL
10425,1770751509.096542,130,CRITICAL
10426,1770751509.1162665,117,ALERT
10427,1770751509.1396499,121,CRITICAL
10428,1770751509.1641374,112,ALERT
10429,1770751509.1881175,124,CRITICAL
10430,1770751509.2128534,114,ALERT
10431,1770751509.2357025,127,CRITICAL
10432,1770751509.259116,121,CRITICAL
10433,1770751509.2831159,111,ALERT
10434,1770751509.3078973,113,ALERT
10435,1770751509.3311331,128,CRITICAL
10436,1770751509.3521225,128,CRITICAL
10437,1770751509.3747723,130,CRITICAL
10438,1770751509.3952942,128,CRITICAL
10439,1770751509.418188,127,CRITICAL
10440,1770751509.4414718,120,ALERT
10441,1770751509.4642465,124,CRITICAL
10442,1770751509.4871168,126,CRITICAL
10443,1770751509.5108514,111,ALERT
10444,1770751509.5315847,127,CRITICAL
10445,1770751509.5582585,113,ALERT
10446,1770751509.5787601,128,CRITICAL
10447,1770751509.6021426,123,CRITICAL
10448,1770751509.6232178,127,CRITICAL
10449,1770751509.6471958,123,CRITICAL
10450,1770751509.6704187,127,CRITICAL
10451,1770751509.693611,130,CRITICAL
10452,1770751509.7160754,128,CRITICAL
10453,1770751509.7391129,115,ALERT
10454,1770751509.7665632,117,ALERT
10455,1770751509.7907531,126,CRITICAL
10456,1770751509.809932,130,CRITICAL
10457,1770751509.8325288,111,ALERT
10458,1770751509.8548412,125,CRITICAL
10459,1770751509.87513,129,CRITICAL
10460,1770751509.8971574,126,CRITICAL
10461,1770751509.918442,113,ALERT
10462,1770751509.9417086,118,ALERT
10463,1770751509.9658725,129,CRITICAL
10464,1770751509.989053,126,CRITICAL
10465,1770751510.0086982,123,CRITICAL
10466,1770751510.0320354,115,ALERT
10467,1770751510.0521333,116,ALERT
10468,1770751510.0693939,112,ALERT
10469,1770751510.0924494,129,CRITICAL
10470,1770751510.1206336,112,ALERT
10471,1770751510.1440403,129,CRITICAL
10472,1770751510.1642852,119,ALERT
10473,1770751510.1845362,123,CRITICAL
10474,1770751510.2052813,113,ALERT
10475,1770751510.2260008,122,CRITICAL
10476,1770751510.2488241,112,ALERT
10477,1770751510.2729213,110,ALERT
10478,1770751510.2961566,121,CRITICAL
10479,1770751510.3177907,127,CRITICAL
10480,1770751510.3411236,121,CRITICAL
10481,1770751510.3632655,121,CRITICAL
10482,1770751510.3857148,114,ALERT
10483,1770751510.4096396,122,CRITICAL
10484,1770751510.4349978,119,ALERT
10485,1770751510.461267,125,CRITICAL
10486,1770751510.4829068,130,CRITICAL
10487,1770751510.5057135,118,ALERT
10488,1770751510.5252779,116,ALERT
10489,1770751510.549278,129,CRITICAL
10490,1770751510.5723817,123,CRITICAL
10491,1770751510.5978744,121,CRITICAL
10492,1770751510.6229875,118,ALERT
10493,1770751510.645454,126,CRITICAL
10494,1770751510.6698184,114,ALERT
10495,1770751510.6959448,129,CRITICAL
10496,1770751510.7134469,126,CRITICAL
10497,1770751510.7364872,116,ALERT
10498,1770751510.7562556,116,ALERT
10499,1770751510.7769341,126,CRITICAL
10500,1770751510.800828,115,ALERT
10501,1770751510.8197923,129,CRITICAL
10502,1770751510.843791,115,ALERT
10503,1770751510.8673255,124,CRITICAL
10504,1770751510.8956847,112,ALERT
10505,1770751510.9182715,130,CRITICAL
10506,1770751510.9413862,119,ALERT
10507,1770751510.965052,120,ALERT
10508,1770751510.9886816,129,CRITICAL
10509,1770751511.0130649,122,CRITICAL
10510,1770751511.0364523,129,CRITICAL
10511,1770751511.0590684,129,CRITICAL
10512,1770751511.08008,121,CRITICAL
10513,1770751511.1028821,112,ALERT
10514,1770751511.12099,116,ALERT
10515,1770751511.142414,129,CRITICAL
10516,1770751511.16349,116,ALERT
10517,1770751511.1883233,110,ALERT
10518,1770751511.2119892,129,CRITICAL
10519,1770751511.2332034,118,ALERT
10520,1770751511.2626028,124,CRITICAL
10521,1770751511.2821393,124,CRITICAL
10522,1770751511.3045044,119,ALERT
10523,1770751511.3326101,115,ALERT
10524,1770751511.352794,129,CRITICAL
10525,1770751511.3777425,115,ALERT
10526,1770751511.4037902,116,ALERT
10527,1770751511.4230325,129,CRITICAL
10528,1770751511.4445996,123,CRITICAL
10529,1770751511.4690936,120,ALERT
10530,1770751511.4894383,127,CRITICAL
10531,1770751511.504254,128,CRITICAL
10532,1770751511.5268576,130,CRITICAL
10533,1770751511.551027,110,ALERT
10534,1770751511.5711071,117,ALERT
10535,1770751511.5926087,130,CRITICAL
10536,1770751511.6142254,112,ALERT
10537,1770751511.636954,111,ALERT
10538,1770751511.6591163,112,ALERT
10539,1770751511.6838474,114,ALERT
10540,1770751511.7048378,129,CRITICAL
10541,1770751511.727219,122,CRITICAL
10542,1770751511.7482958,114,ALERT
10543,1770751511.7705164,118,ALERT
10544,1770751511.7946355,128,CRITICAL
10545,1770751511.8178408,111,ALERT
10546,1770751511.8423483,129,CRITICAL
10547,1770751511.8624585,128,CRITICAL
10548,1770751511.8815427,125,CRITICAL
10549,1770751511.901454,129,CRITICAL
10550,1770751511.9241295,118,ALERT
10551,1770751511.9440317,126,CRITICAL
10552,1770751511.9626582,115,ALERT
10553,1770751511.9864194,121,CRITICAL
10554,1770751512.009582,129,CRITICAL
10555,1770751512.0317445,122,CRITICAL
10556,1770751512.0590875,127,CRITICAL
10557,1770751512.0821416,121,CRITICAL
10558,1770751512.1048892,125,CRITICAL
10559,1770751512.1280148,124,CRITICAL
10560,1770751512.1499965,129,CRITICAL
10561,1770751512.1731882,119,ALERT
10562,1770751512.1988127,124,CRITICAL
10563,1770751512.2217798,123,CRITICAL
10564,1770751512.2443416,110,ALERT
10565,1770751512.266808,118,ALERT
10566,1770751512.2896807,112,ALERT
10567,1770751512.318902,110,ALERT
10568,1770751512.3416686,124,CRITICAL
10569,1770751512.3602185,120,ALERT
10570,1770751512.3825076,116,ALERT
10571,1770751512.406483,124,CRITICAL
10572,1770751512.430002,110,ALERT
10573,1770751512.4512334,123,CRITICAL
10574,1770751512.4712377,128,CRITICAL
10575,1770751512.4950085,110,ALERT
10576,1770751512.5176961,125,CRITICAL
10577,1770751512.5357974,115,ALERT
10578,1770751512.5600233,123,CRITICAL
10579,1770751512.5830607,124,CRITICAL
10580,1770751512.6050432,124,CRITICAL
10581,1770751512.6287715,129,CRITICAL
10582,1770751512.6522408,128,CRITICAL
10583,1770751512.6750998,118,ALERT
10584,1770751512.698051,113,ALERT
10585,1770751512.723208,121,CRITICAL
10586,1770751512.7473185,117,ALERT
10587,1770751512.7725453,118,ALERT
10588,1770751512.793424,115,ALERT
10589,1770751512.8231964,120,ALERT
10590,1770751512.8501322,113,ALERT
10591,1770751512.880335,115,ALERT
10592,1770751512.9081287,112,ALERT
10593,1770751512.9333844,116,ALERT
10594,1770751512.9627461,128,CRITICAL
10595,1770751512.9863353,117,ALERT
10596,1770751513.0096815,126,CRITICAL
10597,1770751513.0307648,121,CRITICAL
10598,1770751513.0516334,120,ALERT
10599,1770751513.071922,115,ALERT
10600,1770751513.0963202,129,CRITICAL
10601,1770751513.118203,128,CRITICAL
10602,1770751513.138704,78,NORMAL
10603,1770751513.157525,74,NORMAL
10604,1770751513.1792548,65,NORMAL
10605,1770751513.2069826,66,NORMAL
10606,1770751513.2273157,120,ALERT
10607,1770751513.2516372,115,ALERT
10608,1770751513.276246,126,CRITICAL
10609,1770751513.296952,130,CRITICAL
10610,1770751513.3168218,127,CRITICAL
10611,1770751513.3351655,117,ALERT
10612,1770751513.3590991,114,ALERT
10613,1770751513.3831115,110,ALERT
10614,1770751513.4064937,123,CRITICAL
10615,1770751513.4278376,115,ALERT
10616,1770751513.451133,129,CRITICAL
10617,1770751513.4753704,120,ALERT
10618,1770751513.4952953,117,ALERT
10619,1770751513.5184755,120,ALERT
10620,1770751513.5367835,130,CRITICAL
10621,1770751513.561076,116,ALERT
10622,1770751513.579114,115,ALERT
10623,1770751513.5985696,119,ALERT
10624,1770751513.6170163,123,CRITICAL
10625,1770751513.6354268,115,ALERT
10626,1770751513.6619196,119,ALERT
10627,1770751513.6903079,118,ALERT
10628,1770751513.7141116,122,CRITICAL
10629,1770751513.7352014,116,ALERT
10630,1770751513.7581382,115,ALERT
10631,1770751513.7791023,125,CRITICAL
10632,1770751513.7992635,112,ALERT
10633,1770751513.8244696,114,ALERT
10634,1770751513.8477774,118,ALERT
10635,1770751513.8684692,125,CRITICAL
10636,1770751513.8894262,124,CRITICAL
10637,1770751513.9143658,122,CRITICAL
10638,1770751513.934266,119,ALERT
10639,1770751513.9543326,117,ALERT
10640,1770751513.9798195,128,CRITICAL
10641,1770751514.0059116,130,CRITICAL
10642,1770751514.0280154,117,ALERT
10643,1770751514.0512142,116,ALERT
10644,1770751514.0728123,120,ALERT
10645,1770751514.095075,117,ALERT
10646,1770751514.1209204,127,CRITICAL
10647,1770751514.1445792,123,CRITICAL
10648,1770751514.167065,125,CRITICAL
10649,1770751514.1952953,114,ALERT
10650,1770751514.21482,126,CRITICAL
10651,1770751514.2383351,119,ALERT
10652,1770751514.254186,114,ALERT
10653,1770751514.2735567,110,ALERT
10654,1770751514.2969172,120,ALERT
10655,1770751514.3191948,129,CRITICAL
10656,1770751514.3431752,128,CRITICAL
10657,1770751514.3656437,114,ALERT
10658,1770751514.3876038,117,ALERT
10659,1770751514.408188,115,ALERT
10660,1770751514.4263499,128,CRITICAL
10661,1770751514.4503498,129,CRITICAL
10662,1770751514.4733808,119,ALERT
10663,1770751514.4974246,120,ALERT
10664,1770751514.5192323,116,ALERT
10665,1770751514.5401855,120,ALERT
10666,1770751514.5656176,129,CRITICAL
10667,1770751514.5899475,118,ALERT
10668,1770751514.6110866,120,ALERT
10669,1770751514.6288958,125,CRITICAL
10670,1770751514.648204,116,ALERT
10671,1770751514.6725643,125,CRITICAL
10672,1770751514.6978505,112,ALERT
10673,1770751514.7212718,125,CRITICAL
10674,1770751514.7499692,125,CRITICAL
10675,1770751514.7712605,123,CRITICAL
10676,1770751514.7912297,116,ALERT
10677,1770751514.815038,120,ALERT
10678,1770751514.8344955,111,ALERT
10679,1770751514.8583078,124,CRITICAL
10680,1770751514.8804123,129,CRITICAL
10681,1770751514.9009688,129,CRITICAL
10682,1770751514.9229836,120,ALERT
10683,1770751514.9490137,113,ALERT
10684,1770751514.9734483,120,ALERT
10685,1770751515.0020123,123,CRITICAL
10686,1770751515.031253,121,CRITICAL
10687,1770751515.0550199,127,CRITICAL
10688,1770751515.0766327,122,CRITICAL
10689,1770751515.0991566,110,ALERT
10690,1770751515.1231368,121,CRITICAL
10691,1770751515.1455076,128,CRITICAL
10692,1770751515.165812,130,CRITICAL
10693,1770751515.1871085,129,CRITICAL
10694,1770751515.207597,115,ALERT
10695,1770751515.231753,130,CRITICAL
10696,1770751515.2511327,120,ALERT
10697,1770751515.273098,112,ALERT
10698,1770751515.298361,110,ALERT
10699,1770751515.3202295,127,CRITICAL
10700,1770751515.3391194,126,CRITICAL
10701,1770751515.3651505,119,ALERT
10702,1770751515.3895316,118,ALERT
10703,1770751515.4126909,119,ALERT
10704,1770751515.435321,125,CRITICAL
10705,1770751515.4592292,119,ALERT
10706,1770751515.4833121,112,ALERT
10707,1770751515.5071435,129,CRITICAL
10708,1770751515.5270581,120,ALERT
10709,1770751515.551188,117,ALERT
10710,1770751515.5750482,112,ALERT
10711,1770751515.5975091,123,CRITICAL
10712,1770751515.622738,116,ALERT
10713,1770751515.6472743,121,CRITICAL
10714,1770751515.6659026,125,CRITICAL
10715,1770751515.6888545,117,ALERT
10716,1770751515.7083206,125,CRITICAL
10717,1770751515.7342057,112,ALERT
10718,1770751515.7583053,129,CRITICAL
10719,1770751515.784246,130,CRITICAL
10720,1770751515.8061707,128,CRITICAL
10721,1770751515.8287575,127,CRITICAL
10722,1770751515.8529747,120,ALERT
10723,1770751515.8760793,123,CRITICAL
10724,1770751515.8982158,126,CRITICAL
10725,1770751515.9196463,119,ALERT
10726,1770751515.941853,127,CRITICAL
10727,1770751515.9697735,123,CRITICAL
10728,1770751515.9912345,116,ALERT
10729,1770751516.014018,118,ALERT
10730,1770751516.04246,111,ALERT
10731,1770751516.0632854,128,CRITICAL
10732,1770751516.0901806,111,ALERT
10733,1770751516.1099665,121,CRITICAL
10734,1770751516.1335082,110,ALERT
10735,1770751516.1552045,115,ALERT
10736,1770751516.1783302,110,ALERT
10737,1770751516.2061334,110,ALERT
10738,1770751516.225642,128,CRITICAL
10739,1770751516.2480438,123,CRITICAL
10740,1770751516.2712471,112,ALERT
10741,1770751516.2924576,116,ALERT
10742,1770751516.3159337,112,ALERT
10743,1770751516.3360536,126,CRITICAL
10744,1770751516.3564844,127,CRITICAL
10745,1770751516.3801892,115,ALERT
10746,1770751516.399588,117,ALERT
10747,1770751516.424667,116,ALERT
10748,1770751516.447214,121,CRITICAL
10749,1770751516.471427,123,CRITICAL
10750,1770751516.4950318,128,CRITICAL
10751,1770751516.5196693,124,CRITICAL
10752,1770751516.5477953,112,ALERT
10753,1770751516.5631967,128,CRITICAL
10754,1770751516.5822535,121,CRITICAL
10755,1770751516.6014903,121,CRITICAL
10756,1770751516.620256,126,CRITICAL
10757,1770751516.6455903,129,CRITICAL
10758,1770751516.664764,124,CRITICAL
10759,1770751516.6932023,127,CRITICAL
10760,1770751516.720738,116,ALERT
10761,1770751516.7434103,116,ALERT
10762,1770751516.7678154,120,ALERT
10763,1770751516.7928402,125,CRITICAL
10764,1770751516.815643,124,CRITICAL
10765,1770751516.8401484,116,ALERT
10766,1770751516.8661516,127,CRITICAL
10767,1770751516.8899815,117,ALERT
10768,1770751516.9127626,122,CRITICAL
10769,1770751516.9304512,120,ALERT
10770,1770751516.9558246,120,ALERT
10771,1770751516.9792883,117,ALERT
10772,1770751517.002966,119,ALERT
10773,1770751517.0221305,119,ALERT
10774,1770751517.0430903,128,CRITICAL
10775,1770751517.0664284,116,ALERT
10776,1770751517.0901375,114,ALERT
10777,1770751517.1162562,127,CRITICAL
10778,1770751517.1370866,124,CRITICAL
10779,1770751517.1614168,130,CRITICAL
10780,1770751517.1885195,125,CRITICAL
10781,1770751517.212285,129,CRITICAL
10782,1770751517.2327797,113,ALERT
10783,1770751517.2557545,124,CRITICAL
10784,1770751517.279907,114,ALERT
10785,1770751517.3072813,112,ALERT
10786,1770751517.3325825,121,CRITICAL
10787,1770751517.3540194,114,ALERT
10788,1770751517.3765087,129,CRITICAL
10789,1770751517.3997006,119,ALERT
10790,1770751517.4243474,126,CRITICAL
10791,1770751517.4477537,120,ALERT
10792,1770751517.4701893,129,CRITICAL
10793,1770751517.489181,111,ALERT
10794,1770751517.5145652,130,CRITICAL
10795,1770751517.5348873,129,CRITICAL
10796,1770751517.5581136,117,ALERT
10797,1770751517.5789783,121,CRITICAL
10798,1770751517.597019,124,CRITICAL
10799,1770751517.6183207,125,CRITICAL
10800,1770751517.6391032,111,ALERT
10801,1770751517.6617274,117,ALERT
10802,1770751517.684167,123,CRITICAL
10803,1770751517.7057743,118,ALERT
10804,1770751517.7273037,127,CRITICAL
10805,1770751517.7481973,125,CRITICAL
10806,1770751517.7778823,120,ALERT
10807,1770751517.7989523,113,ALERT
10808,1770751517.8204367,125,CRITICAL
10809,1770751515.3640108,130,CRITICAL
10810,1770751515.3867092,113,ALERT
10811,1770751515.4128246,128,CRITICAL
10812,1770751515.4339976,127,CRITICAL
10813,1770751515.4554138,126,CRITICAL
10814,1770751515.4778821,125,CRITICAL
10815,1770751515.5013607,128,CRITICAL
10816,1770751515.519332,128,CRITICAL
10817,1770751515.5452292,120,ALERT
10818,1770751515.5674756,110,ALERT
10819,1770751515.5904562,128,CRITICAL
10820,1770751515.6144707,130,CRITICAL
10821,1770751515.6352212,122,CRITICAL
10822,1770751515.6599596,122,CRITICAL
10823,1770751515.6817083,110,ALERT
10824,1770751515.7077143,113,ALERT
10825,1770751515.7318647,125,CRITICAL
10826,1770751515.758814,125,CRITICAL
10827,1770751515.7794316,117,ALERT
10828,1770751515.8040557,113,ALERT
10829,1770751515.8265336,112,ALERT
10830,1770751515.8535542,123,CRITICAL
10831,1770751515.8777401,113,ALERT
10832,1770751515.897479,115,ALERT
10833,1770751515.924043,115,ALERT
10834,1770751515.9483535,122,CRITICAL
10835,1770751515.9693673,115,ALERT
10836,1770751515.9911842,116,ALERT
10837,1770751516.0188963,125,CRITICAL
10838,1770751516.039598,128,CRITICAL
10839,1770751516.060298,127,CRITICAL
10840,1770751516.0786152,119,ALERT
10841,1770751516.102372,128,CRITICAL
10842,1770751516.1277428,118,ALERT
10843,1770751516.1528597,122,CRITICAL
10844,1770751516.1739292,115,ALERT
10845,1770751516.19655,121,CRITICAL
10846,1770751516.2210684,123,CRITICAL
10847,1770751516.2428699,124,CRITICAL
10848,1770751516.265349,125,CRITICAL
10849,1770751516.2857194,112,ALERT
10850,1770751516.305851,114,ALERT
10851,1770751516.3293872,118,ALERT
10852,1770751516.3509471,116,ALERT
10853,1770751516.3723757,121,CRITICAL
10854,1770751516.3935125,113,ALERT
10855,1770751516.4162233,123,CRITICAL
10856,1770751516.4396005,130,CRITICAL
10857,1770751516.4631054,126,CRITICAL
10858,1770751516.4846382,113,ALERT
10859,1770751516.507585,123,CRITICAL
10860,1770751516.5330634,119,ALERT
10861,1770751516.5587344,122,CRITICAL
10862,1770751516.584137,125,CRITICAL
10863,1770751516.606504,119,ALERT
10864,1770751516.6302583,115,ALERT
10865,1770751516.6523454,111,ALERT
10866,1770751516.6745818,118,ALERT
10867,1770751516.6965783,117,ALERT
10868,1770751516.7198243,116,ALERT
10869,1770751516.7374706,117,ALERT
10870,1770751516.7609317,129,CRITICAL
10871,1770751516.784849,115,ALERT
10872,1770751516.8099546,129,CRITICAL
10873,1770751516.8332114,121,CRITICAL
10874,1770751516.8575017,124,CRITICAL
10875,1770751516.8812416,123,CRITICAL
10876,1770751516.9051356,115,ALERT
10877,1770751516.925044,123,CRITICAL
10878,1770751516.9455035,126,CRITICAL
10879,1770751516.9691434,124,CRITICAL
10880,1770751516.9893894,112,ALERT
10881,1770751517.0119767,123,CRITICAL
10882,1770751517.0368855,125,CRITICAL
10883,1770751517.0627263,130,CRITICAL
10884,1770751517.086622,130,CRITICAL
10885,1770751517.1090934,118,ALERT
10886,1770751517.129331,111,ALERT
10887,1770751517.1527846,115,ALERT
10888,1770751517.1734047,112,ALERT
10889,1770751517.1933243,128,CRITICAL
10890,1770751517.2166007,125,CRITICAL
10891,1770751517.2335277,110,ALERT
10892,1770751517.2492697,122,CRITICAL
10893,1770751517.271224,122,CRITICAL
10894,1770751517.3007112,122,CRITICAL
10895,1770751517.3215425,118,ALERT
10896,1770751517.344181,116,ALERT
10897,1770751517.3648608,130,CRITICAL
10898,1770751517.3813832,126,CRITICAL
10899,1770751517.4029653,113,ALERT
10900,1770751517.4270263,128,CRITICAL
10901,1770751517.4482725,112,ALERT
10902,1770751517.46916,121,CRITICAL
10903,1770751517.4921582,122,CRITICAL
10904,1770751517.516086,118,ALERT
10905,1770751517.5374029,123,CRITICAL
10906,1770751517.5614388,129,CRITICAL
10907,1770751517.585534,113,ALERT
10908,1770751517.606479,110,ALERT
10909,1770751517.6293983,122,CRITICAL
10910,1770751517.649642,111,ALERT
10911,1770751517.6734211,129,CRITICAL
10912,1770751517.6959572,110,ALERT
10913,1770751517.7192812,113,ALERT
10914,1770751517.7413743,128,CRITICAL
10915,1770751517.7606843,126,CRITICAL
10916,1770751517.7819154,110,ALERT
10917,1770751517.8054223,118,ALERT
10918,1770751517.8271103,126,CRITICAL
10919,1770751517.8502092,129,CRITICAL
10920,1770751517.8717422,116,ALERT
10921,1770751517.896587,127,CRITICAL
10922,1770751517.9209642,130,CRITICAL
10923,1770751517.9420602,128,CRITICAL
10924,1770751517.9614296,129,CRITICAL
10925,1770751517.9835877,110,ALERT
10926,1770751518.007107,118,ALERT
10927,1770751518.0300314,128,CRITICAL
10928,1770751518.049473,127,CRITICAL
10929,1770751518.0719285,128,CRITICAL
10930,1770751518.0945833,127,CRITICAL
10931,1770751518.1182096,124,CRITICAL
10932,1770751518.1422307,127,CRITICAL
10933,1770751518.1652215,119,ALERT
10934,1770751518.1824634,113,ALERT
10935,1770751518.2060907,119,ALERT
10936,1770751518.2252064,115,ALERT
10937,1770751518.2472816,128,CRITICAL
10938,1770751518.2694297,85,NORMAL
10939,1770751518.2874067,76,NORMAL
10940,1770751518.3100376,63,NORMAL
10941,1770751518.3317573,130,CRITICAL
10942,1770751518.3535318,125,CRITICAL
10943,1770751518.3741646,110,ALERT
10944,1770751518.3955123,118,ALERT
10945,1770751518.41463,117,ALERT
10946,1770751518.4368675,124,CRITICAL
10947,1770751518.4581642,116,ALERT
10948,1770751518.4868162,118,ALERT
10949,1770751518.511152,126,CRITICAL
10950,1770751518.5340903,125,CRITICAL
10951,1770751518.5533552,112,ALERT
10952,1770751518.5815058,127,CRITICAL
10953,1770751518.601305,118,ALERT
10954,1770751518.6278317,130,CRITICAL
10955,1770751518.65204,110,ALERT
10956,1770751518.6736677,115,ALERT
10957,1770751518.696761,126,CRITICAL
10958,1770751518.719351,115,ALERT
10959,1770751518.7389266,123,CRITICAL
10960,1770751518.761511,113,ALERT
10961,1770751518.7854931,126,CRITICAL
10962,1770751518.8054714,111,ALERT
10963,1770751518.8310337,114,ALERT
10964,1770751518.8603354,110,ALERT
10965,1770751518.8845255,128,CRITICAL
10966,1770751518.912939,119,ALERT
10967,1770751518.9374354,113,ALERT
10968,1770751518.961491,116,ALERT
10969,1770751518.9851072,110,ALERT
10970,1770751519.0070558,126,CRITICAL
10971,1770751519.0297973,124,CRITICAL
10972,1770751519.0530941,113,ALERT
10973,1770751519.0776925,124,CRITICAL
10974,1770751519.101857,110,ALERT
10975,1770751519.1251843,123,CRITICAL
10976,1770751519.1442742,110,ALERT
10977,1770751519.1624515,128,CRITICAL
10978,1770751519.185026,129,CRITICAL
10979,1770751519.205238,126,CRITICAL
10980,1770751519.2282994,114,ALERT
10981,1770751519.2456172,122,CRITICAL
10982,1770751519.267333,115,ALERT
10983,1770751519.2908165,130,CRITICAL
10984,1770751519.3084664,111,ALERT
10985,1770751519.3324056,114,ALERT
10986,1770751519.354369,126,CRITICAL
10987,1770751519.378451,130,CRITICAL
10988,1770751519.4023783,110,ALERT
10989,1770751519.4246001,127,CRITICAL
10990,1770751519.4457874,112,ALERT
10991,1770751519.4703548,113,ALERT
10992,1770751519.4936192,118,ALERT
10993,1770751519.5141249,128,CRITICAL
10994,1770751519.5325081,130,CRITICAL
10995,1770751519.5554812,123,CRITICAL
10996,1770751519.5763912,114,ALERT
10997,1770751519.6057107,121,CRITICAL
10998,1770751519.6258397,129,CRITICAL
10999,1770751519.6497796,127,CRITICAL
11000,1770751519.6748068,116,ALERT
11001,1770751519.6991522,114,ALERT
11002,1770751519.7224765,112,ALERT
11003,1770751519.7503223,122,CRITICAL
11004,1770751519.7706034,112,ALERT
11005,1770751519.7907386,110,ALERT
11006,1770751519.8163438,113,ALERT
11007,1770751519.8354619,121,CRITICAL
11008,1770751519.8525894,122,CRITICAL
11009,1770751519.87748,110,ALERT
11010,1770751519.906534,113,ALERT
11011,1770751519.9335144,120,ALERT
11012,1770751519.9581666,124,CRITICAL
11013,1770751519.9844928,126,CRITICAL
11014,1770751520.0093231,123,CRITICAL
11015,1770751520.0330844,116,ALERT
11016,1770751520.055439,116,ALERT
11017,1770751520.0776384,126,CRITICAL
11018,1770751520.0976627,113,ALERT
11019,1770751520.1190677,123,CRITICAL
11020,1770751520.1430104,114,ALERT
11021,1770751520.166345,116,ALERT
11022,1770751520.1894758,122,CRITICAL
11023,1770751520.2145023,122,CRITICAL
11024,1770751520.2375932,129,CRITICAL
11025,1770751520.261238,123,CRITICAL
11026,1770751520.2847755,129,CRITICAL
11027,1770751520.3058739,117,ALERT
11028,1770751520.3260663,119,ALERT
11029,1770751520.341936,123,CRITICAL
11030,1770751520.3652194,111,ALERT
11031,1770751520.384935,130,CRITICAL
11032,1770751520.4094782,121,CRITICAL
11033,1770751520.4321215,111,ALERT
11034,1770751520.457562,119,ALERT
11035,1770751520.48141,111,ALERT
11036,1770751520.5037494,121,CRITICAL
11037,1770751520.5245252,123,CRITICAL
11038,1770751520.5442238,130,CRITICAL
11039,1770751520.566278,128,CRITICAL
11040,1770751520.5936704,130,CRITICAL
11041,1770751520.6155655,120,ALERT
11042,1770751520.6367447,122,CRITICAL
11043,1770751520.6571858,130,CRITICAL
11044,1770751520.6769493,126,CRITICAL
11045,1770751520.6997786,126,CRITICAL
11046,1770751520.7219527,126,CRITICAL
11047,1770751520.7461686,129,CRITICAL
11048,1770751520.7698314,128,CRITICAL
11049,1770751520.7943726,111,ALERT
11050,1770751520.8187501,111,ALERT
11051,1770751520.838962,123,CRITICAL
11052,1770751520.861646,125,CRITICAL
11053,1770751520.8821774,128,CRITICAL
11054,1770751520.904208,122,CRITICAL
11055,1770751520.9228604,114,ALERT
11056,1770751520.9475758,117,ALERT
11057,1770751520.9707015,130,CRITICAL
11058,1770751520.993402,120,ALERT
11059,1770751521.0174065,112,ALERT
11060,1770751521.0381534,110,ALERT
11061,1770751521.0678,110,ALERT
11062,1770751521.08705,117,ALERT
11063,1770751521.1111965,126,CRITICAL
11064,1770751521.1323428,121,CRITICAL
11065,1770751521.1532452,112,ALERT
11066,1770751521.1733353,114,ALERT
11067,1770751521.1985757,113,ALERT
11068,1770751521.2187917,114,ALERT
11069,1770751521.2436857,120,ALERT
11070,1770751521.2692926,115,ALERT
11071,1770751521.2925,121,CRITICAL
11072,1770751521.3159242,127,CRITICAL
11073,1770751521.3403766,117,ALERT
11074,1770751521.3643124,123,CRITICAL
11075,1770751521.3892982,112,ALERT
11076,1770751521.4119544,115,ALERT
11077,1770751521.434263,113,ALERT
11078,1770751521.4524462,118,ALERT
11079,1770751521.4734132,117,ALERT
11080,1770751521.4984772,115,ALERT
11081,1770751521.521967,124,CRITICAL
11082,1770751521.5453753,128,CRITICAL
11083,1770751521.5658498,112,ALERT
11084,1770751521.5869758,119,ALERT
11085,1770751521.6105418,130,CRITICAL
11086,1770751521.6338027,123,CRITICAL
11087,1770751521.6558785,118,ALERT
11088,1770751521.6742175,110,ALERT
11089,1770751521.6979434,121,CRITICAL
11090,1770751521.7197795,112,ALERT
11091,1770751521.7405338,112,ALERT
11092,1770751521.761378,128,CRITICAL
11093,1770751521.7853634,120,ALERT
11094,1770751521.8095012,124,CRITICAL
11095,1770751521.8334944,113,ALERT
11096,1770751521.8568416,112,ALERT
11097,1770751521.8786736,121,CRITICAL
11098,1770751521.8987665,115,ALERT
11099,1770751521.920088,124,CRITICAL
11100,1770751521.9443994,114,ALERT
11101,1770751521.9660096,112,ALERT
11102,1770751521.989175,110,ALERT
11103,1770751522.0088634,114,ALERT
11104,1770751522.0309055,124,CRITICAL
11105,1770751522.0531912,130,CRITICAL
11106,1770751522.0750856,122,CRITICAL
11107,1770751522.0968764,114,ALERT
11108,1770751522.112792,118,ALERT
11109,1770751522.137847,115,ALERT
11110,1770751522.1596456,119,ALERT
11111,1770751522.180141,128,CRITICAL
11112,1770751522.2056031,121,CRITICAL
11113,1770751522.2292006,118,ALERT
11114,1770751522.2543557,111,ALERT
11115,1770751522.2804046,113,ALERT
11116,1770751522.303436,116,ALERT
11117,1770751522.3227327,117,ALERT
11118,1770751522.351886,123,CRITICAL
11119,1770751522.3756657,120,ALERT
11120,1770751522.3989196,120,ALERT
11121,1770751522.422509,124,CRITICAL
11122,1770751522.4451313,114,ALERT
11123,1770751522.4668796,119,ALERT
11124,1770751522.4872873,112,ALERT
11125,1770751522.509495,129,CRITICAL
11126,1770751522.5323234,116,ALERT
11127,1770751522.5510197,121,CRITICAL
11128,1770751522.575673,123,CRITICAL
11129,1770751522.599399,115,ALERT
11130,1770751522.6215434,111,ALERT
11131,1770751522.643968,125,CRITICAL
11132,1770751522.6664743,118,ALERT
11133,1770751522.6814265,124,CRITICAL
11134,1770751522.6972816,117,ALERT
11135,1770751522.7169077,123,CRITICAL
11136,1770751522.7346153,129,CRITICAL
11137,1770751522.7568684,130,CRITICAL
11138,1770751522.777644,112,ALERT
11139,1770751522.8013213,123,CRITICAL
11140,1770751522.8207998,120,ALERT
11141,1770751522.845146,125,CRITICAL
11142,1770751522.867904,128,CRITICAL
11143,1770751522.888073,129,CRITICAL
11144,1770751522.9157681,127,CRITICAL
11145,1770751522.9351964,128,CRITICAL
11146,1770751522.9588501,115,ALERT
11147,1770751522.9826665,113,ALERT
11148,1770751523.0069559,117,ALERT
11149,1770751523.0293853,125,CRITICAL
11150,1770751523.0526948,114,ALERT
11151,1770751523.0754416,122,CRITICAL
11152,1770751523.0946565,116,ALERT
11153,1770751523.1175246,122,CRITICAL
11154,1770751523.141579,117,ALERT
11155,1770751523.1651752,113,ALERT
11156,1770751523.1887577,125,CRITICAL
11157,1770751523.208645,113,ALERT
11158,1770751523.232176,112,ALERT
11159,1770751523.2546144,130,CRITICAL
11160,1770751523.2784228,117,ALERT
11161,1770751523.3017683,116,ALERT
11162,1770751523.3253036,112,ALERT
11163,1770751523.346081,119,ALERT
11164,1770751523.3693688,83,NORMAL
11165,1770751523.3940609,60,NORMAL
11166,1770751523.423307,78,NORMAL
11167,1770751523.4524682,74,NORMAL
11168,1770751523.4717653,63,NORMAL
11169,1770751523.4905708,61,NORMAL
11170,1770751523.5123627,65,NORMAL
11171,1770751523.5350347,76,NORMAL
11172,1770751523.55342,74,NORMAL
11173,1770751523.5757635,74,NORMAL
11174,1770751523.599547,81,NORMAL
11175,1770751523.6243842,89,NORMAL
11176,1770751523.645423,72,NORMAL
11177,1770751523.6650226,68,NORMAL
11178,1770751523.6895077,72,NORMAL
11179,1770751523.7134864,87,NORMAL
11180,1770751523.7350712,80,NORMAL
11181,1770751523.7574203,70,NORMAL
11182,1770751523.7800546,116,ALERT
11183,1770751523.8029065,119,ALERT
11184,1770751523.82551,111,ALERT
11185,1770751523.848673,126,CRITICAL
11186,1770751523.8697236,119,ALERT
11187,1770751523.8857636,113,ALERT
11188,1770751523.9065168,120,ALERT
11189,1770751523.9292958,125,CRITICAL
11190,1770751523.9476926,130,CRITICAL
11191,1770751523.9707973,124,CRITICAL
11192,1770751523.9969168,128,CRITICAL
11193,1770751524.0219755,110,ALERT
11194,1770751524.045474,121,CRITICAL
11195,1770751524.0689592,122,CRITICAL
11196,1770751524.0931895,116,ALERT
11197,1770751524.113347,118,ALERT
11198,1770751524.13732,122,CRITICAL
11199,1770751524.1594758,115,ALERT
11200,1770751524.1794167,117,ALERT
11201,1770751524.201166,119,ALERT
11202,1770751524.22364,130,CRITICAL
11203,1770751524.2477002,127,CRITICAL
11204,1770751524.2723024,125,CRITICAL
11205,1770751524.2963302,119,ALERT
11206,1770751524.3205032,130,CRITICAL
11207,1770751524.3443627,117,ALERT
11208,1770751524.3695025,115,ALERT
11209,1770751524.393496,129,CRITICAL
11210,1770751524.4182632,113,ALERT
11211,1770751524.4376514,126,CRITICAL
11212,1770751524.4604585,110,ALERT
11213,1770751524.483228,124,CRITICAL
11214,1770751524.5069652,115,ALERT
11215,1770751524.528592,128,CRITICAL
11216,1770751524.5466259,120,ALERT
11217,1770751524.569617,124,CRITICAL
11218,1770751524.592095,119,ALERT
11219,1770751524.6158783,124,CRITICAL
11220,1770751524.635429,125,CRITICAL
11221,1770751524.6572294,130,CRITICAL
11222,1770751524.6831284,116,ALERT
11223,1770751524.7056296,112,ALERT
11224,1770751524.7273922,114,ALERT
11225,1770751524.7496958,126,CRITICAL
11226,1770751524.7735574,127,CRITICAL
11227,1770751524.7979975,125,CRITICAL
11228,1770751524.821194,114,ALERT
11229,1770751524.8454676,120,ALERT
11230,1770751524.868979,127,CRITICAL
11231,1770751524.8936014,116,ALERT
11232,1770751524.917496,114,ALERT
11233,1770751524.9355075,118,ALERT
11234,1770751524.953476,122,CRITICAL
11235,1770751524.9724805,111,ALERT
11236,1770751524.9924998,112,ALERT
11237,1770751525.014774,117,ALERT
11238,1770751525.0384333,120,ALERT
11239,1770751525.0627532,124,CRITICAL
11240,1770751525.085788,130,CRITICAL
11241,1770751525.110226,116,ALERT
11242,1770751525.1353567,129,CRITICAL
11243,1770751525.1572278,125,CRITICAL
11244,1770751525.1838026,116,ALERT
11245,1770751525.2060077,118,ALERT
11246,1770751525.2240202,114,ALERT
11247,1770751525.247432,118,ALERT
11248,1770751525.2693648,114,ALERT
11249,1770751525.2854235,128,CRITICAL
11250,1770751525.3085253,110,ALERT
11251,1770751525.3325603,112,ALERT
11252,1770751525.357384,112,ALERT
11253,1770751525.3808239,127,CRITICAL
11254,1770751525.4060879,114,ALERT
11255,1770751525.42866,116,ALERT
11256,1770751525.4519012,112,ALERT
11257,1770751525.4727247,125,CRITICAL
11258,1770751525.4955082,126,CRITICAL
11259,1770751525.520397,128,CRITICAL
11260,1770751525.5484426,113,ALERT
11261,1770751525.5723085,122,CRITICAL
11262,1770751525.5971248,114,ALERT
11263,1770751525.6192575,110,ALERT
11264,1770751525.6420958,113,ALERT
11265,1770751525.6648426,110,ALERT
11266,1770751525.6874535,128,CRITICAL
11267,1770751525.7121613,118,ALERT
11268,1770751525.7351637,122,CRITICAL
11269,1770751525.7606142,121,CRITICAL
11270,1770751525.7838926,114,ALERT
11271,1770751525.8054092,111,ALERT
11272,1770751525.8263085,122,CRITICAL
11273,1770751525.8498707,123,CRITICAL
11274,1770751525.8727226,119,ALERT
11275,1770751525.89353,113,ALERT
11276,1770751525.9163616,115,ALERT
11277,1770751525.9389079,125,CRITICAL
11278,1770751525.9633572,127,CRITICAL
11279,1770751525.9870617,114,ALERT
11280,1770751526.0103984,113,ALERT
11281,1770751526.0333326,125,CRITICAL
11282,1770751526.0529222,124,CRITICAL
11283,1770751526.075117,129,CRITICAL
11284,1770751526.0946352,126,CRITICAL
11285,1770751526.1175678,111,ALERT
11286,1770751526.136883,128,CRITICAL
11287,1770751526.1574073,122,CRITICAL
11288,1770751526.1805232,114,ALERT
11289,1770751526.2051303,127,CRITICAL
11290,1770751526.2292173,111,ALERT
11291,1770751526.2535255,120,ALERT
11292,1770751526.275174,115,ALERT
11293,1770751526.2989788,121,CRITICAL
11294,1770751526.3238177,129,CRITICAL
11295,1770751526.3503723,121,CRITICAL
11296,1770751526.3704395,113,ALERT
11297,1770751526.3894377,124,CRITICAL
11298,1770751526.4125342,110,ALERT
11299,1770751526.4412086,130,CRITICAL
11300,1770751526.468245,124,CRITICAL
11301,1770751526.4959285,112,ALERT
11302,1770751526.5173001,114,ALERT
11303,1770751526.5408154,110,ALERT
11304,1770751526.5630515,116,ALERT
11305,1770751526.5838661,125,CRITICAL
11306,1770751526.6039212,116,ALERT
11307,1770751526.629838,121,CRITICAL
11308,1770751526.6535091,117,ALERT
11309,1770751526.6723647,114,ALERT
11310,1770751526.696028,112,ALERT
11311,1770751526.7238705,116,ALERT
11312,1770751526.7488942,117,ALERT
11313,1770751526.7761621,116,ALERT
11314,1770751526.7961142,126,CRITICAL
11315,1770751526.8183353,122,CRITICAL
11316,1770751526.842189,110,ALERT
11317,1770751526.865811,130,CRITICAL
11318,1770751526.896845,114,ALERT
11319,1770751526.9265404,119,ALERT
11320,1770751526.9514387,111,ALERT
11321,1770751526.9759383,126,CRITICAL
11322,1770751526.9970984,113,ALERT
11323,1770751527.017408,126,CRITICAL
11324,1770751527.0414174,113,ALERT
11325,1770751527.0655193,121,CRITICAL
11326,1770751527.0854166,117,ALERT
11327,1770751527.1094904,119,ALERT
11328,1770751527.1300905,119,ALERT
11329,1770751527.1490939,110,ALERT
11330,1770751527.1722445,114,ALERT
11331,1770751527.1925197,126,CRITICAL
11332,1770751527.2143703,123,CRITICAL
11333,1770751527.2386396,128,CRITICAL
11334,1770751527.2655606,110,ALERT
11335,1770751527.289442,121,CRITICAL
11336,1770751527.3126657,130,CRITICAL
11337,1770751527.3403184,119,ALERT
11338,1770751527.3614287,129,CRITICAL
11339,1770751527.3849437,124,CRITICAL
11340,1770751527.407941,119,ALERT
11341,1770751527.43342,126,CRITICAL
11342,1770751527.4485245,122,CRITICAL
11343,1770751527.4655902,124,CRITICAL
11344,1770751527.487862,113,ALERT
11345,1770751527.5121844,110,ALERT
11346,1770751527.5372038,113,ALERT
11347,1770751527.5596654,122,CRITICAL
11348,1770751527.583773,117,ALERT
11349,1770751527.605383,126,CRITICAL
11350,1770751527.631782,113,ALERT
11351,1770751527.659301,117,ALERT
11352,1770751527.6814785,117,ALERT
11353,1770751527.7034333,130,CRITICAL
11354,1770751527.7287529,114,ALERT
11355,1770751527.749261,119,ALERT
11356,1770751527.7694595,113,ALERT
11357,1770751527.7893944,130,CRITICAL
11358,1770751527.8121846,128,CRITICAL
11359,1770751527.8382885,110,ALERT
11360,1770751527.858844,126,CRITICAL
11361,1770751527.8808117,119,ALERT
11362,1770751527.8996885,112,ALERT
11363,1770751527.920416,114,ALERT
11364,1770751527.9397404,110,ALERT
11365,1770751527.9625006,124,CRITICAL
11366,1770751527.9829926,120,ALERT
11367,1770751528.0028722,122,CRITICAL
11368,1770751528.0246716,119,ALERT
11369,1770751528.0460265,111,ALERT
11370,1770751528.069457,120,ALERT
11371,1770751528.092005,113,ALERT
11372,1770751528.1154647,117,ALERT
11373,1770751528.1372807,127,CRITICAL
11374,1770751528.1544433,117,ALERT
11375,1770751528.1712883,110,ALERT
11376,1770751528.1955237,117,ALERT
11377,1770751528.2158732,121,CRITICAL
11378,1770751528.2337668,122,CRITICAL
11379,1770751528.2527075,117,ALERT
11380,1770751528.2741146,126,CRITICAL
11381,1770751528.3044338,117,ALERT
11382,1770751528.3248546,120,ALERT
11383,1770751528.3464673,123,CRITICAL
11384,1770751528.3698778,111,ALERT
11385,1770751528.3941364,123,CRITICAL
11386,1770751528.4149652,124,CRITICAL
11387,1770751528.4346654,114,ALERT
11388,1770751528.4541512,114,ALERT
11389,1770751528.4753404,116,ALERT
11390,1770751528.4950762,114,ALERT
11391,1770751528.5156498,111,ALERT
11392,1770751528.5400615,128,CRITICAL
11393,1770751528.561492,127,CRITICAL
11394,1770751528.5839605,115,ALERT
11395,1770751528.6061897,116,ALERT
11396,1770751528.630355,112,ALERT
11397,1770751528.6561143,118,ALERT
11398,1770751528.6784902,114,ALERT
11399,1770751528.703325,114,ALERT
11400,1770751528.725496,128,CRITICAL
11401,1770751528.74632,125,CRITICAL
11402,1770751528.7713835,123,CRITICAL
11403,1770751528.7992356,118,ALERT
11404,1770751528.818967,83,NORMAL
11405,1770751528.8425124,84,NORMAL
11406,1770751528.8665466,86,NORMAL
11407,1770751528.890955,73,NORMAL
11408,1770751528.913749,86,NORMAL
11409,1770751528.9343178,82,NORMAL
11410,1770751528.9567358,87,NORMAL
11411,1770751528.9805827,115,ALERT
11412,1770751529.0039356,130,CRITICAL
11413,1770751529.0299582,112,ALERT
11414,1770751529.0514276,129,CRITICAL
11415,1770751529.073398,124,CRITICAL
11416,1770751529.0973976,114,ALERT
11417,1770751529.1197524,122,CRITICAL
11418,1770751529.1428142,119,ALERT
11419,1770751529.1654103,114,ALERT
11420,1770751529.1864002,122,CRITICAL
11421,1770751529.205985,124,CRITICAL
11422,1770751529.2289612,120,ALERT
11423,1770751529.251706,122,CRITICAL
11424,1770751529.2720692,111,ALERT
11425,1770751529.294215,116,ALERT
11426,1770751529.3173943,121,CRITICAL
11427,1770751529.3375719,122,CRITICAL
11428,1770751529.3606997,124,CRITICAL
11429,1770751529.3831294,115,ALERT
11430,1770751529.4070847,122,CRITICAL
11431,1770751529.4315443,116,ALERT
11432,1770751529.456167,125,CRITICAL
11433,1770751529.4782994,123,CRITICAL
11434,1770751529.49941,129,CRITICAL
11435,1770751529.5218549,118,ALERT
11436,1770751529.5458465,121,CRITICAL
11437,1770751529.5682254,129,CRITICAL
11438,1770751529.5842948,119,ALERT
11439,1770751529.605206,129,CRITICAL
11440,1770751529.6238196,129,CRITICAL
11441,1770751529.6492963,127,CRITICAL
11442,1770751529.670202,121,CRITICAL
11443,1770751529.6932082,121,CRITICAL
11444,1770751529.7154212,110,ALERT
11445,1770751529.7356737,113,ALERT
11446,1770751529.7570775,116,ALERT
11447,1770751529.7806756,117,ALERT
11448,1770751529.804356,121,CRITICAL
11449,1770751529.8292782,127,CRITICAL
11450,1770751529.8526387,122,CRITICAL
11451,1770751529.8784766,117,ALERT
11452,1770751529.902414,122,CRITICAL
11453,1770751529.9258235,114,ALERT
11454,1770751529.9527576,113,ALERT
11455,1770751529.9751816,114,ALERT
11456,1770751529.9974546,120,ALERT
11457,1770751530.0206301,120,ALERT
11458,1770751530.0422797,122,CRITICAL
11459,1770751530.0634122,112,ALERT
11460,1770751530.0899396,122,CRITICAL
11461,1770751530.1101763,127,CRITICAL
11462,1770751530.1351008,121,CRITICAL
11463,1770751530.1596074,122,CRITICAL
11464,1770751530.1815798,123,CRITICAL
11465,1770751530.2055612,115,ALERT
11466,1770751530.2269545,120,ALERT
11467,1770751530.2520869,122,CRITICAL
11468,1770751530.274943,113,ALERT
11469,1770751530.29886,123,CRITICAL
11470,1770751530.3190258,120,ALERT
11471,1770751530.3407555,122,CRITICAL
11472,1770751530.364283,114,ALERT
11473,1770751530.3885884,123,CRITICAL
11474,1770751530.4106708,127,CRITICAL
11475,1770751530.4341376,125,CRITICAL
11476,1770751530.4535286,121,CRITICAL
11477,1770751530.473382,121,CRITICAL
11478,1770751530.4957063,119,ALERT
11479,1770751530.5170832,124,CRITICAL
11480,1770751530.5333602,112,ALERT
11481,1770751530.5568829,111,ALERT
11482,1770751530.5807402,120,ALERT
11483,1770751530.601487,112,ALERT
11484,1770751530.6237636,119,ALERT
11485,1770751530.642417,120,ALERT
11486,1770751530.6653454,122,CRITICAL
11487,1770751530.6878583,115,ALERT
11488,1770751530.702668,128,CRITICAL
11489,1770751530.7211995,118,ALERT
11490,1770751530.744486,130,CRITICAL
11491,1770751530.7689822,121,CRITICAL
11492,1770751530.791587,125,CRITICAL
11493,1770751530.8162227,117,ALERT
11494,1770751530.8388453,119,ALERT
11495,1770751530.8648767,120,ALERT
11496,1770751530.890389,118,ALERT
11497,1770751530.9134848,113,ALERT
11498,1770751530.9388583,111,ALERT
11499,1770751530.963417,126,CRITICAL
11500,1770751530.9863126,111,ALERT
11501,1770751531.0083542,118,ALERT
11502,1770751531.0294344,128,CRITICAL
11503,1770751531.0527458,117,ALERT
11504,1770751531.0772471,121,CRITICAL
11505,1770751531.0972953,115,ALERT
11506,1770751531.1214979,112,ALERT
11507,1770751531.1441026,124,CRITICAL
11508,1770751531.1681607,126,CRITICAL
11509,1770751531.1902595,114,ALERT
11510,1770751531.2144756,124,CRITICAL
11511,1770751531.2391326,125,CRITICAL
11512,1770751531.2614706,111,ALERT
11513,1770751531.2861521,121,CRITICAL
11514,1770751531.309362,125,CRITICAL
11515,1770751531.339726,115,ALERT
11516,1770751531.3640885,111,ALERT
11517,1770751531.3893213,111,ALERT
11518,1770751531.4129028,123,CRITICAL
11519,1770751531.4366016,110,ALERT
11520,1770751531.461716,115,ALERT
11521,1770751531.4827964,118,ALERT
11522,1770751531.5055048,112,ALERT
11523,1770751531.5275216,120,ALERT
11524,1770751531.549434,124,CRITICAL
11525,1770751531.5735445,129,CRITICAL
11526,1770751531.6053672,123,CRITICAL
11527,1770751531.6297321,116,ALERT
11528,1770751531.646374,127,CRITICAL
11529,1770751531.6682296,127,CRITICAL
11530,1770751531.6894865,121,CRITICAL
11531,1770751531.7092407,116,ALERT
11532,1770751531.7334812,130,CRITICAL
11533,1770751531.756283,122,CRITICAL
11534,1770751531.777756,115,ALERT
11535,1770751531.80019,110,ALERT
11536,1770751531.8204184,116,ALERT
11537,1770751531.8435197,120,ALERT
11538,1770751531.8664417,123,CRITICAL
11539,1770751531.8902144,112,ALERT
11540,1770751531.9127603,113,ALERT
11541,1770751531.9346461,111,ALERT
11542,1770751531.9635508,125,CRITICAL
11543,1770751531.9887471,113,ALERT
11544,1770751532.0121076,124,CRITICAL
11545,1770751532.0353773,110,ALERT
11546,1770751532.0550368,111,ALERT
11547,1770751532.0756829,120,ALERT
11548,1770751532.098283,129,CRITICAL
11549,1770751532.1214933,110,ALERT
11550,1770751532.1441298,121,CRITICAL
11551,1770751532.165869,128,CRITICAL
11552,1770751532.1892693,112,ALERT
11553,1770751532.2104943,121,CRITICAL
11554,1770751532.233499,126,CRITICAL
11555,1770751532.254597,117,ALERT
11556,1770751532.2775075,124,CRITICAL
11557,1770751532.3076634,121,CRITICAL
11558,1770751532.3296688,123,CRITICAL
11559,1770751532.3538563,130,CRITICAL
11560,1770751532.3735201,119,ALERT
11561,1770751532.395874,112,ALERT
11562,1770751532.4147432,125,CRITICAL
11563,1770751532.4334853,110,ALERT
11564,1770751532.4533956,127,CRITICAL
11565,1770751532.4776661,115,ALERT
11566,1770751532.5014443,115,ALERT
11567,1770751532.528126,119,ALERT
11568,1770751532.5502236,118,ALERT
11569,1770751532.576011,121,CRITICAL
11570,1770751532.6008408,118,ALERT
11571,1770751532.6216435,119,ALERT
11572,1770751532.644067,127,CRITICAL
11573,1770751532.6675632,114,ALERT
11574,1770751532.690069,128,CRITICAL
11575,1770751532.7156649,116,ALERT
11576,1770751532.7371016,115,ALERT
11577,1770751532.7618427,112,ALERT
11578,1770751532.7852333,119,ALERT
11579,1770751532.8050692,123,CRITICAL
11580,1770751532.8273509,114,ALERT
11581,1770751532.8502178,123,CRITICAL
11582,1770751532.8723783,130,CRITICAL
11583,1770751532.893334,124,CRITICAL
11584,1770751532.917492,121,CRITICAL
11585,1770751532.9380274,126,CRITICAL
11586,1770751532.9609387,112,ALERT
11587,1770751532.9840906,118,ALERT
11588,1770751533.0022335,117,ALERT
11589,1770751533.026794,117,ALERT
11590,1770751533.048987,118,ALERT
11591,1770751533.072369,118,ALERT
11592,1770751533.1015065,110,ALERT
11593,1770751533.1258986,111,ALERT
11594,1770751533.1516988,120,ALERT
11595,1770751533.1764057,127,CRITICAL
11596,1770751533.1979527,116,ALERT
11597,1770751533.2200387,117,ALERT
11598,1770751533.243521,110,ALERT
11599,1770751533.2680676,130,CRITICAL
11600,1770751533.2923975,126,CRITICAL
11601,1770751533.3106086,115,ALERT
11602,1770751533.3335,125,CRITICAL
11603,1770751533.3575113,123,CRITICAL
11604,1770751533.3803856,110,ALERT
11605,1770751533.4076965,119,ALERT
11606,1770751533.4286168,112,ALERT
11607,1770751533.4491897,130,CRITICAL
11608,1770751533.470069,116,ALERT
11609,1770751533.4928653,118,ALERT
11610,1770751533.5167453,111,ALERT
11611,1770751533.541087,126,CRITICAL
11612,1770751533.563963,119,ALERT
11613,1770751533.5868526,127,CRITICAL
11614,1770751533.6038423,111,ALERT
11615,1770751533.6226368,124,CRITICAL
11616,1770751533.6477635,112,ALERT
11617,1770751533.6685803,127,CRITICAL
11618,1770751533.6895049,124,CRITICAL
11619,1770751533.7111416,120,ALERT
11620,1770751533.7320836,122,CRITICAL
11621,1770751533.754476,130,CRITICAL
11622,1770751533.778989,127,CRITICAL
11623,1770751533.8035083,119,ALERT
11624,1770751533.8260171,112,ALERT
11625,1770751533.8497481,121,CRITICAL
11626,1770751533.8720126,128,CRITICAL
11627,1770751533.8945196,122,CRITICAL
11628,1770751533.9174452,125,CRITICAL
11629,1770751533.9402533,127,CRITICAL
11630,1770751533.9641032,123,CRITICAL
11631,1770751533.98514,118,ALERT
11632,1770751534.0080137,70,NORMAL
11633,1770751534.0306027,86,NORMAL
11634,1770751534.0546331,65,NORMAL
11635,1770751534.0774992,86,NORMAL
11636,1770751534.1026218,81,NORMAL
11637,1770751534.1269631,67,NORMAL
11638,1770751534.1533473,70,NORMAL
11639,1770751534.177147,88,NORMAL
11640,1770751534.1988487,73,NORMAL
11641,1770751534.2245774,87,NORMAL
11642,1770751534.2499442,62,NORMAL
11643,1770751534.2741573,64,NORMAL
11644,1770751534.297503,65,NORMAL
11645,1770751534.3176382,63,NORMAL
11646,1770751534.3411465,80,NORMAL
11647,1770751534.3611114,84,NORMAL
11648,1770751534.3831131,90,NORMAL
11649,1770751534.4053063,80,NORMAL
11650,1770751534.4292781,81,NORMAL
11651,1770751534.450985,84,NORMAL
11652,1770751534.473588,62,NORMAL
11653,1770751534.4974732,72,NORMAL
11654,1770751534.5201726,74,NORMAL
11655,1770751534.54212,69,NORMAL
11656,1770751534.5678332,85,NORMAL
11657,1770751534.5925283,77,NORMAL
11658,1770751534.6158612,80,NORMAL
11659,1770751534.6367283,74,NORMAL
11660,1770751534.6614847,78,NORMAL
11661,1770751534.6790361,79,NORMAL
11662,1770751534.7008011,122,CRITICAL
11663,1770751534.720572,114,ALERT
11664,1770751534.7412174,126,CRITICAL
11665,1770751534.7656512,117,ALERT
11666,1770751534.790366,126,CRITICAL
11667,1770751534.8135428,120,ALERT
11668,1770751534.8384156,110,ALERT
11669,1770751534.864786,126,CRITICAL
11670,1770751534.8896227,110,ALERT
11671,1770751534.9135842,119,ALERT
11672,1770751534.936023,121,CRITICAL
11673,1770751534.959125,120,ALERT
11674,1770751534.9775977,128,CRITICAL
11675,1770751535.0014346,126,CRITICAL
11676,1770751535.021919,118,ALERT
11677,1770751535.0461473,128,CRITICAL
11678,1770751535.0710516,130,CRITICAL
11679,1770751535.094078,128,CRITICAL
11680,1770751535.1184075,120,ALERT
11681,1770751535.1360323,125,CRITICAL
11682,1770751535.15403,126,CRITICAL
11683,1770751535.1793652,114,ALERT
11684,1770751535.199747,119,ALERT
11685,1770751535.222439,120,ALERT
11686,1770751535.2431316,125,CRITICAL
11687,1770751535.263963,116,ALERT
11688,1770751535.2850578,116,ALERT
11689,1770751535.304402,126,CRITICAL
11690,1770751535.326454,114,ALERT
11691,1770751535.3494139,111,ALERT
11692,1770751535.374583,122,CRITICAL
11693,1770751535.3965027,117,ALERT
11694,1770751535.425089,126,CRITICAL
11695,1770751535.4501762,123,CRITICAL
11696,1770751535.4693565,126,CRITICAL
11697,1770751535.493288,121,CRITICAL
11698,1770751535.5134962,124,CRITICAL
11699,1770751535.5370407,111,ALERT
11700,1770751535.560799,110,ALERT
11701,1770751535.5844092,125,CRITICAL
11702,1770751535.6095314,110,ALERT
11703,1770751535.633612,113,ALERT
11704,1770751535.6533787,123,CRITICAL
11705,1770751535.6752863,122,CRITICAL
11706,1770751535.6998918,113,ALERT
11707,1770751535.723599,129,CRITICAL
11708,1770751535.7416565,119,ALERT
11709,1770751535.7665656,125,CRITICAL
11710,1770751535.7885778,118,ALERT
11711,1770751535.8155267,110,ALERT
11712,1770751535.8360734,110,ALERT
11713,1770751535.8532724,114,ALERT
11714,1770751535.8762977,111,ALERT
11715,1770751535.9027712,117,ALERT
11716,1770751535.9248834,114,ALERT
11717,1770751535.9477324,124,CRITICAL
11718,1770751535.9688344,119,ALERT
11719,1770751535.9913528,115,ALERT
11720,1770751536.013541,113,ALERT
11721,1770751536.0356972,114,ALERT
11722,1770751536.0563443,121,CRITICAL
11723,1770751536.0815873,124,CRITICAL
11724,1770751536.1003218,123,CRITICAL
11725,1770751536.1170592,127,CRITICAL
11726,1770751536.1381552,130,CRITICAL
11727,1770751536.1613324,129,CRITICAL
11728,1770751536.1890867,126,CRITICAL
11729,1770751536.209535,116,ALERT
11730,1770751536.232926,110,ALERT
11731,1770751536.2533991,111,ALERT
11732,1770751536.2753296,110,ALERT
11733,1770751536.300993,116,ALERT
11734,1770751536.325275,124,CRITICAL
11735,1770751536.349249,121,CRITICAL
11736,1770751536.3736465,128,CRITICAL
11737,1770751536.3921607,113,ALERT
11738,1770751536.4139028,122,CRITICAL
11739,1770751536.436206,111,ALERT
11740,1770751536.453577,110,ALERT
11741,1770751536.4764037,117,ALERT
11742,1770751536.496012,116,ALERT
11743,1770751536.5175915,121,CRITICAL
11744,1770751536.5416203,113,ALERT
11745,1770751536.565449,118,ALERT
11746,1770751536.58446,111,ALERT
11747,1770751536.6049838,114,ALERT
11748,1770751536.6268191,124,CRITICAL
11749,1770751536.6481955,125,CRITICAL
11750,1770751536.6706855,121,CRITICAL
11751,1770751536.6917531,120,ALERT
11752,1770751536.7203572,125,CRITICAL
11753,1770751536.742496,113,ALERT
11754,1770751536.7602081,113,ALERT
11755,1770751536.7814002,127,CRITICAL
11756,1770751536.8034277,118,ALERT
11757,1770751536.8294888,112,ALERT
11758,1770751536.8533845,113,ALERT
11759,1770751536.8751538,111,ALERT
11760,1770751536.8967113,120,ALERT
11761,1770751536.9156656,125,CRITICAL
11762,1770751536.9332166,118,ALERT
11763,1770751536.9540665,113,ALERT
11764,1770751536.9765923,128,CRITICAL
11765,1770751536.997281,118,ALERT
11766,1770751537.0180902,120,ALERT
11767,1770751537.0525794,129,CRITICAL
11768,1770751537.0739632,116,ALERT
11769,1770751537.0969539,123,CRITICAL
11770,1770751537.1166918,115,ALERT
11771,1770751537.1404479,114,ALERT
11772,1770751537.1615644,122,CRITICAL
11773,1770751537.1830385,128,CRITICAL
11774,1770751537.2034168,125,CRITICAL
11775,1770751537.232428,114,ALERT
11776,1770751537.252994,113,ALERT
11777,1770751537.2763689,124,CRITICAL
11778,1770751537.2998052,129,CRITICAL
11779,1770751537.3246255,121,CRITICAL
11780,1770751537.3487327,124,CRITICAL
11781,1770751537.36966,110,ALERT
11782,1770751537.3916535,117,ALERT
11783,1770751537.4140935,130,CRITICAL
11784,1770751537.439194,124,CRITICAL
11785,1770751537.4611678,117,ALERT
11786,1770751537.4857526,127,CRITICAL
11787,1770751537.5056314,121,CRITICAL
11788,1770751537.5255048,116,ALERT
11789,1770751537.545784,115,ALERT
11790,1770751537.5687952,121,CRITICAL
11791,1770751537.5925615,115,ALERT
11792,1770751537.6145294,113,ALERT
11793,1770751537.6334758,113,ALERT
11794,1770751537.6564598,123,CRITICAL
11795,1770751537.6786528,111,ALERT
11796,1770751537.7036543,110,ALERT
11797,1770751537.729159,116,ALERT
11798,1770751537.7495737,119,ALERT
11799,1770751537.7713656,117,ALERT
11800,1770751537.7923055,112,ALERT
11801,1770751537.816247,117,ALERT
11802,1770751537.8346372,112,ALERT
11803,1770751537.8603046,125,CRITICAL
11804,1770751537.88147,126,CRITICAL
11805,1770751537.9008965,121,CRITICAL
11806,1770751537.9291966,119,ALERT
11807,1770751537.954151,124,CRITICAL
11808,1770751537.9735637,116,ALERT
11809,1770751537.9992948,124,CRITICAL
11810,1770751538.017462,115,ALERT
11811,1770751538.0414019,110,ALERT
11812,1770751538.06543,125,CRITICAL
11813,1770751538.0844152,113,ALERT
11814,1770751538.10546,121,CRITICAL
11815,1770751538.125568,122,CRITICAL
11816,1770751538.1471105,110,ALERT
11817,1770751538.1722765,123,CRITICAL
11818,1770751538.1945405,127,CRITICAL
11819,1770751538.2176733,123,CRITICAL
11820,1770751538.2377658,129,CRITICAL
11821,1770751538.2580948,126,CRITICAL
11822,1770751538.2802024,111,ALERT
11823,1770751538.3048954,123,CRITICAL
11824,1770751538.3241427,113,ALERT
11825,1770751538.3471413,122,CRITICAL
11826,1770751538.3706715,114,ALERT
11827,1770751538.391483,110,ALERT
11828,1770751538.415408,129,CRITICAL
11829,1770751538.4375684,125,CRITICAL
11830,1770751538.4660106,124,CRITICAL
11831,1770751538.485232,129,CRITICAL
11832,1770751538.5093458,111,ALERT
11833,1770751538.5340793,125,CRITICAL
11834,1770751538.5568724,116,ALERT
11835,1770751538.5775316,120,ALERT
11836,1770751538.601489,110,ALERT
11837,1770751538.623012,117,ALERT
11838,1770751538.6475537,118,ALERT
11839,1770751538.6708937,115,ALERT
11840,1770751538.6945739,126,CRITICAL
11841,1770751538.7169762,129,CRITICAL
11842,1770751538.7392635,121,CRITICAL
11843,1770751538.76125,118,ALERT
11844,1770751538.7857628,111,ALERT
11845,1770751538.808469,113,ALERT
11846,1770751538.8323658,113,ALERT
11847,1770751538.853847,116,ALERT
11848,1770751538.8835812,128,CRITICAL
11849,1770751538.9041553,130,CRITICAL
11850,1770751538.9256873,110,ALERT
11851,1770751538.946624,112,ALERT
11852,1770751538.968108,128,CRITICAL
11853,1770751538.9917262,115,ALERT
11854,1770751539.0134895,121,CRITICAL
11855,1770751539.0317852,122,CRITICAL
11856,1770751539.0560172,129,CRITICAL
11857,1770751539.0733988,114,ALERT
11858,1770751539.0928278,129,CRITICAL
11859,1770751539.110208,114,ALERT
11860,1770751539.1312208,111,ALERT
11861,1770751539.1496391,122,CRITICAL
11862,1770751539.16875,116,ALERT
11863,1770751539.1913335,116,ALERT
11864,1770751539.2134743,117,ALERT
11865,1770751539.2354257,114,ALERT
11866,1770751539.2534757,124,CRITICAL
11867,1770751539.2715797,114,ALERT
11868,1770751539.2958531,126,CRITICAL
11869,1770751539.3205986,127,CRITICAL
11870,1770751539.3419645,116,ALERT
11871,1770751539.364547,119,ALERT
11872,1770751539.3886375,110,ALERT
11873,1770751539.4131513,121,CRITICAL
11874,1770751539.4374597,128,CRITICAL
11875,1770751539.4612155,129,CRITICAL
11876,1770751539.48445,129,CRITICAL
11877,1770751539.503865,113,ALERT
11878,1770751539.5260792,111,ALERT
11879,1770751539.5501444,121,CRITICAL
11880,1770751539.5706563,126,CRITICAL
11881,1770751539.5897293,115,ALERT
11882,1770751539.6099253,112,ALERT
11883,1770751539.6293743,114,ALERT
11884,1770751539.6549745,123,CRITICAL
11885,1770751539.6786222,118,ALERT
11886,1770751539.698746,117,ALERT
11887,1770751539.7185793,119,ALERT
11888,1770751539.7374513,60,NORMAL
11889,1770751539.7624483,77,NORMAL
11890,1770751539.7854347,80,NORMAL
11891,1770751539.8083713,74,NORMAL
11892,1770751539.8294952,69,NORMAL
11893,1770751539.8489609,77,NORMAL
11894,1770751539.870471,89,NORMAL
11895,1770751539.8934493,73,NORMAL
11896,1770751539.9115908,62,NORMAL
11897,1770751539.935689,87,NORMAL
11898,1770751539.959583,69,NORMAL
11899,1770751539.9843287,70,NORMAL
11900,1770751540.007613,63,NORMAL
11901,1770751540.0318944,80,NORMAL
11902,1770751540.0556335,74,NORMAL
11903,1770751540.0796254,80,NORMAL
11904,1770751540.1034746,60,NORMAL
11905,1770751540.1257067,63,NORMAL
11906,1770751540.1492314,79,NORMAL
11907,1770751540.168635,65,NORMAL
11908,1770751540.1884718,66,NORMAL
11909,1770751540.2126548,83,NORMAL
11910,1770751540.2330766,67,NORMAL
11911,1770751540.2532635,87,NORMAL
11912,1770751540.2757187,69,NORMAL
11913,1770751540.2992036,89,NORMAL
11914,1770751540.3178,76,NORMAL
11915,1770751540.340013,65,NORMAL
11916,1770751540.3600373,80,NORMAL
11917,1770751540.3810472,65,NORMAL
11918,1770751540.4039376,84,NORMAL
11919,1770751540.4227777,88,NORMAL
11920,1770751540.446147,110,ALERT
11921,1770751540.471547,121,CRITICAL
11922,1770751540.4953926,116,ALERT
11923,1770751540.515281,128,CRITICAL
11924,1770751540.5374858,120,ALERT
11925,1770751540.5615115,111,ALERT
11926,1770751540.5836291,123,CRITICAL
11927,1770751540.607281,118,ALERT
11928,1770751540.6322312,111,ALERT
11929,1770751540.6550663,110,ALERT
11930,1770751540.6779914,126,CRITICAL
11931,1770751540.6972456,124,CRITICAL
11932,1770751540.7198575,120,ALERT
11933,1770751540.7422972,118,ALERT
11934,1770751540.767471,121,CRITICAL
11935,1770751540.7907,122,CRITICAL
11936,1770751540.8134882,128,CRITICAL
11937,1770751540.8411658,130,CRITICAL
11938,1770751540.8620236,128,CRITICAL
11939,1770751540.8864138,123,CRITICAL
11940,1770751540.9157386,117,ALERT
11941,1770751540.9379306,115,ALERT
11942,1770751540.9563527,117,ALERT
11943,1770751540.977324,120,ALERT
11944,1770751540.9941256,126,CRITICAL
11945,1770751541.0190067,123,CRITICAL
11946,1770751541.0422192,120,ALERT
11947,1770751541.0674381,112,ALERT
11948,1770751541.0905988,119,ALERT
11949,1770751541.1136312,128,CRITICAL
11950,1770751541.1333935,111,ALERT
11951,1770751541.1540003,121,CRITICAL
11952,1770751541.1755188,128,CRITICAL
11953,1770751541.1988392,116,ALERT
11954,1770751541.221393,116,ALERT
11955,1770751541.243808,126,CRITICAL
11956,1770751541.2634945,115,ALERT
11957,1770751541.281914,128,CRITICAL
11958,1770751541.3023853,125,CRITICAL
11959,1770751541.3222978,113,ALERT
11960,1770751541.341144,120,ALERT
11961,1770751541.362879,121,CRITICAL
11962,1770751541.3869252,126,CRITICAL
11963,1770751541.4106216,117,ALERT
11964,1770751541.4340255,113,ALERT
11965,1770751541.4591455,116,ALERT
11966,1770751541.4820518,120,ALERT
11967,1770751541.503967,112,ALERT
11968,1770751541.51851,129,CRITICAL
11969,1770751541.534396,120,ALERT
11970,1770751541.5561955,125,CRITICAL
11971,1770751541.5770288,116,ALERT
11972,1770751541.601628,128,CRITICAL
11973,1770751541.6214983,111,ALERT
11974,1770751541.6399105,123,CRITICAL
11975,1770751541.659331,121,CRITICAL
11976,1770751541.680385,127,CRITICAL
11977,1770751541.7048202,125,CRITICAL
11978,1770751541.7309015,119,ALERT
11979,1770751541.7568026,112,ALERT
11980,1770751541.7800493,127,CRITICAL
11981,1770751541.8016217,113,ALERT
11982,1770751541.8215046,120,ALERT
11983,1770751541.8398724,120,ALERT
11984,1770751541.8615787,128,CRITICAL
11985,1770751541.8849127,121,CRITICAL
11986,1770751541.9069965,122,CRITICAL
11987,1770751541.929409,118,ALERT
11988,1770751541.9541397,126,CRITICAL
11989,1770751541.9771523,130,CRITICAL
11990,1770751541.9967995,124,CRITICAL
11991,1770751542.0189905,124,CRITICAL
11992,1770751542.0415318,111,ALERT
11993,1770751542.0604167,113,ALERT
11994,1770751542.078646,122,CRITICAL
11995,1770751542.1017983,125,CRITICAL
11996,1770751542.1228056,112,ALERT
11997,1770751542.1422243,119,ALERT
11998,1770751542.1614196,110,ALERT
11999,1770751542.1798947,127,CRITICAL
12000,1770751542.1992712,115,ALERT
12001,1770751542.2193658,110,ALERT
12002,1770751542.2416215,124,CRITICAL
12003,1770751542.2627122,124,CRITICAL
12004,1770751542.2848802,130,CRITICAL
12005,1770751542.3077672,120,ALERT
12006,1770751542.3291354,114,ALERT
12007,1770751542.3507898,110,ALERT
12008,1770751542.3731441,129,CRITICAL
12009,1770751542.397429,120,ALERT
12010,1770751542.428273,115,ALERT
12011,1770751542.4533691,118,ALERT
12012,1770751542.4716778,111,ALERT
12013,1770751542.5077996,111,ALERT
12014,1770751542.544671,130,CRITICAL
12015,1770751542.5679395,115,ALERT
12016,1770751542.585898,112,ALERT
12017,1770751542.6063092,122,CRITICAL
12018,1770751542.6287632,111,ALERT
12019,1770751542.6516824,120,ALERT
12020,1770751542.6724205,129,CRITICAL
12021,1770751542.7014585,128,CRITICAL
12022,1770751542.721433,128,CRITICAL
12023,1770751542.7450655,110,ALERT
12024,1770751542.7694962,128,CRITICAL
12025,1770751542.789403,126,CRITICAL
12026,1770751542.8163407,120,ALERT
12027,1770751542.8328567,125,CRITICAL
12028,1770751542.8512793,130,CRITICAL
12029,1770751542.8763955,120,ALERT
12030,1770751542.896453,127,CRITICAL
12031,1770751542.917536,113,ALERT
12032,1770751542.940437,120,ALERT
12033,1770751542.9628649,124,CRITICAL
12034,1770751542.9862943,119,ALERT
12035,1770751543.00951,112,ALERT
12036,1770751543.034517,118,ALERT
12037,1770751543.058769,115,ALERT
12038,1770751543.0810347,118,ALERT
12039,1770751543.1037824,123,CRITICAL
12040,1770751543.128044,119,ALERT
12041,1770751543.1495214,118,ALERT
12042,1770751543.1726842,117,ALERT
12043,1770751543.19346,110,ALERT
12044,1770751543.2175853,115,ALERT
12045,1770751543.2450893,113,ALERT
12046,1770751543.2668965,129,CRITICAL
12047,1770751543.2915947,112,ALERT
12048,1770751543.3108108,113,ALERT
12049,1770751543.334657,119,ALERT
12050,1770751543.3571632,112,ALERT
12051,1770751543.3792932,125,CRITICAL
12052,1770751543.4034057,121,CRITICAL
12053,1770751543.4253912,114,ALERT
12054,1770751543.4454787,122,CRITICAL
12055,1770751543.4689355,127,CRITICAL
12056,1770751543.4928586,130,CRITICAL
12057,1770751543.515562,128,CRITICAL
12058,1770751543.5387297,118,ALERT
12059,1770751543.5665057,121,CRITICAL
12060,1770751543.5892255,129,CRITICAL
12061,1770751543.6081347,117,ALERT
12062,1770751543.630032,115,ALERT
12063,1770751543.6502163,110,ALERT
12064,1770751543.6795523,128,CRITICAL
12065,1770751543.7000427,115,ALERT
12066,1770751543.721504,129,CRITICAL
12067,1770751543.7407084,130,CRITICAL
12068,1770751543.7639718,116,ALERT
12069,1770751543.7880402,113,ALERT
12070,1770751543.8122387,114,ALERT
12071,1770751543.8374028,111,ALERT
12072,1770751543.8611634,120,ALERT
12073,1770751543.8789196,121,CRITICAL
12074,1770751543.9087706,122,CRITICAL
12075,1770751543.9365568,122,CRITICAL
12076,1770751543.9554875,117,ALERT
12077,1770751543.9820714,120,ALERT
12078,1770751544.0114138,123,CRITICAL
12079,1770751544.036586,126,CRITICAL
12080,1770751544.061968,120,ALERT
12081,1770751544.0816903,115,ALERT
12082,1770751544.1066587,129,CRITICAL
12083,1770751544.1307702,122,CRITICAL
12084,1770751544.1605246,119,ALERT
12085,1770751544.1814413,114,ALERT
12086,1770751544.2008195,123,CRITICAL
12087,1770751544.2207427,122,CRITICAL
12088,1770751544.2440891,126,CRITICAL
12089,1770751544.268289,122,CRITICAL
12090,1770751544.2894018,120,ALERT
12091,1770751544.3121057,116,ALERT
12092,1770751544.3347466,126,CRITICAL
12093,1770751544.3565695,117,ALERT
12094,1770751544.378109,116,ALERT
12095,1770751544.4031138,130,CRITICAL
12096,1770751544.4250932,119,ALERT
12097,1770751544.4472225,127,CRITICAL
12098,1770751544.4693322,126,CRITICAL
12099,1770751544.490913,128,CRITICAL
12100,1770751544.5153556,123,CRITICAL
12101,1770751544.5303233,112,ALERT
12102,1770751544.551376,129,CRITICAL
12103,1770751544.5668297,129,CRITICAL
12104,1770751544.5827136,130,CRITICAL
12105,1770751544.6037343,122,CRITICAL
12106,1770751544.624365,118,ALERT
12107,1770751544.6427813,130,CRITICAL
12108,1770751544.6720357,124,CRITICAL
12109,1770751544.6921866,111,ALERT
12110,1770751544.713636,112,ALERT
12111,1770751544.733501,119,ALERT
12112,1770751544.758353,122,CRITICAL
12113,1770751544.7818165,120,ALERT
12114,1770751544.805645,119,ALERT
12115,1770751544.824365,124,CRITICAL
12116,1770751544.8471515,122,CRITICAL
12117,1770751544.8708615,126,CRITICAL
12118,1770751544.895348,128,CRITICAL
12119,1770751544.9194746,121,CRITICAL
12120,1770751544.941606,130,CRITICAL
12121,1770751544.9661968,120,ALERT
12122,1770751544.991489,123,CRITICAL
12123,1770751545.0115452,113,ALERT
12124,1770751545.036851,122,CRITICAL
12125,1770751545.0566792,123,CRITICAL
12126,1770751545.0820422,113,ALERT
12127,1770751545.102676,125,CRITICAL
12128,1770751545.125646,130,CRITICAL
12129,1770751545.1491816,119,ALERT
12130,1770751545.1749728,119,ALERT
12131,1770751545.1970425,122,CRITICAL
12132,1770751545.2206624,121,CRITICAL
12133,1770751545.2448974,130,CRITICAL
12134,1770751545.2707753,112,ALERT
12135,1770751545.292128,112,ALERT
12136,1770751545.3113143,111,ALERT
12137,1770751545.3294759,121,CRITICAL
12138,1770751545.3535001,127,CRITICAL
12139,1770751545.3773334,117,ALERT
12140,1770751545.4003992,120,ALERT
12141,1770751545.424434,112,ALERT
12142,1770751545.4494734,128,CRITICAL
12143,1770751545.4694846,71,NORMAL
12144,1770751545.4928691,79,NORMAL
12145,1770751545.5183709,122,CRITICAL
12146,1770751545.5402625,129,CRITICAL
12147,1770751545.5633483,122,CRITICAL
12148,1770751545.585213,115,ALERT
12149,1770751545.6053631,110,ALERT
12150,1770751545.6218128,130,CRITICAL
12151,1770751545.6454866,110,ALERT
12152,1770751545.6673286,122,CRITICAL
12153,1770751545.6862755,130,CRITICAL
12154,1770751545.7057676,126,CRITICAL
12155,1770751545.7277308,110,ALERT
12156,1770751545.7505717,124,CRITICAL
12157,1770751545.770422,114,ALERT
12158,1770751545.793227,124,CRITICAL
12159,1770751545.8164992,128,CRITICAL
12160,1770751545.835324,112,ALERT
12161,1770751545.8568335,117,ALERT
12162,1770751545.8760328,119,ALERT
12163,1770751545.9004123,120,ALERT
12164,1770751545.919324,110,ALERT
12165,1770751545.9404511,113,ALERT
12166,1770751545.9680128,128,CRITICAL
12167,1770751545.9917004,123,CRITICAL
12168,1770751546.0135524,118,ALERT
12169,1770751546.034035,119,ALERT
12170,1770751546.0565534,127,CRITICAL
12171,1770751546.0778112,122,CRITICAL
12172,1770751546.1047897,125,CRITICAL
12173,1770751546.1247807,128,CRITICAL
12174,1770751546.14393,125,CRITICAL
12175,1770751546.1659594,128,CRITICAL
12176,1770751546.1901383,117,ALERT
12177,1770751546.2174034,118,ALERT
12178,1770751546.2404482,112,ALERT
12179,1770751546.2616417,122,CRITICAL
12180,1770751546.2873137,121,CRITICAL
12181,1770751546.316331,123,CRITICAL
12182,1770751546.3366892,123,CRITICAL
12183,1770751546.357457,119,ALERT
12184,1770751546.3786788,110,ALERT
12185,1770751546.4019952,119,ALERT
12186,1770751546.4260368,125,CRITICAL
12187,1770751546.4495246,115,ALERT
12188,1770751546.4719403,110,ALERT
12189,1770751546.4945867,119,ALERT
12190,1770751546.517233,126,CRITICAL
12191,1770751546.5399494,110,ALERT
12192,1770751546.5632977,114,ALERT
12193,1770751546.5875344,114,ALERT
12194,1770751546.6108737,121,CRITICAL
12195,1770751546.6350772,116,ALERT
12196,1770751546.6596313,115,ALERT
12197,1770751546.677248,112,ALERT
12198,1770751546.6999729,115,ALERT
12199,1770751546.7198496,125,CRITICAL
12200,1770751546.7385075,110,ALERT
12201,1770751546.759184,130,CRITICAL
12202,1770751546.7798445,120,ALERT
12203,1770751546.8000062,123,CRITICAL
12204,1770751546.8214965,115,ALERT
12205,1770751546.8448906,117,ALERT
12206,1770751546.8697844,116,ALERT
12207,1770751546.8931549,122,CRITICAL
12208,1770751546.915228,127,CRITICAL
12209,1770751546.942924,119,ALERT
12210,1770751546.9571862,130,CRITICAL
12211,1770751546.9742405,124,CRITICAL
12212,1770751546.9955955,121,CRITICAL
12213,1770751547.016678,125,CRITICAL
12214,1770751547.0445762,127,CRITICAL
12215,1770751547.0707958,112,ALERT
12216,1770751547.0935998,119,ALERT
12217,1770751547.1176023,119,ALERT
12218,1770751547.1384325,129,CRITICAL
12219,1770751547.1592283,119,ALERT
12220,1770751547.1874292,130,CRITICAL
12221,1770751547.213487,117,ALERT
12222,1770751547.2400334,110,ALERT
12223,1770751547.2606199,122,CRITICAL
12224,1770751547.2802868,127,CRITICAL
12225,1770751547.3033357,110,ALERT
12226,1770751547.3239143,121,CRITICAL
12227,1770751547.3479354,117,ALERT
12228,1770751547.3706899,124,CRITICAL
12229,1770751547.390565,115,ALERT
12230,1770751547.4123003,114,ALERT
12231,1770751547.436665,122,CRITICAL
12232,1770751547.4586346,127,CRITICAL
12233,1770751547.47981,122,CRITICAL
12234,1770751547.5025578,129,CRITICAL
12235,1770751547.526852,114,ALERT
12236,1770751547.5484436,124,CRITICAL
12237,1770751547.5709276,128,CRITICAL
12238,1770751547.5934267,129,CRITICAL
12239,1770751547.6117136,110,ALERT
12240,1770751547.634026,119,ALERT
12241,1770751547.657673,116,ALERT
12242,1770751547.6798818,119,ALERT
12243,1770751545.221348,127,CRITICAL
12244,1770751545.2460454,130,CRITICAL
12245,1770751545.2712824,111,ALERT
12246,1770751545.2938418,111,ALERT
12247,1770751545.3146884,113,ALERT
12248,1770751545.3373256,118,ALERT
12249,1770751545.3617158,126,CRITICAL
12250,1770751545.3804631,110,ALERT
12251,1770751545.3988883,127,CRITICAL
12252,1770751545.4202673,129,CRITICAL
12253,1770751545.4452982,117,ALERT
12254,1770751545.4681034,129,CRITICAL
12255,1770751545.4918313,130,CRITICAL
12256,1770751545.5148673,122,CRITICAL
12257,1770751545.5428262,126,CRITICAL
12258,1770751545.564286,123,CRITICAL
12259,1770751545.5852203,120,ALERT
12260,1770751545.6067758,129,CRITICAL
12261,1770751545.630784,115,ALERT
12262,1770751545.6533165,116,ALERT
12263,1770751545.6786294,117,ALERT
12264,1770751545.7027664,123,CRITICAL
12265,1770751545.7254689,118,ALERT
12266,1770751545.7491677,121,CRITICAL
12267,1770751545.7734907,121,CRITICAL
12268,1770751545.8001525,113,ALERT
12269,1770751545.8257015,118,ALERT
12270,1770751545.849383,118,ALERT
12271,1770751545.8891313,128,CRITICAL
12272,1770751545.9164667,123,CRITICAL
12273,1770751545.9375088,116,ALERT
12274,1770751545.9657364,125,CRITICAL
12275,1770751545.9857113,122,CRITICAL
12276,1770751546.0085108,129,CRITICAL
12277,1770751546.0305784,110,ALERT
12278,1770751546.0536222,121,CRITICAL
12279,1770751546.0739899,110,ALERT
12280,1770751546.0945966,121,CRITICAL
12281,1770751546.1184604,114,ALERT
12282,1770751546.1436062,111,ALERT
12283,1770751546.1666603,114,ALERT
12284,1770751546.19066,120,ALERT
12285,1770751546.215816,122,CRITICAL
12286,1770751546.2400322,124,CRITICAL
12287,1770751546.2627113,128,CRITICAL
12288,1770751546.2864783,114,ALERT
12289,1770751546.3106744,120,ALERT
12290,1770751546.3345664,120,ALERT
12291,1770751546.3548293,113,ALERT
12292,1770751546.3735406,116,ALERT
12293,1770751546.3919795,128,CRITICAL
12294,1770751546.4133995,119,ALERT
12295,1770751546.4376717,120,ALERT
12296,1770751546.4625995,120,ALERT
12297,1770751546.4854603,115,ALERT
12298,1770751546.5048006,129,CRITICAL
12299,1770751546.5265749,118,ALERT
12300,1770751546.5465894,111,ALERT
12301,1770751546.5660043,111,ALERT
12302,1770751546.5827792,111,ALERT
12303,1770751546.6088004,110,ALERT
12304,1770751546.6302495,128,CRITICAL
12305,1770751546.654646,117,ALERT
12306,1770751546.674169,125,CRITICAL
12307,1770751546.6954975,129,CRITICAL
12308,1770751546.7167537,122,CRITICAL
12309,1770751546.7386777,121,CRITICAL
12310,1770751546.757794,126,CRITICAL
12311,1770751546.776643,125,CRITICAL
12312,1770751546.800537,130,CRITICAL
12313,1770751546.8223016,110,ALERT
12314,1770751546.8428152,130,CRITICAL
12315,1770751546.8637304,125,CRITICAL
12316,1770751546.8852165,129,CRITICAL
12317,1770751546.9067285,117,ALERT
12318,1770751546.9307466,115,ALERT
12319,1770751546.9512043,111,ALERT
12320,1770751546.9713151,128,CRITICAL
12321,1770751546.994711,129,CRITICAL
12322,1770751547.0187886,114,ALERT
12323,1770751547.0414941,129,CRITICAL
12324,1770751547.0650125,125,CRITICAL
12325,1770751547.0879292,112,ALERT
12326,1770751547.1085618,121,CRITICAL
12327,1770751547.1321163,116,ALERT
12328,1770751547.1540625,122,CRITICAL
12329,1770751547.1759315,126,CRITICAL
12330,1770751547.1971047,126,CRITICAL
12331,1770751547.2197216,124,CRITICAL
12332,1770751547.2427883,116,ALERT
12333,1770751547.261406,122,CRITICAL
12334,1770751547.283728,128,CRITICAL
12335,1770751547.3048923,114,ALERT
12336,1770751547.3235114,119,ALERT
12337,1770751547.3464808,121,CRITICAL
12338,1770751547.3706598,124,CRITICAL
12339,1770751547.3947647,125,CRITICAL
12340,1770751547.4189608,122,CRITICAL
12341,1770751547.4426754,116,ALERT
12342,1770751547.462666,125,CRITICAL
12343,1770751547.4842563,122,CRITICAL
12344,1770751547.5094862,111,ALERT
12345,1770751547.5295799,110,ALERT
12346,1770751547.5468323,124,CRITICAL
12347,1770751547.569158,126,CRITICAL
12348,1770751547.5881894,127,CRITICAL
12349,1770751547.609322,111,ALERT
12350,1770751547.6318793,120,ALERT
12351,1770751547.6497462,110,ALERT
12352,1770751547.6712363,119,ALERT
12353,1770751547.6958792,112,ALERT
12354,1770751547.7131753,120,ALERT
12355,1770751547.738421,110,ALERT
12356,1770751547.7550666,114,ALERT
12357,1770751547.77858,111,ALERT
12358,1770751547.79915,122,CRITICAL
12359,1770751547.8212209,128,CRITICAL
12360,1770751547.8451264,127,CRITICAL
12361,1770751547.867984,127,CRITICAL
12362,1770751547.8877482,121,CRITICAL
12363,1770751547.9127498,111,ALERT
12364,1770751547.9359698,129,CRITICAL
12365,1770751547.9603686,111,ALERT
12366,1770751547.9827962,129,CRITICAL
12367,1770751548.0067732,125,CRITICAL
12368,1770751548.0313835,118,ALERT
12369,1770751548.0531044,111,ALERT
12370,1770751548.0758421,113,ALERT
12371,1770751548.0932355,111,ALERT
12372,1770751548.1108198,128,CRITICAL
12373,1770751548.133422,124,CRITICAL
12374,1770751548.1583152,124,CRITICAL
12375,1770751548.1786711,118,ALERT
12376,1770751548.2140567,128,CRITICAL
12377,1770751548.236344,113,ALERT
12378,1770751548.2611876,129,CRITICAL
12379,1770751548.2806873,117,ALERT
12380,1770751548.2985826,126,CRITICAL
12381,1770751548.318634,114,ALERT
12382,1770751548.3399897,121,CRITICAL
12383,1770751548.3603854,118,ALERT
12384,1770751548.382708,127,CRITICAL
12385,1770751548.4026184,127,CRITICAL
12386,1770751548.4252417,129,CRITICAL
12387,1770751548.4428287,130,CRITICAL
12388,1770751548.4668262,112,ALERT
12389,1770751548.4905934,112,ALERT
12390,1770751548.5134711,124,CRITICAL
12391,1770751548.536118,115,ALERT
12392,1770751548.557676,120,ALERT
12393,1770751548.5760844,127,CRITICAL
12394,1770751548.601446,126,CRITICAL
12395,1770751548.623851,128,CRITICAL
12396,1770751548.646651,119,ALERT
12397,1770751548.668329,116,ALERT
12398,1770751548.688798,114,ALERT
12399,1770751548.7105854,129,CRITICAL
12400,1770751548.7331743,114,ALERT
12401,1770751548.7553084,115,ALERT
12402,1770751548.7791243,128,CRITICAL
12403,1770751548.800314,129,CRITICAL
12404,1770751548.8226883,118,ALERT
12405,1770751548.8445697,114,ALERT
12406,1770751548.8645844,113,ALERT
12407,1770751548.8874526,119,ALERT
12408,1770751548.9107215,117,ALERT
12409,1770751548.9306343,127,CRITICAL
12410,1770751548.9523828,125,CRITICAL
12411,1770751548.9770572,116,ALERT
12412,1770751548.996497,121,CRITICAL
12413,1770751549.0190895,118,ALERT
12414,1770751549.0428953,130,CRITICAL
12415,1770751549.0738103,112,ALERT
12416,1770751549.0952537,110,ALERT
12417,1770751549.1218815,122,CRITICAL
12418,1770751549.149312,116,ALERT
12419,1770751549.1683075,118,ALERT
12420,1770751549.1909804,124,CRITICAL
12421,1770751549.2144668,113,ALERT
12422,1770751549.237155,110,ALERT
12423,1770751549.2619753,115,ALERT
12424,1770751549.2849886,120,ALERT
12425,1770751549.3060753,128,CRITICAL
12426,1770751549.327553,112,ALERT
12427,1770751549.349317,126,CRITICAL
12428,1770751549.3723722,123,CRITICAL
12429,1770751549.3916612,117,ALERT
12430,1770751549.414779,116,ALERT
12431,1770751549.4345508,111,ALERT
12432,1770751549.453443,122,CRITICAL
12433,1770751549.473816,122,CRITICAL
12434,1770751549.49453,115,ALERT
12435,1770751549.516747,117,ALERT
12436,1770751549.5385787,118,ALERT
12437,1770751549.5571957,129,CRITICAL
12438,1770751549.581096,112,ALERT
12439,1770751549.6026988,111,ALERT
12440,1770751549.6205947,119,ALERT
12441,1770751549.6440294,129,CRITICAL
12442,1770751549.6625369,117,ALERT
12443,1770751549.6826913,126,CRITICAL
12444,1770751549.704029,115,ALERT
12445,1770751549.7267811,113,ALERT
12446,1770751549.7475822,129,CRITICAL
12447,1770751549.7731814,117,ALERT
12448,1770751549.8026657,129,CRITICAL
12449,1770751549.8259175,119,ALERT
12450,1770751549.8466961,113,ALERT
12451,1770751549.866692,122,CRITICAL
12452,1770751549.8818152,115,ALERT
12453,1770751549.9020414,124,CRITICAL
12454,1770751549.9260883,130,CRITICAL
12455,1770751549.9470553,119,ALERT
12456,1770751549.9704573,110,ALERT
12457,1770751549.9894583,128,CRITICAL
12458,1770751550.0100021,120,ALERT
12459,1770751550.0337903,130,CRITICAL
12460,1770751550.0587282,129,CRITICAL
12461,1770751550.0794594,129,CRITICAL
12462,1770751550.102301,123,CRITICAL
12463,1770751550.128123,116,ALERT
12464,1770751550.1515088,123,CRITICAL
12465,1770751550.177356,127,CRITICAL
12466,1770751550.1989105,123,CRITICAL
12467,1770751550.222993,117,ALERT
12468,1770751550.2423003,117,ALERT
12469,1770751550.2634692,126,CRITICAL
12470,1770751550.2862608,121,CRITICAL
12471,1770751550.3104558,128,CRITICAL
12472,1770751550.3328831,117,ALERT
12473,1770751550.3579993,117,ALERT
12474,1770751550.3800108,116,ALERT
12475,1770751550.4043343,128,CRITICAL
12476,1770751550.4271123,115,ALERT
12477,1770751550.4442475,130,CRITICAL
12478,1770751550.469106,126,CRITICAL
12479,1770751550.489319,115,ALERT
12480,1770751550.5131195,128,CRITICAL
12481,1770751550.5313995,112,ALERT
12482,1770751550.5529404,61,NORMAL
12483,1770751550.5750773,112,ALERT
12484,1770751550.5928533,120,ALERT
12485,1770751550.6155543,123,CRITICAL
12486,1770751550.6381323,117,ALERT
12487,1770751550.6579518,112,ALERT
12488,1770751550.6795044,120,ALERT
12489,1770751550.7044237,120,ALERT
12490,1770751550.7283134,128,CRITICAL
12491,1770751550.7538645,111,ALERT
12492,1770751550.7774181,121,CRITICAL
12493,1770751550.8006756,117,ALERT
12494,1770751550.8260229,122,CRITICAL
12495,1770751550.8502154,126,CRITICAL
12496,1770751550.8746984,123,CRITICAL
12497,1770751550.8980408,128,CRITICAL
12498,1770751550.9205916,113,ALERT
12499,1770751550.9440963,113,ALERT
12500,1770751550.968984,114,ALERT
12501,1770751550.9929082,130,CRITICAL
12502,1770751551.0146985,120,ALERT
12503,1770751551.0358324,111,ALERT
12504,1770751551.0596762,113,ALERT
12505,1770751551.0841417,127,CRITICAL
12506,1770751551.1026204,116,ALERT
12507,1770751551.1211116,110,ALERT
12508,1770751551.1473858,129,CRITICAL
12509,1770751551.1695929,127,CRITICAL
12510,1770751551.18876,121,CRITICAL
12511,1770751551.2115133,127,CRITICAL
12512,1770751551.2335289,114,ALERT
12513,1770751551.2644074,116,ALERT
12514,1770751551.2854238,124,CRITICAL
12515,1770751551.3100584,121,CRITICAL
12516,1770751551.3307512,112,ALERT
12517,1770751551.356637,114,ALERT
12518,1770751551.3793616,121,CRITICAL
12519,1770751551.4026616,117,ALERT
12520,1770751551.4261756,119,ALERT
12521,1770751551.450793,117,ALERT
12522,1770751551.4748702,112,ALERT
12523,1770751551.4995542,123,CRITICAL
12524,1770751551.5212264,119,ALERT
12525,1770751551.5437815,112,ALERT
12526,1770751551.5670836,118,ALERT
12527,1770751551.593021,130,CRITICAL
12528,1770751551.6191614,112,ALERT
12529,1770751551.6444826,111,ALERT
12530,1770751551.6672087,110,ALERT
12531,1770751551.6897187,117,ALERT
12532,1770751551.709376,114,ALERT
12533,1770751551.7334306,124,CRITICAL
12534,1770751551.7566578,115,ALERT
12535,1770751551.778608,124,CRITICAL
12536,1770751551.7999005,110,ALERT
12537,1770751551.8205369,111,ALERT
12538,1770751551.8442059,110,ALERT
12539,1770751551.8685448,128,CRITICAL
12540,1770751551.894149,129,CRITICAL
12541,1770751551.9156308,118,ALERT
12542,1770751551.9397714,126,CRITICAL
12543,1770751551.9629965,124,CRITICAL
12544,1770751551.9873984,119,ALERT
12545,1770751552.007587,111,ALERT
12546,1770751552.0298355,110,ALERT
12547,1770751552.0506098,116,ALERT
12548,1770751552.0679638,111,ALERT
12549,1770751552.0866728,120,ALERT
12550,1770751552.1049118,128,CRITICAL
12551,1770751552.126691,126,CRITICAL
12552,1770751552.1541753,111,ALERT
12553,1770751552.1794572,117,ALERT
12554,1770751552.2026606,130,CRITICAL
12555,1770751552.225367,127,CRITICAL
12556,1770751552.2455544,125,CRITICAL
12557,1770751552.266308,123,CRITICAL
12558,1770751552.2883708,115,ALERT
12559,1770751552.3113854,120,ALERT
12560,1770751552.3312848,120,ALERT
12561,1770751552.358586,127,CRITICAL
12562,1770751552.3817446,128,CRITICAL
12563,1770751552.4026287,129,CRITICAL
12564,1770751552.4276278,117,ALERT
12565,1770751552.4535484,125,CRITICAL
12566,1770751552.4737582,110,ALERT
12567,1770751552.4955473,116,ALERT
12568,1770751552.5181224,119,ALERT
12569,1770751552.5427423,119,ALERT
12570,1770751552.5635765,126,CRITICAL
12571,1770751552.5831487,121,CRITICAL
12572,1770751552.6066468,126,CRITICAL
12573,1770751552.63054,128,CRITICAL
12574,1770751552.6543117,116,ALERT
12575,1770751552.6768122,121,CRITICAL
12576,1770751552.7005177,125,CRITICAL
12577,1770751552.7258523,122,CRITICAL
12578,1770751552.7452958,115,ALERT
12579,1770751552.767083,121,CRITICAL
12580,1770751552.7888858,112,ALERT
12581,1770751552.813368,116,ALERT
12582,1770751552.836194,129,CRITICAL
12583,1770751552.8578475,121,CRITICAL
12584,1770751552.8745737,125,CRITICAL
12585,1770751552.8963737,113,ALERT
12586,1770751552.9157941,117,ALERT
12587,1770751552.9395154,128,CRITICAL
12588,1770751552.9626694,124,CRITICAL
12589,1770751552.9851663,122,CRITICAL
12590,1770751553.001606,130,CRITICAL
12591,1770751553.0194526,112,ALERT
12592,1770751553.0388827,123,CRITICAL
12593,1770751553.0613296,120,ALERT
12594,1770751553.0808053,112,ALERT
12595,1770751553.102721,127,CRITICAL
12596,1770751553.1250305,118,ALERT
12597,1770751553.1468787,127,CRITICAL
12598,1770751553.1695092,125,CRITICAL
12599,1770751553.1921067,125,CRITICAL
12600,1770751553.2161803,121,CRITICAL
12601,1770751553.235899,124,CRITICAL
12602,1770751553.2592034,123,CRITICAL
12603,1770751553.2855499,123,CRITICAL
12604,1770751553.3120518,126,CRITICAL
12605,1770751553.3372505,125,CRITICAL
12606,1770751553.359468,122,CRITICAL
12607,1770751553.3835206,111,ALERT
12608,1770751553.409139,119,ALERT
12609,1770751553.4265127,113,ALERT
12610,1770751553.4498706,115,ALERT
12611,1770751553.4698102,111,ALERT
12612,1770751553.4926214,122,CRITICAL
12613,1770751553.5167449,128,CRITICAL
12614,1770751553.538975,126,CRITICAL
12615,1770751553.560776,127,CRITICAL
12616,1770751553.5815012,119,ALERT
12617,1770751553.60187,127,CRITICAL
12618,1770751553.625598,116,ALERT
12619,1770751553.6483514,119,ALERT
12620,1770751553.6719265,110,ALERT
12621,1770751553.6945746,124,CRITICAL
12622,1770751553.7145376,111,ALERT
12623,1770751553.7339258,111,ALERT
12624,1770751553.75609,122,CRITICAL
12625,1770751553.7753642,124,CRITICAL
12626,1770751553.7992454,112,ALERT
12627,1770751553.825459,113,ALERT
12628,1770751553.847583,121,CRITICAL
12629,1770751553.8676465,115,ALERT
12630,1770751553.8906803,121,CRITICAL
12631,1770751553.9131296,114,ALERT
12632,1770751553.9373946,115,ALERT
12633,1770751553.9563842,112,ALERT
12634,1770751553.9762635,115,ALERT
12635,1770751553.998728,115,ALERT
12636,1770751554.022142,121,CRITICAL
12637,1770751554.0411258,113,ALERT
12638,1770751554.0622075,116,ALERT
12639,1770751554.0839248,110,ALERT
12640,1770751554.106887,117,ALERT
12641,1770751554.1300292,122,CRITICAL
12642,1770751554.1489146,125,CRITICAL
12643,1770751554.1735363,123,CRITICAL
12644,1770751554.197889,128,CRITICAL
12645,1770751554.2215579,129,CRITICAL
12646,1770751554.2453582,119,ALERT
12647,1770751554.269682,126,CRITICAL
12648,1770751554.2941508,124,CRITICAL
12649,1770751554.3127806,124,CRITICAL
12650,1770751554.3355675,115,ALERT
12651,1770751554.358618,123,CRITICAL
12652,1770751554.3828592,127,CRITICAL
12653,1770751554.4066787,125,CRITICAL
1,1771341599.97032,73,NORMAL
2,1771341600.0155423,72,NORMAL
3,1771341600.039171,115,ALERT
4,1771341600.062447,123,CRITICAL
5,1771341600.0890167,121,CRITICAL
6,1771341600.1050556,120,ALERT
7,1771341600.1276517,130,CRITICAL
8,1771341600.152277,118,ALERT
9,1771341600.1764429,123,CRITICAL
10,1771341600.1966953,122,CRITICAL
11,1771341600.2217164,115,ALERT
12,1771341600.2486129,117,ALERT
13,1771341600.2729445,111,ALERT
14,1771341600.2974644,116,ALERT
15,1771341600.3220563,122,CRITICAL
16,1771341600.346346,110,ALERT
17,1771341600.3699553,130,CRITICAL
18,1771341600.396957,113,ALERT
19,1771341600.4202635,129,CRITICAL
20,1771341600.442581,120,ALERT
21,1771341600.4646323,111,ALERT
22,1771341600.4876823,111,ALERT
23,1771341600.511401,119,ALERT
24,1771341600.535039,119,ALERT
25,1771341600.5584958,117,ALERT
26,1771341600.5793216,124,CRITICAL
27,1771341600.6024106,127,CRITICAL
28,1771341600.624221,126,CRITICAL
29,1771341600.6484454,120,ALERT
30,1771341600.6735678,110,ALERT
31,1771341600.6957304,130,CRITICAL
32,1771341600.7178135,130,CRITICAL
33,1771341600.7354884,120,ALERT
34,1771341600.7608852,110,ALERT
35,1771341600.7857852,128,CRITICAL
36,1771341600.8061044,114,ALERT
37,1771341600.8291888,114,ALERT
38,1771341600.8504126,126,CRITICAL
39,1771341600.8771677,117,ALERT
40,1771341600.8998811,128,CRITICAL
41,1771341600.922328,113,ALERT
42,1771341600.9447508,111,ALERT
43,1771341600.968528,117,ALERT
44,1771341600.991474,115,ALERT
45,1771341601.0128665,111,ALERT
46,1771341601.0536773,126,CRITICAL
47,1771341601.076111,123,CRITICAL
48,1771341601.0938375,129,CRITICAL
49,1771341601.1142132,110,ALERT
50,1771341601.136513,116,ALERT
51,1771341601.1559632,115,ALERT
52,1771341601.179477,114,ALERT
53,1771341601.201757,115,ALERT
54,1771341601.2273142,112,ALERT
55,1771341601.2457733,128,CRITICAL
56,1771341601.2646337,122,CRITICAL
57,1771341601.2890773,112,ALERT
58,1771341601.3178432,117,ALERT
59,1771341601.3392668,117,ALERT
60,1771341601.3622077,122,CRITICAL
61,1771341601.3858292,120,ALERT
62,1771341601.407793,126,CRITICAL
63,1771341601.4299788,112,ALERT
64,1771341601.449751,122,CRITICAL
65,1771341601.468585,113,ALERT
66,1771341601.4903693,125,CRITICAL
67,1771341601.513479,124,CRITICAL
68,1771341601.5377305,127,CRITICAL
69,1771341601.5580535,126,CRITICAL
70,1771341601.5734372,117,ALERT
71,1771341601.5923667,110,ALERT
72,1771341601.6153493,115,ALERT
73,1771341601.6346865,126,CRITICAL
74,1771341601.655947,130,CRITICAL
75,1771341601.6734376,115,ALERT
76,1771341601.6927102,115,ALERT
77,1771341601.7137852,126,CRITICAL
78,1771341601.7339342,125,CRITICAL
79,1771341601.7518277,112,ALERT
80,1771341601.7738395,110,ALERT
81,1771341601.7997537,127,CRITICAL
82,1771341601.8202658,122,CRITICAL
83,1771341601.842887,117,ALERT
84,1771341601.8628147,115,ALERT
85,1771341601.885538,130,CRITICAL
86,1771341601.9098792,115,ALERT
87,1771341601.9358475,128,CRITICAL
88,1771341601.9564028,123,CRITICAL
89,1771341601.9764304,114,ALERT
90,1771341601.996364,120,ALERT
91,1771341602.0217729,126,CRITICAL
92,1771341602.0444355,126,CRITICAL
93,1771341602.0674915,128,CRITICAL
94,1771341602.0901902,115,ALERT
95,1771341602.1127112,120,ALERT
96,1771341602.1357312,118,ALERT
97,1771341602.1594148,115,ALERT
98,1771341602.1827266,118,ALERT
99,1771341602.2042913,128,CRITICAL
100,1771341602.2247753,129,CRITICAL
101,1771341602.2476866,126,CRITICAL
102,1771341602.274189,112,ALERT
103,1771341602.2957947,122,CRITICAL
104,1771341602.320683,115,ALERT
105,1771341602.338436,125,CRITICAL
106,1771341602.3603206,115,ALERT
107,1771341602.3856459,124,CRITICAL
108,1771341602.4089265,115,ALERT
109,1771341602.43333,113,ALERT
110,1771341602.4577816,126,CRITICAL
111,1771341602.479676,126,CRITICAL
112,1771341602.5026958,116,ALERT
113,1771341602.5287333,127,CRITICAL
114,1771341602.5532753,129,CRITICAL
115,1771341602.5753183,121,CRITICAL
116,1771341602.5983698,128,CRITICAL
117,1771341602.6239557,123,CRITICAL
118,1771341602.6444333,127,CRITICAL
119,1771341602.6701908,124,CRITICAL
120,1771341602.6928017,122,CRITICAL
121,1771341602.7163458,129,CRITICAL
122,1771341602.7377784,110,ALERT
123,1771341602.7606566,122,CRITICAL
124,1771341602.7812116,120,ALERT
125,1771341602.8072002,118,ALERT
126,1771341602.8318257,129,CRITICAL
127,1771341602.8562343,124,CRITICAL
128,1771341602.8801517,127,CRITICAL
129,1771341602.9032514,125,CRITICAL
130,1771341602.928512,120,ALERT
131,1771341602.9518523,123,CRITICAL
132,1771341602.975657,125,CRITICAL
133,1771341602.9962819,125,CRITICAL
134,1771341603.0187821,128,CRITICAL
135,1771341603.0441294,127,CRITICAL
136,1771341603.069779,128,CRITICAL
137,1771341603.0948043,112,ALERT
138,1771341603.121721,124,CRITICAL
139,1771341603.1482658,119,ALERT
140,1771341603.1727583,123,CRITICAL
141,1771341603.1987512,116,ALERT
142,1771341603.2232387,119,ALERT
143,1771341603.2482147,116,ALERT
144,1771341603.2737405,123,CRITICAL
145,1771341603.294112,118,ALERT
146,1771341603.317665,113,ALERT
147,1771341603.3416755,119,ALERT
148,1771341603.365747,111,ALERT
149,1771341603.3897374,121,CRITICAL
150,1771341603.4151192,112,ALERT
151,1771341603.4356115,123,CRITICAL
152,1771341603.461538,110,ALERT
153,1771341603.4855876,113,ALERT
154,1771341603.5065887,120,ALERT
155,1771341603.5335777,110,ALERT
156,1771341603.5572114,113,ALERT
157,1771341603.5839355,129,CRITICAL
158,1771341603.6110601,120,ALERT
159,1771341603.6321244,127,CRITICAL
160,1771341603.6547182,111,ALERT
161,1771341603.678114,112,ALERT
162,1771341603.7043781,129,CRITICAL
163,1771341603.7322931,121,CRITICAL
164,1771341603.7564714,113,ALERT
165,1771341603.780117,112,ALERT
166,1771341603.8050518,126,CRITICAL
167,1771341603.8327281,114,ALERT
168,1771341603.8508606,130,CRITICAL
169,1771341603.8762774,113,ALERT
170,1771341603.8991613,112,ALERT
171,1771341603.919665,120,ALERT
172,1771341603.94182,127,CRITICAL
173,1771341603.9660957,130,CRITICAL
174,1771341603.9908476,116,ALERT
175,1771341604.0155966,118,ALERT
176,1771341604.0415547,112,ALERT
177,1771341604.0683157,123,CRITICAL
178,1771341604.091028,128,CRITICAL
179,1771341604.1130784,114,ALERT
180,1771341604.1379416,121,CRITICAL
181,1771341604.1618483,110,ALERT
182,1771341604.185208,110,ALERT
183,1771341604.205024,127,CRITICAL
184,1771341604.2323446,125,CRITICAL
185,1771341604.2559352,126,CRITICAL
186,1771341604.2810311,111,ALERT
187,1771341604.3059611,117,ALERT
188,1771341604.3267066,127,CRITICAL
189,1771341604.351636,110,ALERT
190,1771341604.3677232,126,CRITICAL
191,1771341604.3897917,112,ALERT
192,1771341604.4104114,129,CRITICAL
193,1771341604.4286203,112,ALERT
194,1771341604.4551313,120,ALERT
195,1771341604.4779377,115,ALERT
196,1771341604.5007033,129,CRITICAL
197,1771341604.5236964,121,CRITICAL
198,1771341604.5375352,116,ALERT
199,1771341604.5524573,125,CRITICAL
200,1771341604.5727127,116,ALERT
201,1771341604.589023,116,ALERT
202,1771341604.6037126,128,CRITICAL
203,1771341604.6219206,122,CRITICAL
204,1771341604.6370895,116,ALERT
205,1771341604.65819,126,CRITICAL
206,1771341604.6782155,119,ALERT
207,1771341604.7025201,124,CRITICAL
208,1771341604.7254243,110,ALERT
209,1771341604.7490234,116,ALERT
210,1771341604.7723496,125,CRITICAL
211,1771341604.7955787,124,CRITICAL
212,1771341604.8145022,121,CRITICAL
213,1771341604.834074,113,ALERT
214,1771341604.855716,128,CRITICAL
215,1771341604.8778725,116,ALERT
216,1771341604.9041488,111,ALERT
217,1771341604.9295542,120,ALERT
218,1771341604.9525986,115,ALERT
219,1771341604.9783905,129,CRITICAL
220,1771341605.0023549,114,ALERT
221,1771341605.0273042,127,CRITICAL
222,1771341605.0498002,110,ALERT
223,1771341605.0697982,83,NORMAL
224,1771341605.0869493,71,NORMAL
225,1771341605.109125,87,NORMAL
226,1771341605.1302512,84,NORMAL
227,1771341605.1569488,60,NORMAL
228,1771341605.179401,63,NORMAL
229,1771341605.202133,60,NORMAL
230,1771341605.2219334,77,NORMAL
231,1771341605.2457206,71,NORMAL
232,1771341605.2685616,79,NORMAL
233,1771341605.2894068,87,NORMAL
234,1771341605.315303,73,NORMAL
235,1771341605.3363457,86,NORMAL
236,1771341605.3617795,88,NORMAL
237,1771341605.3877256,70,NORMAL
238,1771341605.4135385,71,NORMAL
239,1771341605.441849,79,NORMAL
240,1771341605.4610956,81,NORMAL
241,1771341605.489943,75,NORMAL
242,1771341605.50581,83,NORMAL
243,1771341605.5247042,83,NORMAL
244,1771341605.5472507,75,NORMAL
245,1771341605.5717134,61,NORMAL
246,1771341605.587707,86,NORMAL
247,1771341605.6113167,119,ALERT
248,1771341605.6364982,123,CRITICAL
249,1771341605.6620076,122,CRITICAL
250,1771341605.682246,125,CRITICAL
251,1771341605.7060347,113,ALERT
252,1771341605.7285304,130,CRITICAL
253,1771341605.7521048,112,ALERT
254,1771341605.774652,114,ALERT
255,1771341605.7980995,120,ALERT
256,1771341605.8249867,125,CRITICAL
257,1771341605.8485208,112,ALERT
258,1771341605.871507,113,ALERT
259,1771341605.8945198,128,CRITICAL
260,1771341605.9177008,122,CRITICAL
261,1771341605.94311,113,ALERT
262,1771341605.9677029,121,CRITICAL
263,1771341605.9897556,110,ALERT
264,1771341606.0097888,118,ALERT
265,1771341606.0316455,129,CRITICAL
266,1771341606.0546486,116,ALERT
267,1771341606.0770664,113,ALERT
268,1771341606.1000676,110,ALERT
269,1771341606.121527,115,ALERT
270,1771341606.1457822,125,CRITICAL
271,1771341606.1634758,126,CRITICAL
272,1771341606.1854472,122,CRITICAL
273,1771341606.2090356,128,CRITICAL
274,1771341606.2324827,130,CRITICAL
275,1771341606.255255,128,CRITICAL
276,1771341606.2805433,129,CRITICAL
277,1771341606.3050704,122,CRITICAL
278,1771341606.3347034,113,ALERT
279,1771341606.3592095,126,CRITICAL
280,1771341606.3787992,121,CRITICAL
281,1771341606.4053967,125,CRITICAL
282,1771341606.43606,129,CRITICAL
283,1771341606.4599311,125,CRITICAL
284,1771341606.4834785,110,ALERT
285,1771341606.5064924,121,CRITICAL
286,1771341606.5306787,128,CRITICAL
287,1771341606.554227,121,CRITICAL
288,1771341606.5816543,111,ALERT
289,1771341606.5978363,116,ALERT
290,1771341606.6247902,110,ALERT
291,1771341606.6487508,116,ALERT
292,1771341606.670863,113,ALERT
293,1771341606.6938245,117,ALERT
294,1771341606.7152307,124,CRITICAL
295,1771341606.7377505,113,ALERT
296,1771341606.7609432,124,CRITICAL
297,1771341606.7835367,111,ALERT
298,1771341606.810292,110,ALERT
299,1771341606.8341594,121,CRITICAL
300,1771341606.8562531,121,CRITICAL
301,1771341606.8799255,125,CRITICAL
302,1771341606.9012759,116,ALERT
303,1771341606.9208562,122,CRITICAL
304,1771341606.9449537,115,ALERT
305,1771341606.9699686,120,ALERT
306,1771341606.9941983,126,CRITICAL
307,1771341607.0137787,114,ALERT
308,1771341607.03915,130,CRITICAL
309,1771341607.0636482,119,ALERT
310,1771341607.087967,117,ALERT
311,1771341607.1101823,120,ALERT
312,1771341607.1338136,117,ALERT
313,1771341607.1492996,116,ALERT
314,1771341607.1694267,117,ALERT
315,1771341607.1920688,123,CRITICAL
316,1771341607.2161028,119,ALERT
317,1771341607.2377079,121,CRITICAL
318,1771341607.2560015,123,CRITICAL
319,1771341607.2727766,111,ALERT
320,1771341607.2996995,128,CRITICAL
321,1771341607.3256478,127,CRITICAL
322,1771341607.3510723,115,ALERT
323,1771341607.3721998,128,CRITICAL
324,1771341607.395229,114,ALERT
325,1771341607.419204,113,ALERT
326,1771341607.441,110,ALERT
327,1771341607.4655364,111,ALERT
328,1771341607.485824,112,ALERT
329,1771341607.510265,117,ALERT
330,1771341607.5323398,122,CRITICAL
331,1771341607.554986,114,ALERT
332,1771341607.5796793,127,CRITICAL
333,1771341607.6045115,117,ALERT
334,1771341607.6279352,125,CRITICAL
335,1771341607.6528146,129,CRITICAL
336,1771341607.6745188,129,CRITICAL
337,1771341607.6933312,128,CRITICAL
338,1771341607.7097874,125,CRITICAL
339,1771341607.7285779,126,CRITICAL
340,1771341607.7507854,116,ALERT
341,1771341607.7660902,111,ALERT
342,1771341607.7859406,113,ALERT
343,1771341607.8091538,115,ALERT
344,1771341607.833734,125,CRITICAL
345,1771341607.8577979,114,ALERT
346,1771341607.8798728,128,CRITICAL
347,1771341607.904055,128,CRITICAL
348,1771341607.9282699,117,ALERT
349,1771341607.954784,113,ALERT
350,1771341607.979668,115,ALERT
351,1771341608.0017836,129,CRITICAL
352,1771341608.024363,118,ALERT
353,1771341608.0500064,114,ALERT
354,1771341608.0740318,117,ALERT
355,1771341608.0971565,124,CRITICAL
356,1771341608.1215625,123,CRITICAL
357,1771341608.1474833,117,ALERT
358,1771341608.1717277,111,ALERT
359,1771341608.1938043,113,ALERT
360,1771341608.213855,130,CRITICAL
361,1771341608.230537,110,ALERT
362,1771341608.2480683,116,ALERT
363,1771341608.2642424,116,ALERT
364,1771341608.2865138,127,CRITICAL
365,1771341608.310708,124,CRITICAL
366,1771341608.3345008,119,ALERT
367,1771341608.3506932,112,ALERT
368,1771341608.3738003,122,CRITICAL
369,1771341608.3983967,111,ALERT
370,1771341608.4224665,114,ALERT
371,1771341608.447991,114,ALERT
372,1771341608.473026,127,CRITICAL
373,1771341608.4952102,121,CRITICAL
374,1771341608.5197945,124,CRITICAL
375,1771341608.5444152,114,ALERT
376,1771341608.5702477,116,ALERT
377,1771341608.5937922,115,ALERT
378,1771341608.6152372,118,ALERT
379,1771341608.6429412,126,CRITICAL
380,1771341608.6684349,114,ALERT
381,1771341608.69409,114,ALERT
382,1771341608.716689,115,ALERT
383,1771341608.739345,114,ALERT
384,1771341608.7600703,128,CRITICAL
385,1771341608.7837324,122,CRITICAL
386,1771341608.7999797,126,CRITICAL
387,1771341608.8209856,120,ALERT
388,1771341608.8418388,123,CRITICAL
389,1771341608.8658059,128,CRITICAL
390,1771341608.887583,125,CRITICAL
391,1771341608.9107459,122,CRITICAL
392,1771341608.9338202,111,ALERT
393,1771341608.958389,120,ALERT
394,1771341608.9768434,116,ALERT
395,1771341608.9903946,117,ALERT
396,1771341609.0063212,127,CRITICAL
397,1771341609.0311954,130,CRITICAL
398,1771341609.0574136,111,ALERT
399,1771341609.0786045,116,ALERT
400,1771341609.1004083,124,CRITICAL
401,1771341609.125448,111,ALERT
402,1771341609.1499367,130,CRITICAL
403,1771341609.174982,123,CRITICAL
404,1771341609.1975718,127,CRITICAL
405,1771341609.2208865,126,CRITICAL
406,1771341609.246092,124,CRITICAL
407,1771341609.2723446,114,ALERT
408,1771341609.2975798,125,CRITICAL
409,1771341609.3186877,129,CRITICAL
410,1771341609.3399332,117,ALERT
411,1771341609.3615954,119,ALERT
412,1771341609.3838565,123,CRITICAL
413,1771341609.4027102,125,CRITICAL
414,1771341609.4172492,115,ALERT
415,1771341609.4394796,119,ALERT
416,1771341609.4565165,112,ALERT
417,1771341609.4797852,118,ALERT
418,1771341609.5049145,119,ALERT
419,1771341609.5297961,115,ALERT
420,1771341609.554713,121,CRITICAL
421,1771341609.58111,112,ALERT
422,1771341609.6025376,118,ALERT
423,1771341609.621886,113,ALERT
424,1771341609.6432714,122,CRITICAL
425,1771341609.665265,113,ALERT
426,1771341609.6897993,111,ALERT
427,1771341609.7133052,125,CRITICAL
428,1771341609.7359848,127,CRITICAL
429,1771341609.7618089,112,ALERT
430,1771341609.7845967,121,CRITICAL
431,1771341609.8070571,130,CRITICAL
432,1771341609.8274853,114,ALERT
433,1771341609.8505201,125,CRITICAL
434,1771341609.8736424,114,ALERT
435,1771341609.8958507,120,ALERT
436,1771341609.919563,112,ALERT
437,1771341609.9383686,128,CRITICAL
438,1771341609.963242,130,CRITICAL
439,1771341609.9849308,121,CRITICAL
440,1771341610.0087452,125,CRITICAL
441,1771341610.0311651,126,CRITICAL
442,1771341610.0540793,117,ALERT
443,1771341610.0787792,113,ALERT
444,1771341610.1024883,119,ALERT
445,1771341610.1282558,123,CRITICAL
446,1771341610.1500077,125,CRITICAL
447,1771341610.175574,115,ALERT
448,1771341610.1979768,111,ALERT
449,1771341610.2207558,119,ALERT
450,1771341610.2437406,116,ALERT
451,1771341610.2665703,126,CRITICAL
452,1771341610.2895546,110,ALERT
453,1771341610.3115466,120,ALERT
454,1771341610.3345995,119,ALERT
455,1771341610.356634,111,ALERT
456,1771341610.3771026,127,CRITICAL
457,1771341610.4003935,129,CRITICAL
458,1771341610.4170291,116,ALERT
459,1771341610.435717,111,ALERT
460,1771341610.456459,111,ALERT
461,1771341610.4784698,117,ALERT
462,1771341610.5009344,130,CRITICAL
463,1771341610.5164568,113,ALERT
464,1771341610.5372226,130,CRITICAL
465,1771341610.556714,128,CRITICAL
466,1771341610.578214,112,ALERT
467,1771341610.5993342,114,ALERT
468,1771341610.6233869,130,CRITICAL
469,1771341610.6459417,78,NORMAL
470,1771341610.665427,60,NORMAL
471,1771341610.685496,66,NORMAL
472,1771341610.7068195,72,NORMAL
473,1771341610.7300336,89,NORMAL
474,1771341610.7514377,72,NORMAL
475,1771341610.7737854,86,NORMAL
476,1771341610.795205,74,NORMAL
477,1771341610.8143704,66,NORMAL
478,1771341610.836066,77,NORMAL
479,1771341610.8582962,84,NORMAL
480,1771341610.8807962,122,CRITICAL
481,1771341610.9056091,130,CRITICAL
482,1771341610.9225945,117,ALERT
483,1771341610.939761,129,CRITICAL
484,1771341610.961192,126,CRITICAL
485,1771341610.9818604,129,CRITICAL
486,1771341611.000506,124,CRITICAL
487,1771341611.0221715,127,CRITICAL
488,1771341611.045606,126,CRITICAL
489,1771341611.0670831,120,ALERT
490,1771341611.0907109,114,ALERT
491,1771341611.116053,116,ALERT
492,1771341611.1385667,124,CRITICAL
493,1771341611.1593413,127,CRITICAL
494,1771341611.1839573,122,CRITICAL
495,1771341611.2066483,125,CRITICAL
496,1771341611.2269862,125,CRITICAL
497,1771341611.2497995,112,ALERT
498,1771341611.2744732,122,CRITICAL
499,1771341611.2978168,113,ALERT
500,1771341611.3187864,114,ALERT
501,1771341611.3396194,110,ALERT
502,1771341611.3601189,120,ALERT
503,1771341611.3808255,127,CRITICAL
504,1771341611.4030664,117,ALERT
505,1771341611.4247618,124,CRITICAL
506,1771341611.4491315,113,ALERT
507,1771341611.462128,117,ALERT
508,1771341611.4839325,121,CRITICAL
509,1771341611.5041604,120,ALERT
510,1771341611.5289886,113,ALERT
511,1771341611.5447018,129,CRITICAL
512,1771341611.568761,122,CRITICAL
513,1771341611.5891063,125,CRITICAL
514,1771341611.6114576,119,ALERT
515,1771341611.635196,113,ALERT
516,1771341611.6605954,122,CRITICAL
517,1771341611.6835752,118,ALERT
518,1771341611.7071114,128,CRITICAL
519,1771341611.7306082,120,ALERT
520,1771341611.7527592,126,CRITICAL
521,1771341611.777503,110,ALERT
522,1771341611.807366,114,ALERT
523,1771341611.8305557,122,CRITICAL
524,1771341611.8536406,112,ALERT
525,1771341611.8776076,110,ALERT
526,1771341611.898635,124,CRITICAL
527,1771341611.9212117,113,ALERT
528,1771341611.9420414,111,ALERT
529,1771341611.960045,116,ALERT
530,1771341611.9769692,128,CRITICAL
531,1771341611.9988935,111,ALERT
532,1771341612.0195405,114,ALERT
533,1771341612.0386558,115,ALERT
534,1771341612.063071,116,ALERT
535,1771341612.0840535,114,ALERT
536,1771341612.1111212,124,CRITICAL
537,1771341612.1342204,121,CRITICAL
538,1771341612.1556282,111,ALERT
539,1771341612.1750216,130,CRITICAL
540,1771341612.1975596,119,ALERT
541,1771341612.2189736,128,CRITICAL
542,1771341612.2409039,129,CRITICAL
543,1771341612.2604935,125,CRITICAL
544,1771341612.2850754,110,ALERT
545,1771341612.3051722,121,CRITICAL
546,1771341612.3255305,123,CRITICAL
547,1771341612.348192,119,ALERT
548,1771341612.3714118,116,ALERT
549,1771341612.3945155,130,CRITICAL
550,1771341612.4157696,111,ALERT
551,1771341612.4391065,112,ALERT
552,1771341612.462181,127,CRITICAL
553,1771341612.4862137,110,ALERT
554,1771341612.5005188,110,ALERT
555,1771341612.5233006,113,ALERT
556,1771341612.5454233,120,ALERT
557,1771341612.5638766,118,ALERT
558,1771341612.5860155,123,CRITICAL
559,1771341612.607568,119,ALERT
560,1771341612.629843,121,CRITICAL
561,1771341612.6537812,121,CRITICAL
562,1771341612.6748621,111,ALERT
563,1771341612.6961172,121,CRITICAL
564,1771341612.7184289,121,CRITICAL
565,1771341612.7427626,127,CRITICAL
566,1771341612.7655673,117,ALERT
567,1771341612.7903533,117,ALERT
568,1771341612.8148336,124,CRITICAL
569,1771341612.8370416,122,CRITICAL
570,1771341612.8581238,110,ALERT
571,1771341612.8798897,129,CRITICAL
572,1771341612.9025986,112,ALERT
573,1771341612.9257843,126,CRITICAL
574,1771341612.9445596,118,ALERT
575,1771341612.9667127,129,CRITICAL
576,1771341612.990157,116,ALERT
577,1771341613.012463,128,CRITICAL
578,1771341613.0273294,111,ALERT
579,1771341613.044422,128,CRITICAL
580,1771341613.064802,121,CRITICAL
581,1771341613.0866392,120,ALERT
582,1771341613.1081083,110,ALERT
583,1771341613.132176,129,CRITICAL
584,1771341613.1552844,123,CRITICAL
585,1771341613.176542,114,ALERT
586,1771341613.201336,127,CRITICAL
587,1771341613.2240725,125,CRITICAL
588,1771341613.2468805,119,ALERT
589,1771341613.2688503,117,ALERT
590,1771341613.2891624,118,ALERT
591,1771341613.313086,123,CRITICAL
592,1771341613.3354843,124,CRITICAL
593,1771341613.3589337,119,ALERT
594,1771341613.3803585,128,CRITICAL
595,1771341613.3987849,114,ALERT
596,1771341613.421214,122,CRITICAL
597,1771341613.4434652,122,CRITICAL
598,1771341613.466686,130,CRITICAL
599,1771341613.4892673,125,CRITICAL
600,1771341613.5152895,124,CRITICAL
601,1771341613.536182,127,CRITICAL
602,1771341613.557785,130,CRITICAL
603,1771341613.5791857,111,ALERT
604,1771341613.5958583,111,ALERT
605,1771341613.6157775,117,ALERT
606,1771341613.6337597,120,ALERT
607,1771341613.6581333,127,CRITICAL
608,1771341613.6795492,113,ALERT
609,1771341613.7048757,112,ALERT
610,1771341613.7252176,113,ALERT
611,1771341613.7476113,118,ALERT
612,1771341613.7715666,127,CRITICAL
613,1771341613.794121,127,CRITICAL
614,1771341613.8188608,111,ALERT
615,1771341613.839996,127,CRITICAL
616,1771341613.8643134,121,CRITICAL
617,1771341613.884709,118,ALERT
618,1771341613.908514,130,CRITICAL
619,1771341613.929627,110,ALERT
620,1771341613.9482095,110,ALERT
621,1771341613.9728765,114,ALERT
622,1771341613.9970417,121,CRITICAL
623,1771341614.0215192,113,ALERT
624,1771341614.0459437,126,CRITICAL
625,1771341614.061138,115,ALERT
626,1771341614.078629,116,ALERT
627,1771341614.1012142,112,ALERT
628,1771341614.1241727,128,CRITICAL
629,1771341614.1467474,112,ALERT
630,1771341614.1650345,118,ALERT
631,1771341614.1878436,114,ALERT
632,1771341614.2083,126,CRITICAL
633,1771341614.2332683,128,CRITICAL
634,1771341614.2535436,118,ALERT
635,1771341614.276072,121,CRITICAL
636,1771341614.292622,117,ALERT
637,1771341614.3163893,111,ALERT
638,1771341614.337515,113,ALERT
639,1771341614.3584428,127,CRITICAL
640,1771341614.3810885,116,ALERT
641,1771341614.4073913,113,ALERT
642,1771341614.4287934,118,ALERT
643,1771341614.4480584,127,CRITICAL
644,1771341614.4683776,117,ALERT
645,1771341614.4903228,120,ALERT
646,1771341614.513811,118,ALERT
647,1771341614.537074,117,ALERT
648,1771341614.559361,127,CRITICAL
649,1771341614.578689,119,ALERT
650,1771341614.5949166,111,ALERT
651,1771341614.6103277,113,ALERT
652,1771341614.62991,126,CRITICAL
653,1771341614.6518524,117,ALERT
654,1771341614.672656,128,CRITICAL
655,1771341614.6971822,121,CRITICAL
656,1771341614.719284,125,CRITICAL
657,1771341614.7414603,119,ALERT
658,1771341614.7621315,127,CRITICAL
659,1771341614.7821312,125,CRITICAL
660,1771341614.8034148,116,ALERT
661,1771341614.8245614,114,ALERT
662,1771341614.8426025,115,ALERT
663,1771341614.8610296,114,ALERT
664,1771341614.882641,129,CRITICAL
665,1771341614.904088,130,CRITICAL
666,1771341614.9255445,116,ALERT
667,1771341614.9477327,114,ALERT
668,1771341614.971454,112,ALERT
669,1771341614.994177,116,ALERT
670,1771341615.016115,117,ALERT
671,1771341615.0408123,114,ALERT
672,1771341615.0609446,121,CRITICAL
673,1771341615.0766516,118,ALERT
674,1771341615.097939,119,ALERT
675,1771341615.1172082,128,CRITICAL
676,1771341615.1401541,117,ALERT
677,1771341615.1632986,112,ALERT
678,1771341615.1889164,118,ALERT
679,1771341615.2108243,117,ALERT
680,1771341615.2316172,117,ALERT
681,1771341615.2565336,123,CRITICAL
682,1771341615.277656,117,ALERT
683,1771341615.2997487,129,CRITICAL
684,1771341615.3235517,128,CRITICAL
685,1771341615.3454268,126,CRITICAL
686,1771341615.3712666,117,ALERT
687,1771341615.3916874,122,CRITICAL
688,1771341615.4129384,125,CRITICAL
689,1771341615.43405,116,ALERT
690,1771341615.456336,113,ALERT
691,1771341615.478307,112,ALERT
692,1771341615.499256,123,CRITICAL
693,1771341615.5223093,113,ALERT
694,1771341615.544078,112,ALERT
695,1771341615.5665684,111,ALERT
696,1771341615.5895553,122,CRITICAL
697,1771341615.6090689,122,CRITICAL
698,1771341615.62511,114,ALERT
699,1771341615.6411812,119,ALERT
700,1771341615.6604764,127,CRITICAL
701,1771341615.6815732,124,CRITICAL
702,1771341615.7027934,125,CRITICAL
703,1771341615.723566,127,CRITICAL
704,1771341615.744739,129,CRITICAL
705,1771341615.766567,110,ALERT
706,1771341615.7875178,112,ALERT
707,1771341615.812095,117,ALERT
708,1771341615.8358197,122,CRITICAL
709,1771341615.8566802,127,CRITICAL
710,1771341615.8795009,119,ALERT
711,1771341615.9047587,112,ALERT
712,1771341615.9256759,66,NORMAL
713,1771341615.9457915,71,NORMAL
714,1771341615.9688227,116,ALERT
715,1771341615.9881756,120,ALERT
716,1771341616.0105047,111,ALERT
717,1771341616.031625,112,ALERT
718,1771341616.0548508,123,CRITICAL
719,1771341616.0775917,114,ALERT
720,1771341616.0979548,130,CRITICAL
721,1771341616.118606,125,CRITICAL
722,1771341616.1376767,121,CRITICAL
723,1771341616.1584013,130,CRITICAL
724,1771341616.1800423,110,ALERT
725,1771341616.200218,130,CRITICAL
726,1771341616.2234263,122,CRITICAL
727,1771341616.24607,113,ALERT
728,1771341616.2683535,124,CRITICAL
729,1771341616.2906082,113,ALERT
730,1771341616.3092508,129,CRITICAL
731,1771341616.333602,124,CRITICAL
732,1771341616.3511343,127,CRITICAL
733,1771341616.3724883,123,CRITICAL
734,1771341616.3880067,114,ALERT
735,1771341616.4060676,118,ALERT
736,1771341616.4292321,121,CRITICAL
737,1771341616.4506567,111,ALERT
738,1771341616.4731777,119,ALERT
739,1771341616.4974055,122,CRITICAL
740,1771341616.5209067,111,ALERT
741,1771341616.5427778,125,CRITICAL
742,1771341616.5666134,130,CRITICAL
743,1771341616.585859,115,ALERT
744,1771341616.6101735,116,ALERT
745,1771341616.6326447,123,CRITICAL
746,1771341616.6597996,119,ALERT
747,1771341616.6924565,117,ALERT
748,1771341616.7142553,130,CRITICAL
749,1771341616.7359111,112,ALERT
750,1771341616.7575011,123,CRITICAL
751,1771341616.7851129,116,ALERT
752,1771341616.8069582,121,CRITICAL
753,1771341616.8285158,117,ALERT
754,1771341616.8513913,110,ALERT
755,1771341616.8749774,112,ALERT
756,1771341616.899558,125,CRITICAL
757,1771341616.9220498,111,ALERT
758,1771341616.9455578,121,CRITICAL
759,1771341616.9684157,115,ALERT
760,1771341616.9904778,110,ALERT
761,1771341617.0113575,129,CRITICAL
762,1771341617.0335212,124,CRITICAL
763,1771341617.0563216,127,CRITICAL
764,1771341617.075765,124,CRITICAL
765,1771341617.0959554,110,ALERT
766,1771341617.1158693,111,ALERT
767,1771341617.134954,127,CRITICAL
768,1771341617.1606467,111,ALERT
769,1771341617.1856937,111,ALERT
770,1771341617.198716,129,CRITICAL
771,1771341617.2207344,113,ALERT
772,1771341617.2461212,117,ALERT
773,1771341617.2716534,128,CRITICAL
774,1771341617.2941916,120,ALERT
775,1771341617.3192785,119,ALERT
776,1771341617.3408446,111,ALERT
777,1771341617.3623767,110,ALERT
778,1771341617.3860025,113,ALERT
779,1771341617.4083154,129,CRITICAL
780,1771341617.435867,121,CRITICAL
781,1771341617.4589891,113,ALERT
782,1771341617.4830074,119,ALERT
783,1771341617.5043,127,CRITICAL
784,1771341617.5289695,119,ALERT
785,1771341617.554179,124,CRITICAL
786,1771341617.5786123,117,ALERT
787,1771341617.6025343,117,ALERT
788,1771341617.6242487,112,ALERT
789,1771341617.64533,115,ALERT
790,1771341617.6673036,126,CRITICAL
791,1771341617.689451,119,ALERT
792,1771341617.7097156,110,ALERT
793,1771341617.7288764,116,ALERT
794,1771341617.7515676,116,ALERT
795,1771341617.7766669,130,CRITICAL
796,1771341617.7948916,122,CRITICAL
797,1771341617.8155005,115,ALERT
798,1771341617.838656,116,ALERT
799,1771341617.8625739,124,CRITICAL
800,1771341617.8851342,122,CRITICAL
801,1771341617.9071915,117,ALERT
802,1771341617.9317963,114,ALERT
803,1771341617.9562566,123,CRITICAL
804,1771341617.9812064,127,CRITICAL
805,1771341618.0055811,118,ALERT
806,1771341618.0252326,114,ALERT
807,1771341618.0502799,116,ALERT
808,1771341618.071451,130,CRITICAL
809,1771341618.0966249,123,CRITICAL
810,1771341618.117381,123,CRITICAL
811,1771341618.1396558,119,ALERT
812,1771341618.1603754,119,ALERT
813,1771341618.1794462,112,ALERT
814,1771341618.1998744,123,CRITICAL
815,1771341618.2215724,117,ALERT
816,1771341618.2396088,130,CRITICAL
817,1771341618.2570465,112,ALERT
818,1771341618.2777946,117,ALERT
819,1771341618.2988334,122,CRITICAL
820,1771341618.3199437,112,ALERT
821,1771341618.342673,111,ALERT
822,1771341618.3689005,127,CRITICAL
823,1771341618.3868895,112,ALERT
824,1771341618.409566,110,ALERT
825,1771341618.4329505,115,ALERT
826,1771341618.4557042,120,ALERT
827,1771341618.4775314,128,CRITICAL
828,1771341618.5032153,125,CRITICAL
829,1771341618.5272892,114,ALERT
830,1771341618.5474162,112,ALERT
831,1771341618.5692768,120,ALERT
832,1771341618.5936878,111,ALERT
833,1771341618.6191378,117,ALERT
834,1771341618.642392,125,CRITICAL
835,1771341618.6655116,117,ALERT
836,1771341618.6901267,115,ALERT
837,1771341618.7100933,112,ALERT
838,1771341618.7300317,129,CRITICAL
839,1771341618.7495291,126,CRITICAL
840,1771341618.7724617,111,ALERT
841,1771341618.7983193,124,CRITICAL
842,1771341618.8191197,113,ALERT
843,1771341618.8436034,120,ALERT
844,1771341618.8650465,129,CRITICAL
845,1771341618.886239,111,ALERT
846,1771341618.9124088,112,ALERT
847,1771341618.9363406,130,CRITICAL
848,1771341618.9597623,119,ALERT
849,1771341618.9887874,113,ALERT
850,1771341619.0134764,113,ALERT
851,1771341619.0364907,117,ALERT
852,1771341619.0567336,124,CRITICAL
853,1771341619.0793288,130,CRITICAL
854,1771341619.1049652,115,ALERT
855,1771341619.1222248,125,CRITICAL
856,1771341619.1459157,118,ALERT
857,1771341619.17006,128,CRITICAL
858,1771341619.1893437,129,CRITICAL
859,1771341619.210635,122,CRITICAL
860,1771341619.2320642,119,ALERT
861,1771341619.2510755,121,CRITICAL
862,1771341619.2727816,113,ALERT
863,1771341619.2888284,118,ALERT
864,1771341619.309572,126,CRITICAL
865,1771341619.33213,123,CRITICAL
866,1771341619.3560362,115,ALERT
867,1771341619.3783288,121,CRITICAL
868,1771341619.400567,114,ALERT
869,1771341619.421175,114,ALERT
870,1771341619.4415262,130,CRITICAL
871,1771341619.463445,116,ALERT
872,1771341619.4868128,115,ALERT
873,1771341619.5081267,120,ALERT
874,1771341619.5336192,118,ALERT
875,1771341619.5566037,110,ALERT
876,1771341619.5784783,114,ALERT
877,1771341619.6003246,114,ALERT
878,1771341619.62397,120,ALERT
879,1771341619.646478,130,CRITICAL
880,1771341619.6685822,110,ALERT
881,1771341619.6937563,129,CRITICAL
882,1771341619.7180588,130,CRITICAL
883,1771341619.7310708,121,CRITICAL
884,1771341619.750104,122,CRITICAL
885,1771341619.7736173,120,ALERT
886,1771341619.7965078,130,CRITICAL
887,1771341619.8124723,117,ALERT
888,1771341619.8331256,124,CRITICAL
889,1771341619.858228,125,CRITICAL
890,1771341619.8802385,117,ALERT
891,1771341619.9029727,114,ALERT
892,1771341619.9213057,119,ALERT
893,1771341619.9472022,111,ALERT
894,1771341619.9695473,125,CRITICAL
895,1771341619.9939268,117,ALERT
896,1771341620.0215087,121,CRITICAL
897,1771341620.0455518,129,CRITICAL
898,1771341620.073798,116,ALERT
899,1771341620.0965993,110,ALERT
900,1771341620.1198606,129,CRITICAL
901,1771341620.1413136,127,CRITICAL
902,1771341620.1650398,128,CRITICAL
903,1771341620.1877158,127,CRITICAL
904,1771341620.2086992,129,CRITICAL
905,1771341620.2305324,110,ALERT
906,1771341620.256514,129,CRITICAL
907,1771341620.279496,113,ALERT
908,1771341620.3019013,115,ALERT
909,1771341620.317976,110,ALERT
910,1771341620.338096,112,ALERT
911,1771341620.3598769,123,CRITICAL
912,1771341620.3792214,126,CRITICAL
913,1771341620.402368,111,ALERT
914,1771341620.424062,122,CRITICAL
915,1771341620.4490995,120,ALERT
916,1771341620.4684558,127,CRITICAL
917,1771341620.4904993,112,ALERT
918,1771341620.5139406,129,CRITICAL
919,1771341620.532883,123,CRITICAL
920,1771341620.556468,113,ALERT
921,1771341620.5784848,126,CRITICAL
922,1771341620.6022344,125,CRITICAL
923,1771341620.6257036,121,CRITICAL
924,1771341620.6495402,128,CRITICAL
925,1771341620.670616,123,CRITICAL
926,1771341620.690798,123,CRITICAL
927,1771341620.7145789,114,ALERT
928,1771341620.7373421,124,CRITICAL
929,1771341620.7599106,120,ALERT
930,1771341620.7790303,116,ALERT
931,1771341620.7982144,110,ALERT
932,1771341620.822016,126,CRITICAL
933,1771341620.8433073,122,CRITICAL
934,1771341620.8571253,112,ALERT
935,1771341620.8734963,123,CRITICAL
936,1771341620.8940554,129,CRITICAL
937,1771341620.9184077,130,CRITICAL
938,1771341620.9423473,115,ALERT
939,1771341620.9651642,120,ALERT
940,1771341620.984564,118,ALERT
941,1771341621.0097582,84,NORMAL
942,1771341621.0341847,114,ALERT
943,1771341621.0541222,122,CRITICAL
944,1771341621.0766766,116,ALERT
945,1771341621.098051,124,CRITICAL
946,1771341621.119805,112,ALERT
947,1771341621.1391983,123,CRITICAL
948,1771341621.159697,118,ALERT
949,1771341621.1839354,112,ALERT
950,1771341621.2085512,126,CRITICAL
951,1771341621.23038,128,CRITICAL
952,1771341621.2520487,118,ALERT
953,1771341621.2724085,112,ALERT
954,1771341621.2956016,118,ALERT
955,1771341621.319471,123,CRITICAL
956,1771341621.341654,115,ALERT
957,1771341621.3615503,127,CRITICAL
958,1771341621.381554,121,CRITICAL
959,1771341621.4033813,112,ALERT
960,1771341621.4252896,121,CRITICAL
961,1771341621.4483669,129,CRITICAL
962,1771341621.4691572,124,CRITICAL
963,1771341621.4903524,123,CRITICAL
964,1771341621.512473,111,ALERT
965,1771341621.536707,121,CRITICAL
966,1771341621.5575576,130,CRITICAL
967,1771341621.579608,111,ALERT
968,1771341621.604424,121,CRITICAL
969,1771341621.6239326,115,ALERT
970,1771341621.6487164,121,CRITICAL
971,1771341621.6719885,119,ALERT
972,1771341621.694032,126,CRITICAL
973,1771341621.7187855,120,ALERT
974,1771341621.7425575,122,CRITICAL
975,1771341621.7638774,120,ALERT
976,1771341621.784552,115,ALERT
977,1771341621.8050034,124,CRITICAL
978,1771341621.8292239,127,CRITICAL
979,1771341621.851893,111,ALERT
980,1771341621.8730893,114,ALERT
981,1771341621.895001,125,CRITICAL
982,1771341621.9102452,126,CRITICAL
983,1771341621.933217,110,ALERT
984,1771341621.9595697,121,CRITICAL
985,1771341621.9809124,120,ALERT
986,1771341622.0032322,121,CRITICAL
987,1771341622.0233414,113,ALERT
988,1771341622.0412846,124,CRITICAL
989,1771341622.0646696,116,ALERT
990,1771341622.0868974,121,CRITICAL
991,1771341622.1103745,122,CRITICAL
992,1771341622.1341257,113,ALERT
993,1771341622.15646,122,CRITICAL
994,1771341622.1787245,128,CRITICAL
995,1771341622.2006712,130,CRITICAL
996,1771341622.2244,126,CRITICAL
997,1771341622.2462692,110,ALERT
998,1771341622.2679157,128,CRITICAL
999,1771341622.2895958,115,ALERT
1000,1771341622.3127432,112,ALERT
1001,1771341622.3329933,127,CRITICAL
1002,1771341622.3557227,128,CRITICAL
1003,1771341622.3784006,113,ALERT
1004,1771341622.4014454,117,ALERT
1005,1771341622.422873,113,ALERT
1006,1771341622.437506,118,ALERT
1007,1771341622.4585178,124,CRITICAL
1008,1771341622.4811592,114,ALERT
1009,1771341622.5007246,114,ALERT
1010,1771341622.5242796,115,ALERT
1011,1771341622.544455,126,CRITICAL
1012,1771341622.5663214,118,ALERT
1013,1771341622.5873961,129,CRITICAL
1014,1771341622.6087482,124,CRITICAL
1015,1771341622.6308448,115,ALERT
1016,1771341622.6539934,110,ALERT
1017,1771341622.676789,129,CRITICAL
1018,1771341622.6991916,129,CRITICAL
1019,1771341622.7202592,116,ALERT
1020,1771341622.7436836,121,CRITICAL
1021,1771341622.7716808,126,CRITICAL
1022,1771341622.7952847,126,CRITICAL
1023,1771341622.811709,110,ALERT
1024,1771341622.8333824,124,CRITICAL
1025,1771341622.8568351,121,CRITICAL
1026,1771341622.8787782,117,ALERT
1027,1771341622.896175,125,CRITICAL
1028,1771341622.919683,122,CRITICAL
1029,1771341622.9393103,120,ALERT
1030,1771341622.9559324,130,CRITICAL
1031,1771341622.978515,124,CRITICAL
1032,1771341623.0033424,112,ALERT
1033,1771341623.028175,122,CRITICAL
1034,1771341623.0513902,116,ALERT
1035,1771341623.0752106,115,ALERT
1036,1771341623.0972183,128,CRITICAL
1037,1771341623.118354,117,ALERT
1038,1771341623.1401424,117,ALERT
1039,1771341623.1649718,118,ALERT
1040,1771341623.1855898,128,CRITICAL
1041,1771341623.2076027,111,ALERT
1042,1771341623.2312315,124,CRITICAL
1043,1771341623.2529502,119,ALERT
1044,1771341623.2785652,121,CRITICAL
1045,1771341623.3018422,116,ALERT
1046,1771341623.3226094,116,ALERT
1047,1771341621.7976663,120,ALERT
1048,1771341621.8174546,111,ALERT
1049,1771341621.8356357,126,CRITICAL
1050,1771341621.8594546,111,ALERT
1051,1771341621.8819284,110,ALERT
1052,1771341621.9067533,120,ALERT
1053,1771341621.9270635,127,CRITICAL
1054,1771341621.9516544,124,CRITICAL
1055,1771341621.9740763,123,CRITICAL
1056,1771341621.9975538,122,CRITICAL
1057,1771341622.021472,115,ALERT
1058,1771341622.044776,127,CRITICAL
1059,1771341622.0701685,110,ALERT
1060,1771341622.092377,115,ALERT
1061,1771341622.1168,110,ALERT
1062,1771341622.1378205,111,ALERT
1063,1771341622.1559782,127,CRITICAL
1064,1771341622.176853,129,CRITICAL
1065,1771341622.199739,121,CRITICAL
1066,1771341622.2212427,123,CRITICAL
1067,1771341622.245722,124,CRITICAL
1068,1771341622.2677925,118,ALERT
1069,1771341622.2845948,126,CRITICAL
1070,1771341622.3057182,128,CRITICAL
1071,1771341622.3264608,126,CRITICAL
1072,1771341622.3491662,112,ALERT
1073,1771341622.3725686,116,ALERT
1074,1771341622.3938282,112,ALERT
1075,1771341622.4146864,130,CRITICAL
1076,1771341622.430829,112,ALERT
1077,1771341622.4559865,123,CRITICAL
1078,1771341622.47959,129,CRITICAL
1079,1771341622.4952047,130,CRITICAL
1080,1771341622.516309,110,ALERT
1081,1771341622.5388513,121,CRITICAL
1082,1771341622.5634036,128,CRITICAL
1083,1771341622.5860407,116,ALERT
1084,1771341622.6097772,128,CRITICAL
1085,1771341622.630877,116,ALERT
1086,1771341622.651327,124,CRITICAL
1087,1771341622.676046,125,CRITICAL
1088,1771341622.6964567,114,ALERT
1089,1771341622.7158232,127,CRITICAL
1090,1771341622.7335367,119,ALERT
1091,1771341622.7524312,117,ALERT
1092,1771341622.7749472,121,CRITICAL
1093,1771341622.795421,110,ALERT
1094,1771341622.8162143,110,ALERT
1095,1771341622.8363366,130,CRITICAL
1096,1771341622.8561423,119,ALERT
1097,1771341622.8784597,110,ALERT
1098,1771341622.9046144,122,CRITICAL
1099,1771341622.9264593,125,CRITICAL
1100,1771341622.9423547,130,CRITICAL
1101,1771341622.9654086,113,ALERT
1102,1771341622.9861472,110,ALERT
1103,1771341623.0072021,112,ALERT
1104,1771341623.0334532,130,CRITICAL
1105,1771341623.0551198,127,CRITICAL
1106,1771341623.0778608,124,CRITICAL
1107,1771341623.097428,115,ALERT
1108,1771341623.1185098,112,ALERT
1109,1771341623.139281,129,CRITICAL
1110,1771341623.1595907,113,ALERT
1111,1771341623.1783204,129,CRITICAL
1112,1771341623.1999938,113,ALERT
1113,1771341623.2218745,111,ALERT
1114,1771341623.2454858,125,CRITICAL
1115,1771341623.2700567,127,CRITICAL
1116,1771341623.2919495,126,CRITICAL
1117,1771341623.3085034,115,ALERT
1118,1771341623.3271441,117,ALERT
1119,1771341623.3407648,118,ALERT
1120,1771341623.3587523,111,ALERT
1121,1771341623.3769076,111,ALERT
1122,1771341623.3989773,122,CRITICAL
1123,1771341623.4194736,115,ALERT
1124,1771341623.4429684,119,ALERT
1125,1771341623.4564178,125,CRITICAL
1126,1771341623.476279,116,ALERT
1127,1771341623.4949567,119,ALERT
1128,1771341623.5143368,124,CRITICAL
1129,1771341623.5386798,119,ALERT
1130,1771341623.5635426,120,ALERT
1131,1771341623.5921638,115,ALERT
1132,1771341623.6178162,129,CRITICAL
1133,1771341623.6346,121,CRITICAL
1134,1771341623.6561625,116,ALERT
1135,1771341623.6807299,111,ALERT
1136,1771341623.7050664,115,ALERT
1137,1771341623.7267463,110,ALERT
1138,1771341623.7508821,112,ALERT
1139,1771341623.7723796,126,CRITICAL
1140,1771341623.792325,118,ALERT
1141,1771341623.8158941,113,ALERT
1142,1771341623.8389654,111,ALERT
1143,1771341623.8613849,123,CRITICAL
1144,1771341623.8858452,112,ALERT
1145,1771341623.9087043,115,ALERT
1146,1771341623.9313037,114,ALERT
1147,1771341623.9513123,125,CRITICAL
1148,1771341623.9663382,113,ALERT
1149,1771341623.9868367,125,CRITICAL
1150,1771341624.0066366,111,ALERT
1151,1771341624.0255985,121,CRITICAL
1152,1771341624.0480342,110,ALERT
1153,1771341624.0713122,111,ALERT
1154,1771341624.0950263,117,ALERT
1155,1771341624.1179783,116,ALERT
1156,1771341624.139608,116,ALERT
1157,1771341624.1618543,126,CRITICAL
1158,1771341624.1865358,127,CRITICAL
1159,1771341624.2085347,130,CRITICAL
1160,1771341624.2330027,118,ALERT
1161,1771341624.2558951,118,ALERT
1162,1771341624.278907,122,CRITICAL
1163,1771341624.303443,115,ALERT
1164,1771341624.3198948,111,ALERT
1165,1771341624.3409755,113,ALERT
1166,1771341624.3610017,112,ALERT
1167,1771341624.3824842,124,CRITICAL
1168,1771341624.4067388,110,ALERT
1169,1771341624.4283018,122,CRITICAL
1170,1771341624.4494405,113,ALERT
1171,1771341624.468985,113,ALERT
1172,1771341624.483036,125,CRITICAL
1173,1771341624.5130107,125,CRITICAL
1174,1771341624.5353048,127,CRITICAL
1175,1771341624.5590658,115,ALERT
1176,1771341624.579514,130,CRITICAL
1177,1771341624.6023571,113,ALERT
1178,1771341624.62793,113,ALERT
1179,1771341624.650147,112,ALERT
1180,1771341624.67324,113,ALERT
1181,1771341624.69422,116,ALERT
1182,1771341624.7143195,124,CRITICAL
1183,1771341624.7312973,122,CRITICAL
1184,1771341624.7518904,125,CRITICAL
1185,1771341624.7736914,127,CRITICAL
1186,1771341624.7962584,129,CRITICAL
1187,1771341624.8173459,110,ALERT
1188,1771341624.837479,115,ALERT
1189,1771341624.8568509,129,CRITICAL
1190,1771341624.8809948,124,CRITICAL
1191,1771341624.9087234,123,CRITICAL
1192,1771341624.9315796,125,CRITICAL
1193,1771341624.9539623,125,CRITICAL
1194,1771341624.9738686,129,CRITICAL
1195,1771341624.9923275,118,ALERT
1196,1771341625.0145128,130,CRITICAL
1197,1771341625.0380235,125,CRITICAL
1198,1771341625.0594883,115,ALERT
1199,1771341625.0820122,128,CRITICAL
1200,1771341625.107197,123,CRITICAL
1201,1771341625.1252058,122,CRITICAL
1202,1771341625.1456573,121,CRITICAL
1203,1771341625.1671283,127,CRITICAL
1204,1771341625.1888216,126,CRITICAL
1205,1771341625.21151,130,CRITICAL
1206,1771341625.2354882,114,ALERT
1207,1771341625.2633476,111,ALERT
1208,1771341625.2852426,121,CRITICAL
1209,1771341625.3061237,111,ALERT
1210,1771341625.3301148,123,CRITICAL
1211,1771341625.345867,116,ALERT
1212,1771341625.3705049,127,CRITICAL
1213,1771341625.393884,120,ALERT
1214,1771341625.4162197,125,CRITICAL
1215,1771341625.4414275,116,ALERT
1216,1771341625.4650908,112,ALERT
1217,1771341625.48446,110,ALERT
1218,1771341625.5007017,122,CRITICAL
1219,1771341625.516632,111,ALERT
1220,1771341625.534842,127,CRITICAL
1221,1771341625.5573707,122,CRITICAL
1222,1771341625.5798419,129,CRITICAL
1223,1771341625.6044514,130,CRITICAL
1224,1771341625.625394,112,ALERT
1225,1771341625.6476557,110,ALERT
1226,1771341625.6713893,111,ALERT
1227,1771341625.69523,114,ALERT
1228,1771341625.7178283,113,ALERT
1229,1771341625.7419775,118,ALERT
1230,1771341625.7670755,128,CRITICAL
1231,1771341625.7913697,119,ALERT
1232,1771341625.8139782,130,CRITICAL
1233,1771341625.8309338,115,ALERT
1234,1771341625.8526115,117,ALERT
1235,1771341625.8763955,123,CRITICAL
1236,1771341625.8990543,114,ALERT
1237,1771341625.9199805,115,ALERT
1238,1771341625.9405808,117,ALERT
1239,1771341625.9575176,126,CRITICAL
1240,1771341625.9748445,118,ALERT
1241,1771341625.9912364,124,CRITICAL
1242,1771341626.0097876,114,ALERT
1243,1771341626.0300825,119,ALERT
1244,1771341626.0453444,120,ALERT
1245,1771341626.0601087,66,NORMAL
1246,1771341626.0745976,113,ALERT
1247,1771341626.0900311,122,CRITICAL
1248,1771341626.1042185,114,ALERT
1249,1771341626.12066,128,CRITICAL
1250,1771341626.1354296,119,ALERT
1251,1771341626.1528544,124,CRITICAL
1252,1771341626.1697898,115,ALERT
1253,1771341626.195173,117,ALERT
1254,1771341626.215927,112,ALERT
1255,1771341626.2334676,123,CRITICAL
1256,1771341626.2488372,111,ALERT
1257,1771341626.266882,120,ALERT
1258,1771341626.2850251,115,ALERT
1259,1771341626.3029652,128,CRITICAL
1260,1771341626.3210082,123,CRITICAL
1261,1771341626.3370786,130,CRITICAL
1262,1771341626.354218,120,ALERT
1263,1771341626.3703997,114,ALERT
1264,1771341626.3900452,114,ALERT
1265,1771341626.4050045,116,ALERT
1266,1771341626.424834,112,ALERT
1267,1771341626.4439926,128,CRITICAL
1268,1771341626.4590595,112,ALERT
1269,1771341626.4746282,115,ALERT
1270,1771341626.4936547,117,ALERT
1271,1771341626.5087907,125,CRITICAL
1272,1771341626.5250301,120,ALERT
1273,1771341626.542783,130,CRITICAL
1274,1771341626.558818,123,CRITICAL
1275,1771341626.574259,124,CRITICAL
1276,1771341626.5933156,119,ALERT
1277,1771341626.6071658,126,CRITICAL
1278,1771341626.6241894,127,CRITICAL
1279,1771341626.6391113,110,ALERT
1280,1771341626.65484,116,ALERT
1281,1771341626.6724029,125,CRITICAL
1282,1771341626.686423,128,CRITICAL
1283,1771341626.7002535,129,CRITICAL
1284,1771341626.7139573,127,CRITICAL
1285,1771341626.7285304,117,ALERT
1286,1771341626.745037,128,CRITICAL
1287,1771341626.765916,111,ALERT
1288,1771341626.7866838,128,CRITICAL
1289,1771341626.8073606,119,ALERT
1290,1771341626.8283925,120,ALERT
1291,1771341626.8475218,128,CRITICAL
1292,1771341626.864334,113,ALERT
1293,1771341626.8851178,127,CRITICAL
1294,1771341626.9046733,117,ALERT
1295,1771341626.9233317,118,ALERT
1296,1771341626.9463377,127,CRITICAL
1297,1771341626.9691415,121,CRITICAL
1298,1771341626.9922652,112,ALERT
1299,1771341627.0176158,130,CRITICAL
1300,1771341627.0409865,122,CRITICAL
1301,1771341627.0630066,121,CRITICAL
1302,1771341627.07896,126,CRITICAL
1303,1771341627.1004488,118,ALERT
1304,1771341627.1228623,118,ALERT
1305,1771341627.145899,128,CRITICAL
1306,1771341627.1664941,129,CRITICAL
1307,1771341627.1880615,114,ALERT
1308,1771341627.2092447,111,ALERT
1309,1771341627.2332015,112,ALERT
1310,1771341627.252299,127,CRITICAL
1311,1771341627.27405,121,CRITICAL
1312,1771341627.2962334,129,CRITICAL
1313,1771341627.318062,127,CRITICAL
1314,1771341627.3397522,111,ALERT
1315,1771341627.361768,111,ALERT
1316,1771341627.377355,117,ALERT
1317,1771341627.3988657,123,CRITICAL
1318,1771341627.4205072,111,ALERT
1319,1771341627.4420226,120,ALERT
1320,1771341627.4607587,119,ALERT
1321,1771341627.478612,111,ALERT
1322,1771341627.498824,116,ALERT
1323,1771341627.5163028,115,ALERT
1324,1771341627.538952,127,CRITICAL
1325,1771341627.5598395,116,ALERT
1326,1771341627.580189,114,ALERT
1327,1771341627.5999284,112,ALERT
1328,1771341627.6234517,128,CRITICAL
1329,1771341627.6460445,120,ALERT
1330,1771341627.6719666,128,CRITICAL
1331,1771341627.694452,130,CRITICAL
1332,1771341627.7176955,125,CRITICAL
1333,1771341627.7369275,129,CRITICAL
1334,1771341627.7602506,129,CRITICAL
1335,1771341627.7812676,128,CRITICAL
1336,1771341627.8026266,115,ALERT
1337,1771341627.8223038,125,CRITICAL
1338,1771341627.8394525,115,ALERT
1339,1771341627.8561196,118,ALERT
1340,1771341627.8752344,124,CRITICAL
1341,1771341627.8928792,128,CRITICAL
1342,1771341627.911517,126,CRITICAL
1343,1771341627.932477,130,CRITICAL
1344,1771341627.9554105,121,CRITICAL
1345,1771341627.9771438,126,CRITICAL
1346,1771341627.9986315,114,ALERT
1347,1771341628.019357,116,ALERT
1348,1771341628.0428188,111,ALERT
1349,1771341628.0611243,117,ALERT
1350,1771341628.0836482,121,CRITICAL
1351,1771341628.1052394,111,ALERT
1352,1771341628.1199524,119,ALERT
1353,1771341628.1423054,117,ALERT
1354,1771341628.1627932,116,ALERT
1355,1771341628.188202,123,CRITICAL
1356,1771341628.21159,119,ALERT
1357,1771341628.2363596,120,ALERT
1358,1771341628.2594028,110,ALERT
